dossierid,lat,lon,dist_m,value_schilling,in_kind_share,n_docs
HGB_1_001_004,47.5493,7.59196,933.7635452961542,,,1
HGB_1_001_005,47.549397,7.592148,927.0728975983077,1005.0,0.11458333333333333,17
HGB_1_001_022,47.553236,7.592621,547.1880032261414,550.0,0.0,7
HGB_1_001_027,47.550545,7.593196,833.1651181741166,1204.0,0.0,10
HGB_1_001_028,47.550463,7.593097,838.6668519925043,150.0,0.0,5
HGB_1_001_029,47.550381,7.592998,844.2970715668074,1260.0,0.08333333333333333,6
HGB_1_001_034,47.550135,7.592561,858.1698456978952,1464.0,0.0,6
HGB_1_001_036,47.550035,7.592486,866.9011438739244,1232.5,0.0,8
HGB_1_001_038,47.549925,7.592308,874.3686654568457,442.5,0.0,3
HGB_1_001_039,47.549631,7.591616,891.6820906252798,52.5,0.16666666666666666,2
HGB_1_001_040,47.549472,7.59107,900.1493326911891,2037.0,0.25,2
HGB_1_002_016,47.553604,7.592362,502.2700680031205,828.0,0.0,2
HGB_1_002_017,47.552549,7.593475,646.2227882619152,,,4
HGB_1_002_018,47.552508,7.593384,646.3392608353198,1180.0,0.0,2
HGB_1_002_021,47.553779,7.59232,484.1417818335247,1580.0,0.0,3
HGB_1_002_022,47.553834,7.592463,485.1064983509955,9150.0,0.0,11
HGB_1_002_023,47.553712,7.592362,492.1265367317323,2420.0,0.0,27
HGB_1_002_024,47.553614,7.592476,505.9185921401586,262.0,0.0,32
HGB_1_002_025,47.553517,7.592579,519.2282536350532,150.0,0.07303921568627451,43
HGB_1_002_026,47.55346,7.592641,527.1004532615865,76.0,0.013333333333333332,25
HGB_1_002_027,47.553394,7.592712,536.1442833848075,200.0,0.0,46
HGB_1_002_028,47.553289,7.592816,550.2155034873798,1455.25,0.019230769230769232,37
HGB_1_002_029,47.553342,7.592764,543.1798919296207,3630.0,0.125,2
HGB_1_002_030,47.553148,7.592939,568.352165198757,7459.5,0.0,2
HGB_1_002_031,47.553183,7.592908,563.8178568684447,2100.0,0.0,8
HGB_1_002_032,47.553148,7.592939,568.352165198757,486.5,0.009523809523809525,23
HGB_1_002_033,47.553183,7.592908,563.8178568684447,23.0,0.009199134199134198,52
HGB_1_002_035,47.553123,7.592959,571.5686175571041,450.0,0.11538461538461539,20
HGB_1_002_036,47.553046,7.59302,581.2187228103968,863.0,0.090625,26
HGB_1_002_037,47.553007,7.593057,586.3298192909702,100.0,0.0,40
HGB_1_002_038,47.552969,7.593081,590.8890948259835,897.5,0.0,16
HGB_1_002_039,47.55293,7.593109,595.6978146155342,200.0,0.0,24
HGB_1_002_040,47.552893,7.593138,600.3265831314129,867.875,0.0,22
HGB_1_002_045,47.552835,7.593193,608.0208259153756,103.0,0.0,32
HGB_1_002_046,47.552792,7.59323,613.5373617426977,386.5,0.10512820512820513,36
HGB_1_002_047,47.552752,7.593266,618.6779164904077,40.0,0.015517241379310345,35
HGB_1_002_048,47.552702,7.593312,625.2536258123193,1260.0,0.0,17
HGB_1_002_049,47.552642,7.593362,632.8812967886435,1320.5,0.0375,24
HGB_1_002_050,47.552592,7.593406,639.3462005329477,336.5,0.08425324675324676,30
HGB_1_002_051,47.552485,7.593503,653.2651243108211,93.0,0.0,17
HGB_1_002_052,47.552447,7.593538,658.2957351625632,230.0,0.011666666666666665,61
HGB_1_002_053,47.55242,7.593572,662.1996059826059,1267.3333333333333,0.03888888888888888,23
HGB_1_002_054,47.552391,7.59361,666.4935857259572,430.0,0.13888888888888887,21
HGB_1_002_055,47.552307,7.593711,678.4816722510593,9000.0,0.0,16
HGB_1_002_056,47.552328,7.593686,675.4844199989149,18000.0,0.0,5
HGB_1_002_057,47.552285,7.593739,681.6631364293474,24000.0,0.0,4
HGB_1_002_058,47.552307,7.593711,678.4816722510593,44.5,0.3108974358974359,16
HGB_1_002_059,47.552307,7.593711,678.4816722510593,6012.0,0.0,2
HGB_1_002_060,47.552307,7.593711,678.4816722510593,7504.0,0.0,7
HGB_1_002_061,47.552307,7.593711,678.4816722510593,636.5,0.0,3
HGB_1_002_062,47.552307,7.593711,678.4816722510593,15720.0,0.0,2
HGB_1_002_063,47.55222,7.593824,691.2094742401817,17050.0,0.0,3
HGB_1_002_064,47.552198,7.59386,694.6830938416884,765.0,0.0,17
HGB_1_002_065,47.552177,7.593896,698.157967531547,46520.0,0.0,3
HGB_1_002_067,47.552146,7.593942,702.989202279804,18000.0,0.0,7
HGB_1_002_068,47.552118,7.59398,707.0995708692578,,,2
HGB_1_002_069,47.552083,7.594031,712.5048200241115,36.666666666666664,0.0,6
HGB_1_002_070,47.552089,7.594018,711.4191426862213,,,1
HGB_1_002_071,47.552042,7.594096,718.9982166878339,,,3
HGB_1_002_072,47.552098,7.59424,719.9321908550165,191.5,0.0,16
HGB_1_002_073,47.55201,7.594146,724.0071698142723,43500.0,0.0,10
HGB_1_002_074,47.552025,7.594339,730.830504400745,21.0,0.0,1
HGB_1_002_075,47.552065,7.594057,715.2079895738985,,,1
HGB_1_002_076,47.551973,7.594205,729.9155408793215,980.0,0.0,29
HGB_1_002_077,47.551892,7.59432,742.2358936699446,8526.5,0.0,5
HGB_1_002_078,47.551849,7.594383,748.8379212451044,1725.0,0.0,5
HGB_1_002_079,47.551871,7.594351,745.5366452819419,331.25,0.0,26
HGB_1_002_080,47.551849,7.594383,748.8379212451044,23.0,0.0,17
HGB_1_002_081,47.551796,7.594461,757.0456298346949,1651.25,0.0,22
HGB_1_002_083,47.551686,7.59466,775.602405439621,745.0,0.0,23
HGB_1_002_085,47.553564,7.59225,501.5248806255273,128.0,0.17777777777777778,44
HGB_1_002_086,47.553474,7.592366,514.6570718865923,330.0,0.06899641577060932,51
HGB_1_002_087,47.553414,7.592438,523.2306820772008,20.0,0.09801071943929086,85
HGB_1_002_089,47.553323,7.592541,535.8154829914107,80.0,0.011904761904761904,32
HGB_1_002_090,47.553278,7.592584,541.7894130748538,1080.0,0.0807017543859649,25
HGB_1_002_091,47.553236,7.592621,547.1880032261414,104.5,0.024509803921568624,40
HGB_1_002_092,47.553198,7.592661,552.4238299435514,90.0,0.12546661060406947,79
HGB_1_002_093,47.553159,7.592694,557.4062889897677,450.0,0.03125,21
HGB_1_002_095,47.553091,7.592756,566.2696752403406,2182.0,0.04206349206349206,31
HGB_1_002_096,47.55302,7.592819,575.4760080494393,191.0,0.017857142857142856,38
HGB_1_002_097,47.552959,7.592866,583.1734468473063,17.25,0.01059322033898305,131
HGB_1_002_098,47.552861,7.592951,595.7226237027469,50.0,0.14114774114774115,97
HGB_1_002_099,47.5529,7.592911,590.4922315492747,2562.0,0.20238095238095236,27
HGB_1_002_100,47.552796,7.592931,601.1489031765858,1350.0,0.1875,15
HGB_1_002_101,47.552773,7.592983,605.3973817541307,7.0,0.0,9
HGB_1_002_102,47.552745,7.59302,609.5079175534562,11.0,0.0,22
HGB_1_002_103,47.552759,7.593001,607.4525423185005,50.0,0.05218332392245436,53
HGB_1_002_104,47.552707,7.593052,614.3880480703111,37.5,0.19333333333333333,32
HGB_1_002_105,47.552665,7.593091,619.8446361503997,190.0,0.04716117216117217,28
HGB_1_002_106,47.552615,7.593142,626.5926428759826,1222.5,0.06403061224489795,33
HGB_1_002_107,47.552563,7.5932,633.8274756547157,115.0,0.0,28
HGB_1_002_108,47.552513,7.593242,640.232342393658,1120.0,0.014285714285714287,20
HGB_1_002_109,47.552474,7.593296,646.0585519972736,40.0,0.02247327502429543,54
HGB_1_002_110,47.552364,7.593412,660.9668171467115,111.5,0.0,35
HGB_1_002_111,47.552231,7.593558,679.3571980565598,23.0,0.0125,17
HGB_1_002_112,47.552282,7.593503,672.38801515173,120.0,0.1518898508898509,88
HGB_1_002_113,47.552198,7.593593,683.9095235488862,37.5,0.041666666666666664,26
HGB_1_002_114,47.552214,7.593576,681.6803479812553,30.0,0.031746031746031744,23
HGB_1_002_115,47.552149,7.593644,690.597163523558,1735.25,0.04642857142857143,18
HGB_1_002_116,47.552071,7.593735,701.5483069031858,750.0,0.22916666666666666,35
HGB_1_002_117,47.55197,7.593877,716.7432579424819,2334.5,0.13111111111111112,13
HGB_1_002_118,47.551951,7.59391,719.8775692290614,11.75,0.265625,35
HGB_1_002_119,47.551931,7.593943,723.0131648978205,,,2
HGB_1_002_120,47.551887,7.594017,730.1412656957056,44.0,0.09347826086956522,28
HGB_1_002_121,47.551848,7.594075,736.1340257190566,126.0,0.03623188405797101,28
HGB_1_002_122,47.551806,7.594138,742.719759611049,30.0,0.029017857142857144,41
HGB_1_002_123,47.551761,7.59421,749.8325678568344,100.0,0.023809523809523808,18
HGB_1_002_124,47.551725,7.594264,755.3407154572071,70.0,0.0,10
HGB_1_002_125,47.551708,7.594289,757.9959748076964,6021.0,0.0,4
HGB_1_002_126,47.551691,7.594315,760.6516960942913,3600.0,0.0,15
HGB_1_002_127,47.551658,7.594359,765.5480126096077,46.0,0.0,10
HGB_1_002_128,47.551642,7.594374,767.6526041003923,92.0,0.0,23
HGB_1_002_129,47.551626,7.59439,769.7571958607285,92.0,0.0,18
HGB_1_002_130,47.551586,7.594446,775.826893461024,4570.0,0.0,3
HGB_1_002_131,47.551556,7.594485,780.1805812263158,2520.0,0.015873015873015872,15
HGB_1_002_132,47.551526,7.594523,784.5346962791349,10550.0,0.0,6
HGB_1_002_133,47.5515,7.594759,796.8495789739821,40.0,0.0,7
HGB_1_004_005,47.552252,7.60009,1026.3973961365468,,,1
HGB_1_005_005,47.55172,7.596848,877.1460625631944,120.0,0.0,2
HGB_1_005_006,47.55468,7.594621,534.2050266664536,,,7
HGB_1_005_007,47.552253,7.599411,984.4152254525115,,,1
HGB_1_005_008,47.552322,7.600412,1042.359366508758,400.0,0.0,13
HGB_1_005_010,47.55405,7.592367,461.3113394139579,20.0,0.0,4
HGB_1_005_014,47.553872,7.592564,486.00344602867284,2012.5,0.0,4
HGB_1_005_015,47.553977,7.592868,490.6121491203511,15650.0,0.009090909090909092,32
HGB_1_005_016,47.554062,7.593137,496.3937092744316,2500.0,0.0,28
HGB_1_005_017,47.554105,7.593305,501.259173882985,600.0,0.0,24
HGB_1_005_018,47.554133,7.593404,504.0865291242635,1.0,0.0,13
HGB_1_005_021,47.554173,7.593532,507.6242886492763,260.0,0.6666666666666666,6
HGB_1_005_022,47.554202,7.593597,508.82110981871085,6040.0,0.0,9
HGB_1_005_023,47.554231,7.593663,510.083067702318,1380.0,0.0,4
HGB_1_005_025,47.554192,7.593918,526.994652911889,6000.0,0.0,27
HGB_1_005_026,47.554398,7.59419,527.3041410816686,6.0,0.0,6
HGB_1_005_028,47.554442,7.594324,532.0584933206273,600.0,0.0,12
HGB_1_005_030,47.554586,7.594727,546.7614952075219,157.5,0.0,19
HGB_1_006_004,47.554134,7.601337,1012.5690713157534,,,1
HGB_1_006_006,47.553672,7.602455,1109.7356576402606,60.0,0.0,2
HGB_1_006_007,47.553906,7.602054,1072.1013068235216,240.0,0.0,1
HGB_1_006_010,47.554294,7.60135,1007.1798057417009,2.0,0.39385342789598105,60
HGB_1_006_012,47.554403,7.601279,998.0390230306119,10.0,0.14285714285714285,18
HGB_1_008_008,47.554054,7.603275,1152.718271785263,7.0,0.10340136054421768,81
HGB_1_008_009,47.554054,7.603275,1152.718271785263,20.0,0.0,4
HGB_1_008_011,47.554054,7.603275,1152.718271785263,,,1
HGB_1_008_014,47.554144,7.603383,1157.1651990294245,12.5,0.5625,13
HGB_1_008_015,47.554063,7.603396,1160.9979324651047,340.0,0.4666666666666666,4
HGB_1_008_016,47.554132,7.603286,1150.6955411157444,,,1
HGB_1_008_017,47.554798,7.601426,994.7131946880511,4.5,0.44030303030303025,73
HGB_1_008_018,47.554932,7.602908,1097.9858216718096,,,2
HGB_1_008_019,47.554881,7.603159,1117.7548054920683,96.0,0.06818181818181818,28
HGB_1_008_020,47.554894,7.603096,1112.8125112165574,10.0,0.3333333333333333,7
HGB_1_008_021,47.554968,7.603177,1116.6353659370309,1061.75,0.225,3
HGB_1_008_022,47.554881,7.603159,1117.7548054920683,712.5,0.2708333333333333,5
HGB_1_008_024,47.554903,7.603397,1134.4551391897085,3877.5,0.5958333333333333,88
HGB_1_008_025,47.555014,7.603525,1140.8280606337457,1350.0,0.38333333333333336,14
HGB_1_008_026,47.554829,7.603452,1140.5582867151768,4.333333333333333,0.20294117647058824,38
HGB_1_008_027,47.554856,7.603431,1138.20491801146,96.5,0.22333333333333333,7
HGB_1_008_028,47.554809,7.603462,1141.8288553875216,560.5000000000001,0.1,4
HGB_1_008_029,47.554816,7.60375,1162.622004682867,,,1
HGB_1_008_030,47.555023,7.603715,1154.494992158467,56.5,0.025976800976800978,46
HGB_1_008_031,47.554737,7.603511,1147.4431129575914,125.0,0.09791182995408347,91
HGB_1_008_032,47.554737,7.603511,1147.4431129575914,6.0,0.0,3
HGB_1_008_033,47.554723,7.603174,1123.3631083406885,410.0,0.2064814814814815,31
HGB_1_008_034,47.554407,7.603224,1136.8553557422897,65.0,0.10676847662141781,68
HGB_1_008_035,47.554419,7.603535,1158.849183911032,24.5,0.1240251811680383,77
HGB_1_008_036,47.554193,7.604003,1199.9300593557482,242.0,0.0,1
HGB_1_008_037,47.553993,7.604037,1209.193027111582,640.0,0.0,1
HGB_1_008_038,47.553756,7.604042,1218.116124966011,8.0,0.46888888888888886,16
HGB_1_008_040,47.553498,7.603602,1197.0901214290157,0.5,0.0303030303030303,25
HGB_1_008_041,47.554705,7.601427,997.9268784353711,5.041666666666667,0.3926767676767677,84
HGB_1_008_042,47.554543,7.601497,1008.4965357349112,17.25,0.4018518518518518,59
HGB_1_008_043,47.554735,7.601572,1007.3099043599186,1.75,0.0,39
HGB_1_008_044,47.554808,7.601873,1026.6158887959791,1.5,0.09848484848484848,28
HGB_1_008_045,47.554817,7.602005,1035.8825711671104,3.0,0.02631578947368421,42
HGB_1_008_046,47.554815,7.601972,1033.5646667713759,11.25,0.05434782608695652,24
HGB_1_008_047,47.554818,7.602038,1038.261377033294,1.0,0.22435897435897434,17
HGB_1_008_048,47.554823,7.602139,1045.4023031569552,3.5,0.07246376811594202,24
HGB_1_008_049,47.554833,7.602307,1057.2927422522296,10.25,0.07393162393162392,32
HGB_1_008_050,47.554841,7.602479,1069.467967650908,2.0,0.08888888888888888,32
HGB_1_008_051,47.554844,7.602657,1082.2675794062916,12.0,0.07317073170731707,50
HGB_1_008_053,47.554849,7.602838,1095.328476306042,6.5,0.1090311986863711,33
HGB_1_008_055,47.554845,7.602968,1104.8723102171973,2.0,0.1264367816091954,30
HGB_1_008_056,47.554786,7.603032,1111.201350527732,3.583333333333333,0.15166666666666667,23
HGB_1_008_057,47.554677,7.602978,1110.5722080165542,1.0,0.07063492063492063,23
HGB_1_008_058,47.55443,7.603078,1125.6373041671386,8.583333333333332,0.06970443349753694,33
HGB_1_008_059,47.554568,7.60301,1116.2887547872892,3600.0,0.0,2
HGB_1_008_062,47.553973,7.603101,1143.2870079169918,12.0,0.14285714285714285,9
HGB_1_008_064,47.553889,7.603525,1176.4916357264428,6.0,0.09851190476190476,38
HGB_1_008_066,47.553594,7.603353,1175.722014997544,205.0,0.25925925925925924,32
HGB_1_008_068,47.553567,7.602917,1146.3157035664387,9700.0,0.0,3
HGB_1_008_069,47.553584,7.602725,1132.2252967909606,,,1
HGB_1_009_001,47.556166,7.594363,441.96222063725656,,,3
HGB_1_010_015,47.554392,7.597888,763.0428698278948,,,4
HGB_1_010_016,47.553315,7.603141,1172.6133824481649,,,4
HGB_1_010_017,47.554195,7.598838,836.9698116166625,,,1
HGB_1_010_018,47.554256,7.59842,805.667076801715,5.0,0.0,2
HGB_1_010_019,47.554294,7.598365,800.1147240308683,24.0,0.049107142857142856,22
HGB_1_010_021,47.55412,7.599211,865.8967561613663,4.0,0.0,6
HGB_1_010_023,47.554079,7.599399,880.6904405423566,40.0,0.09615384615384616,50
HGB_1_010_025,47.554548,7.596968,693.4055142690205,6114.625,0.0,4
HGB_1_010_027,47.554021,7.599685,902.904999694616,,,11
HGB_1_010_028,47.553822,7.600678,980.1486355752041,3811.0,0.06758241758241758,20
HGB_1_010_029,47.554003,7.59977,909.5538796098174,42.0,0.16666666666666666,4
HGB_1_010_030,47.554791,7.594946,547.7681025781037,15.0,0.0744047619047619,86
HGB_1_010_031,47.554774,7.595083,557.5533165175337,0.25,0.0784313725490196,24
HGB_1_010_032,47.554769,7.595157,562.6023936437609,0.25,0.2037878787878788,27
HGB_1_010_033,47.55476,7.595268,570.1945179333762,60.0,0.03231292517006803,25
HGB_1_010_034,47.554755,7.59534,575.1520963521019,63000.0,0.0,6
HGB_1_010_035,47.55475,7.595413,580.1193230743199,13.166666666666666,0.1763888888888889,29
HGB_1_010_036,47.554744,7.595502,586.2827716403848,0.5,0.26904761904761904,49
HGB_1_010_037,47.554737,7.595593,592.5134182875257,3.833333333333333,0.10353302611367128,37
HGB_1_010_038,47.554731,7.5957,599.8048786548363,63.75,0.4,33
HGB_1_010_039,47.554723,7.595802,606.9462736626596,3.5,0.1342436974789916,38
HGB_1_010_040,47.554715,7.595952,617.2809910424844,25.75,0.03333333333333333,37
HGB_1_010_041,47.554717,7.595915,614.6939337917015,5.833333333333333,0.3333333333333333,1
HGB_1_010_042,47.554717,7.595915,614.6939337917015,7.0,0.0,6
HGB_1_010_043,47.55471,7.596016,621.7690544559813,498.6666666666667,0.3666666666666667,3
HGB_1_010_044,47.55471,7.596016,621.7690544559813,,,2
HGB_1_010_045,47.554717,7.595915,614.6939337917015,12.0,0.2273809523809524,19
HGB_1_010_046,47.55471,7.596016,621.7690544559813,390.0,0.0803030303030303,33
HGB_1_010_047,47.554694,7.596208,635.2652736953039,10.0,0.05276705276705276,50
HGB_1_010_048,47.554699,7.596144,630.761309933745,5.5,0.3,5
HGB_1_010_049,47.554694,7.596208,635.2652736953039,7.5,0.2791666666666667,8
HGB_1_010_050,47.55469,7.596245,637.9298634209573,639.0,0.41428571428571426,9
HGB_1_010_051,47.554676,7.596355,645.9305154410214,19.0,0.15869565217391304,32
HGB_1_010_052,47.554666,7.59644,652.124693106037,3.3333333333333335,0.14444444444444443,39
HGB_1_010_054,47.554643,7.596645,666.9239164463668,0.25,0.0737179487179487,40
HGB_1_010_055,47.554656,7.59658,661.9753312092314,17.5,0.0,24
HGB_1_010_056,47.554865,7.596672,657.7104871207716,35.0,0.05284391534391534,40
HGB_1_010_057,47.554991,7.596724,655.3885937412177,72.0,0.045454545454545456,17
HGB_1_010_058,47.554668,7.596512,656.756258044997,61.0,0.1896551724137931,56
HGB_1_010_059,47.554628,7.596733,673.5848123778732,270.0,0.12936507936507938,27
HGB_1_010_060,47.554622,7.596802,678.5238327419114,4.5,0.040999999999999995,57
HGB_1_010_061,47.554616,7.596855,682.3345184543389,9.0,0.04814814814814815,51
HGB_1_010_062,47.554611,7.596915,686.6867609585755,6.0,0.15911564625850338,38
HGB_1_010_063,47.554615,7.597025,693.8207869825889,85.0,0.12878787878787878,27
HGB_1_010_064,47.554614,7.596998,692.0348829791221,1580.0,0.08333333333333333,3
HGB_1_010_065,47.554618,7.59705,695.3523297971526,349.25,0.041666666666666664,5
HGB_1_010_066,47.554625,7.597123,699.9566652868756,0.75,0.11231884057971016,33
HGB_1_010_067,47.55463,7.59718,703.5342136667056,5.0,0.06981132075471698,60
HGB_1_010_068,47.554639,7.597254,708.1498221885614,4.0,0.20252525252525252,42
HGB_1_010_069,47.55465,7.597348,713.8976098461932,2.0,0.12239583333333333,34
HGB_1_010_070,47.554663,7.597432,719.0698745066228,1.75,0.13983739837398373,46
HGB_1_010_071,47.554673,7.597506,723.5796622469485,2.0,0.03446428571428571,46
HGB_1_010_072,47.554634,7.598196,772.745736043927,44.0,0.0923076923076923,44
HGB_1_010_073,47.554634,7.598196,772.745736043927,4.0,0.08333333333333333,7
HGB_1_010_074,47.554496,7.597614,739.413817995991,1260.0,0.07142857142857142,13
HGB_1_010_075,47.554496,7.597614,739.413817995991,50.0,0.09222222222222223,63
HGB_1_010_079,47.554421,7.598002,769.3046062165632,29.0,0.21555555555555556,21
HGB_1_010_080,47.554391,7.598101,777.5143884994748,18.5,0.06524822695035461,51
HGB_1_010_081,47.554374,7.598186,784.1133250343446,6.0,0.11315378610460579,67
HGB_1_010_082,47.554363,7.598243,788.5093465036321,4.0,0.05520833333333333,56
HGB_1_010_083,47.554347,7.598304,793.3756703766622,12.0,0.05952380952380952,21
HGB_1_010_084,47.55433,7.5984,800.7026349894963,24.0,0.0,25
HGB_1_010_085,47.554339,7.598352,797.0388741238885,50.0,0.20833333333333331,32
HGB_1_010_086,47.554306,7.598515,809.7089812875413,40.0,0.11666666666666665,43
HGB_1_010_087,47.5542,7.59907,852.535722267705,,,2
HGB_1_010_088,47.554177,7.59917,860.4074973193843,47200.0,0.0,1
HGB_1_010_101,47.553249,7.603189,1178.8090098593361,300.0,0.0,5
HGB_1_010_102,47.554679,7.594996,557.6611750413224,800.0,0.0,2
HGB_1_010_103,47.554679,7.594996,557.6611750413224,4534.0,0.09615384615384616,24
HGB_1_010_104,47.554675,7.595029,559.9723477864769,3000.0,0.17592592592592593,10
HGB_1_010_106,47.554667,7.595094,564.5996854712441,335.0,0.17857142857142858,25
HGB_1_010_107,47.554659,7.595155,568.9432120633763,13.0,0.11574074074074073,22
HGB_1_010_108,47.554647,7.595239,575.0313666262655,100.0,0.0,28
HGB_1_010_109,47.554637,7.595329,581.3309498461971,1777.5,0.0,16
HGB_1_010_110,47.554624,7.595466,590.8049811498189,3388.5,0.017142857142857144,27
HGB_1_010_111,47.554614,7.595593,599.5713900303003,250.0,0.0,10
HGB_1_010_112,47.554616,7.595561,597.3773000358437,300.0,0.027777777777777776,21
HGB_1_010_113,47.554609,7.595637,602.656434965678,15.0,0.02222222222222222,21
HGB_1_010_114,47.554597,7.59577,611.9289419591306,1261.45,0.010416666666666666,20
HGB_1_010_115,47.554586,7.595891,620.4030629351596,170.0,0.023809523809523808,25
HGB_1_010_116,47.55458,7.596016,628.8390774425151,1082.5,0.0,12
HGB_1_010_117,47.554576,7.596086,633.6260373008256,97.5,0.020454545454545454,26
HGB_1_010_118,47.554572,7.596133,636.9166078435364,15.0,0.015476190476190477,68
HGB_1_010_119,47.554565,7.596194,641.266316836565,45.0,0.04730848861283644,50
HGB_1_010_120,47.554557,7.59629,648.0074369664644,84.0,0.03763440860215053,40
HGB_1_010_121,47.55455,7.596384,654.6100330747123,3.25,0.04555555555555556,41
HGB_1_010_122,47.554517,7.596612,671.3636423645916,30.0,0.0297979797979798,51
HGB_1_010_123,47.554517,7.596612,671.3636423645916,,,2
HGB_1_010_124,47.554495,7.596853,688.5196532884963,2310.0,0.038461538461538464,23
HGB_1_010_125,47.554452,7.597167,711.574747979048,54000.0,0.0,15
HGB_1_010_126,47.554443,7.597235,716.5592860653934,33.75,0.09382716049382715,30
HGB_1_010_127,47.554463,7.597088,705.8047577990136,4510.833333333333,0.0,6
HGB_1_010_128,47.554417,7.597438,731.5312512071936,2.0,0.005347593582887701,37
HGB_1_010_129,47.554397,7.597575,741.7077388565056,10.0,0.32759103641456583,41
HGB_1_010_130,47.55438,7.597681,749.6475980482204,146.0,0.007246376811594202,51
HGB_1_010_131,47.554372,7.597739,753.9610810463479,5470.25,0.0,11
HGB_1_010_132,47.554365,7.597785,757.3900955217111,0.5,0.0,4
HGB_1_010_133,47.554356,7.597837,761.3802561862857,630.0,0.0,19
HGB_1_010_134,47.554345,7.597891,765.5639987388312,3.0,0.0,25
HGB_1_010_135,47.554336,7.597937,769.1096958433734,0.5,0.015625,37
HGB_1_010_136,47.554321,7.598042,776.8744968363864,105.0,0.015873015873015872,28
HGB_1_010_137,47.554189,7.598317,801.9833819569993,2487.0,0.03333333333333333,13
HGB_1_010_138,47.554261,7.598236,792.9852303449111,,,1
HGB_1_010_139,47.554225,7.598523,814.134897238374,2145.5,0.06249999999999999,9
HGB_1_010_140,47.554201,7.598602,820.6742452162043,1434.0,0.08333333333333333,4
HGB_1_010_141,47.554182,7.598691,827.5992524228967,30.0,0.04,9
HGB_1_010_142,47.554164,7.598767,833.5956694511789,30.0,0.09999999999999999,9
HGB_1_010_143,47.554147,7.598877,841.9115997501343,250.0,0.0,12
HGB_1_010_144,47.554112,7.599033,854.1820747675599,96.0,0.19999999999999998,8
HGB_1_010_145,47.55407,7.599229,869.5206903545286,,,1
HGB_1_010_146,47.554044,7.599345,878.5934030956753,6000.0,0.0,5
HGB_1_010_147,47.554031,7.599419,884.3283668256714,6000.0,0.0,3
HGB_1_010_148,47.553995,7.599556,895.3083366224278,,,2
HGB_1_010_150,47.553954,7.599723,908.6668990716502,20.0,0.11916666666666666,53
HGB_1_010_151,47.553907,7.599929,924.8413494128231,6.0,0.41666666666666663,3
HGB_1_010_152,47.553927,7.599827,916.9975528305711,568.0,0.0,1
HGB_1_010_153,47.553907,7.599929,924.8413494128231,3513.5,0.0625,4
HGB_1_010_154,47.553892,7.599998,930.3142336209654,300.0,0.0,8
HGB_1_010_155,47.553859,7.600125,940.5483317333802,,,3
HGB_1_010_156,47.553887,7.600044,933.7138004290433,83.0,0.0,3
HGB_1_010_157,47.553807,7.600443,964.6737811381292,4094.0,0.09365079365079364,20
HGB_1_010_158,47.553778,7.600558,973.8950432396924,476.0,0.07765567765567766,16
HGB_1_010_159,47.553757,7.600652,981.2688473463342,662.0,0.0946078431372549,30
HGB_1_010_160,47.553724,7.60081,993.6547118148741,2105.0,0.12507936507936507,26
HGB_1_010_161,47.55368,7.600992,1008.1405997763978,1045.5,0.10654761904761904,24
HGB_1_010_162,47.553646,7.601159,1021.1727978482988,3.0,0.0,42
HGB_1_010_163,47.553613,7.601308,1032.8615549288486,3.0,0.0,26
HGB_1_010_164,47.553588,7.601452,1043.873628215733,3.0,0.0,26
HGB_1_010_165,47.553554,7.601589,1054.8990630984865,3.0,0.0,26
HGB_1_010_166,47.553512,7.601799,1071.2015807238195,8000.0,0.0,13
HGB_1_010_167,47.553464,7.602025,1088.9003167656886,8000.0,0.0,12
HGB_1_010_168,47.553391,7.602348,1114.4780276986935,2250.8333333333335,0.0,18
HGB_1_010_169,47.553347,7.602545,1129.9842696342316,2501.6666666666665,0.0,18
HGB_1_010_170,47.553287,7.602838,1152.8819197964363,2001.6666666666667,0.0,18
HGB_1_013_004,47.558188,7.586389,199.95234189702583,,,1
HGB_1_013_005,47.558153,7.586461,193.34302984924983,,,1
HGB_1_013_006,47.558087,7.58664,178.1149821399313,25.0,0.10782312925170068,71
HGB_1_013_008,47.558166,7.586032,223.60542465848437,30.0,0.06521739130434782,33
HGB_1_013_011,47.558277,7.586244,214.07701512184514,3161.5,0.0,23
HGB_1_013_012,47.558262,7.586407,202.3654498392532,200.0,0.0435672514619883,64
HGB_1_013_013,47.558256,7.586516,194.81566793871104,20.0,0.16733449477351917,50
HGB_1_013_014,47.55825,7.586585,189.97478410457495,3450.0,0.0,6
HGB_1_014_005,47.557776,7.590522,136.25527821141023,100.0,0.0,3
HGB_1_014_007,47.557716,7.59061,140.84472060246682,420.0,0.0,16
HGB_1_014_008,47.557969,7.59041,136.4177523925669,83.0,0.0,51
HGB_1_014_009,47.557922,7.590463,137.8036695116122,623.5,0.0,4
HGB_1_014_010,47.557891,7.590504,139.23006484142002,473.0,0.0,10
HGB_1_014_011,47.557891,7.590504,139.23006484142002,660.0,0.0,14
HGB_1_014_012,47.557891,7.590504,139.23006484142002,920.0,0.0,3
HGB_1_014_014,47.557829,7.590584,142.4839921038923,125.0,0.0,15
HGB_1_014_015,47.557829,7.590584,142.4839921038923,360.41666666666663,0.0,2
HGB_1_014_016,47.557829,7.590584,142.4839921038923,710.0,0.0,4
HGB_1_014_017,47.557829,7.590584,142.4839921038923,818.0,0.0,9
HGB_1_014_018,47.557829,7.590584,142.4839921038923,200.0,0.0,8
HGB_1_014_019,47.557798,7.590624,144.30247895036493,125.0,0.0,22
HGB_1_014_020,47.557798,7.590624,144.30247895036493,53.0,0.0,21
HGB_1_014_021,47.557798,7.590624,144.30247895036493,212.5,0.0,22
HGB_1_014_023,47.557739,7.590696,147.74831551359316,4520.0,0.0,12
HGB_1_014_024,47.557739,7.590696,147.74831551359316,1040.0,0.0,8
HGB_1_014_025,47.557818,7.590836,160.19843983122107,30.0,0.0,17
HGB_1_014_026,47.557701,7.590735,149.636905455075,1631.25,0.0,19
HGB_1_014_027,47.557666,7.590772,151.63184084346167,300.0,0.0,15
HGB_1_014_029,47.557616,7.590832,155.2514411103775,2440.0,0.0,12
HGB_1_014_030,47.557561,7.590891,158.92129394202095,1260.0,0.0,9
HGB_1_014_031,47.557522,7.590937,161.98754385844464,1.25,0.0,43
HGB_1_014_032,47.557471,7.59099,165.65910798914652,10000.0,0.0,23
HGB_1_014_033,47.557425,7.591033,168.80101423167284,1695.0,0.0,7
HGB_1_014_034,47.55738,7.591076,172.0946651007127,45000.0,0.0,16
HGB_1_014_035,47.557278,7.591151,178.39432416799463,9200.0,0.0,9
HGB_1_014_036,47.557721,7.590463,130.2731591370663,180.0,0.0,14
HGB_1_014_042,47.557461,7.590804,151.61487416842468,500.0,0.0,15
HGB_1_014_044,47.557344,7.590935,161.61217160135382,8674.75,0.0,11
HGB_1_017_005,47.561687,7.591046,504.0121480617174,140.0,0.0,1
HGB_1_017_006,47.561703,7.591096,506.92418913025546,1380.75,0.0,13
HGB_1_017_007,47.56172,7.59105,507.59842582456565,10.0,0.03809523809523809,30
HGB_1_017_008,47.561752,7.591158,513.6732559802091,58.0,0.0,31
HGB_1_017_010,47.561776,7.591249,518.5889194370874,,,1
HGB_1_017_012,47.561667,7.591032,501.4910188921619,200.0,0.0,38
HGB_1_017_013,47.561704,7.591169,508.9700034265395,423.0,0.0196078431372549,18
HGB_1_017_016,47.56173,7.591294,515.025208906832,6.0,0.13958333333333334,9
HGB_1_017_017,47.561738,7.591323,516.6033051094461,6.0,0.25,2
HGB_1_017_018,47.561774,7.591462,524.2754336175644,5.0,0.0,40
HGB_1_018_005,47.554816,7.591828,368.88887147278723,,,3
HGB_1_018_008,47.554959,7.59239,385.0362941895626,1100.0,0.0,7
HGB_1_018_009,47.554867,7.591804,363.27956085560675,40500.0,0.0,10
HGB_1_018_010,47.554868,7.591738,360.1332655785783,755.0,0.0,6
HGB_1_018_011,47.554867,7.591804,363.27956085560675,45.0,0.0,9
HGB_1_018_012,47.554894,7.591885,364.8289201334636,371.5,0.0,5
HGB_1_018_013,47.554974,7.592128,370.18414284587107,740.0,0.0,37
HGB_1_018_016,47.555066,7.592582,387.1945586527012,1.0,0.0,14
HGB_1_018_018,47.555108,7.592736,392.6817383992252,4125.0,0.0,17
HGB_1_018_021,47.555141,7.59284,396.31346722277425,8.75,0.0,24
HGB_1_018_022,47.555168,7.592913,398.68179871227915,2280.0,0.0,16
HGB_1_018_024,47.554718,7.591623,368.32241886442756,100.0,0.05171428571428572,72
HGB_1_018_025,47.554726,7.591656,369.06603605765895,48.0,0.21666666666666665,30
HGB_1_018_026,47.554748,7.591752,371.39399592751846,1120.0,0.0,19
HGB_1_018_028,47.554764,7.591832,373.64221491836827,11.125,0.16458333333333333,57
HGB_1_018_029,47.554774,7.591881,375.00449254017366,1595.0,0.0,16
HGB_1_018_030,47.554732,7.591987,383.67550923579074,20.0,0.3181818181818182,17
HGB_1_018_033,47.554813,7.592097,382.0264268941289,40.0,0.0,21
HGB_1_018_034,47.554793,7.592211,389.2892814623478,750.0,0.0,13
HGB_1_018_035,47.554857,7.592298,388.3974872574885,25.333333333333332,0.12933455433455435,50
HGB_1_018_036,47.55496,7.592673,400.2048203691168,1400.0,0.075,47
HGB_1_018_037,47.555153,7.593144,413.3878350876038,30.0,0.0,23
HGB_1_023_004,47.554657,7.590542,334.2669549854922,,,1
HGB_1_023_005,47.554594,7.590703,345.5652733067593,,,1
HGB_1_023_007,47.554557,7.590819,352.93422318238424,17.5,0.0,12
HGB_1_023_008,47.554541,7.591355,373.78030290123536,30.0,0.07161458333333333,72
HGB_1_023_010,47.554675,7.591357,361.1205475480923,150.0,0.0,31
HGB_1_023_011,47.554648,7.591287,360.90869498946006,28.0,0.0047619047619047615,74
HGB_1_023_012,47.555117,7.59087,300.0813037965399,,,1
HGB_1_023_015,47.55462,7.591155,358.5173088433588,64.0,0.1851851851851852,4
HGB_1_023_016,47.554598,7.591083,358.04701096628327,13.375,0.3125,4
HGB_1_023_019,47.555117,7.59087,300.0813037965399,5.0,0.0,3
HGB_1_023_020,47.554588,7.591041,357.4580340492593,36.5,0.0,4
HGB_1_024_007,47.55469,7.589439,307.3948952366097,20.0,0.0,9
HGB_1_024_008,47.55477,7.589474,299.00502708379224,,,1
HGB_1_024_009,47.554832,7.589265,289.89222559142496,80.0,0.0,2
HGB_1_024_010,47.55466,7.589807,316.1758509184553,90.0,0.0,20
HGB_1_024_011,47.554695,7.589004,303.36111328772773,1.0,0.0,2
HGB_1_024_012,47.555189,7.589098,249.03046603518592,6.0,0.0,79
HGB_1_024_013,47.555115,7.589588,263.1328635481948,4760.0,0.0,15
HGB_1_024_019,47.555115,7.589588,263.1328635481948,4800.0,0.1,6
HGB_1_024_020,47.555115,7.589588,263.1328635481948,106.5,0.1111111111111111,4
HGB_1_024_022,47.55515,7.589713,261.64973891140653,620.0,0.05172413793103448,44
HGB_1_024_024,47.555078,7.589931,274.0861070503175,30.0,0.13958333333333334,20
HGB_1_024_025,47.55505,7.589938,277.1829111824475,45.0,0.08333333333333333,29
HGB_1_024_026,47.55505,7.589938,277.1829111824475,60.0,0.0,5
HGB_1_024_027,47.554698,7.590126,318.8404682848984,,,7
HGB_1_024_028,47.55444,7.588767,331.21545621643907,858.75,0.25,3
HGB_1_024_029,47.554395,7.588759,336.24081442889417,,,1
HGB_1_024_034,47.55444,7.588767,331.21545621643907,10.0,0.0,8
HGB_1_024_035,47.554486,7.588774,326.1755475749598,80.0,0.09285714285714286,51
HGB_1_024_036,47.554517,7.588777,322.6486423519154,9207.0,0.0,2
HGB_1_024_037,47.554581,7.588783,315.59525219483555,28.0,0.07333333333333332,50
HGB_1_024_040,47.554653,7.588789,307.56852923754656,30.0,0.009459459459459458,88
HGB_1_024_042,47.554751,7.588786,296.6862399500148,50.0,0.0,37
HGB_1_024_043,47.554782,7.588783,293.25935802091556,169.0,0.1423661164070371,38
HGB_1_024_045,47.554907,7.588803,279.2800544645033,30.0,0.013580246913580249,35
HGB_1_024_046,47.554967,7.588787,272.69115733179933,1600.0,0.0,20
HGB_1_024_047,47.555033,7.588776,265.28447725220286,42.5,0.11750000000000001,45
HGB_1_024_048,47.555052,7.58877,263.2631317945978,1560.0,0.0,6
HGB_1_024_050,47.555132,7.588748,254.36566269215942,100.0,0.04573643410852713,58
HGB_1_024_051,47.555152,7.588742,252.0747191775593,30.0,0.01937441643323996,107
HGB_1_024_052,47.55497,7.58892,272.4890195242045,6.833333333333334,0.05059523809523809,37
HGB_1_024_053,47.555017,7.588915,267.29449979445195,40.0,0.0837142857142857,29
HGB_1_024_054,47.55497,7.58892,272.4890195242045,34.5,0.018518518518518517,33
HGB_1_024_055,47.555017,7.588915,267.29449979445195,18.416666666666664,0.125,17
HGB_1_024_056,47.554969,7.588945,272.7048359716865,25.0,0.0,6
HGB_1_024_065,47.554962,7.589075,274.0653439358302,25.0,0.0,23
HGB_1_024_066,47.554961,7.589205,275.14895437386843,418.75,0.05902777777777777,33
HGB_1_024_067,47.55496,7.589186,275.0115485633465,799.0,0.0,4
HGB_1_024_068,47.554961,7.589205,275.14895437386843,3.75,0.05555555555555555,9
HGB_1_024_069,47.554961,7.589205,275.14895437386843,21.666666666666664,0.0,8
HGB_1_024_070,47.554961,7.589205,275.14895437386843,295.0,0.031746031746031744,20
HGB_1_024_072,47.555072,7.589166,262.5362627317213,24.0,0.10031635031635032,75
HGB_1_024_073,47.555106,7.589074,258.0828733232253,60.0,0.07291666666666667,40
HGB_1_024_074,47.555137,7.588972,254.15012373738506,34.25,0.10667388167388167,44
HGB_1_024_075,47.555125,7.589243,257.41177506403676,2000.0,0.0,5
HGB_1_024_076,47.555155,7.589156,253.25520872397703,360.0,0.0,40
HGB_1_024_077,47.555169,7.589788,261.2180875507011,200.0,0.014492753623188404,32
HGB_1_024_078,47.554967,7.589956,286.4790927081056,12.5,0.24074074074074073,13
HGB_1_024_079,47.555015,7.58995,281.24604094731575,115.0,0.12249373433583961,45
HGB_1_024_081,47.554166,7.58981,369.7635776985569,31.0,0.0,2
HGB_1_024_082,47.554335,7.58959,348.1306413285238,26.333333333333332,0.0,1
HGB_1_024_083,47.554335,7.58959,348.1306413285238,30.5,0.0,2
HGB_1_024_084,47.554335,7.58959,348.1306413285238,46.66666666666667,0.0,2
HGB_1_024_085,47.554335,7.58959,348.1306413285238,37.5,0.0,2
HGB_1_024_086,47.554335,7.58959,348.1306413285238,26.0,0.0,2
HGB_1_024_087,47.554335,7.58959,348.1306413285238,32.0,0.0,1
HGB_1_024_088,47.554181,7.589711,366.65801927248003,,,1
HGB_1_024_090,47.554321,7.589586,349.6434723458219,360.0,0.0,2
HGB_1_024_101,47.554531,7.58878,321.1362727040427,60.0,0.05900000000000001,26
HGB_1_024_104,47.554616,7.588786,311.6781593306433,45.5,0.005405405405405406,45
HGB_1_024_105,47.554702,7.588794,302.0903928350437,28.375,0.0,30
HGB_1_024_106,47.55469,7.588793,303.4598704698839,248.75,0.0,14
HGB_1_024_107,47.55472,7.588792,300.1761338818892,75.0,0.0,8
HGB_1_024_108,47.554832,7.588783,287.65186953466355,4258.0,0.07777777777777778,32
HGB_1_024_109,47.554996,7.588785,269.39375139782106,17.5,0.0,106
HGB_1_024_110,47.55507,7.588763,261.2426966412464,10.0,0.1376984126984127,49
HGB_1_024_111,47.555157,7.5889,251.71194546250288,987.0,0.06901311249137336,33
HGB_1_024_112,47.554965,7.589021,273.43077438500114,28.5,0.0,29
HGB_1_024_115,47.55496,7.589128,274.64455303543224,16.0,0.005952380952380952,48
HGB_1_024_116,47.555038,7.589222,266.7615897015398,121.5,0.0,38
HGB_1_024_119,47.555089,7.589113,260.2322073040175,12.5,0.2680809930809931,48
HGB_1_024_120,47.55512,7.589026,256.2895184466974,171.25,0.15005851803086825,41
HGB_1_026_003,47.555024,7.589407,270.36074434559583,,,15
HGB_1_028_008,47.560967,7.586983,417.31519895213415,,,2
HGB_1_028_010,47.561099,7.586945,432.0676333715142,592.5,0.0,6
HGB_1_028_011,47.560922,7.58704,411.1679321621631,35.0,0.0,12
HGB_1_028_012,47.560087,7.587398,314.6221031022838,62.5,0.0,88
HGB_1_028_013,47.560087,7.587398,314.6221031022838,150.0,0.04501133786848072,79
HGB_1_028_015,47.560087,7.587398,314.6221031022838,20.0,0.6666666666666666,1
HGB_1_028_018,47.560204,7.587344,328.18727151951265,,,2
HGB_1_028_019,47.560294,7.58732,338.2511647701167,34.5,0.0,16
HGB_1_028_020,47.560249,7.587332,333.2182660843502,174.0,0.011363636363636364,31
HGB_1_028_021,47.560378,7.587314,347.2539605136656,996.0,0.0,42
HGB_1_028_022,47.560434,7.587313,353.14604156386304,55.0,0.17432432432432432,45
HGB_1_028_023,47.560505,7.587342,360.0284465404544,205.25,0.007352941176470588,47
HGB_1_028_024,47.560467,7.587329,356.24952649687623,690.0,0.0,3
HGB_1_028_025,47.560516,7.587329,361.43562456386803,657.0,0.0,5
HGB_1_028_026,47.56053,7.587309,363.38723988999544,258.25,0.0,11
HGB_1_028_027,47.560547,7.587195,367.94724270415304,392.5,0.0,16
HGB_1_028_028,47.560532,7.587267,364.56082353239,25.0,0.07192460317460318,30
HGB_1_028_029,47.560555,7.587275,366.82371625964845,24.0,0.29855967078189294,31
HGB_1_028_030,47.560532,7.587267,364.56082353239,40.0,0.0,42
HGB_1_028_031,47.560758,7.587135,391.60036139689737,2340.0,0.0,9
HGB_1_028_032,47.560727,7.587176,387.3071565252174,158.0,0.03666666666666667,32
HGB_1_028_033,47.560693,7.587205,383.02264686351805,1778.5,0.0,37
HGB_1_028_034,47.560821,7.587031,400.7206174117644,300.0,0.022222222222222223,13
HGB_1_028_035,47.560881,7.586968,408.5701796800732,19400.0,0.0,9
HGB_1_028_036,47.560948,7.586881,417.8716587401094,60000.0,0.0,14
HGB_1_028_037,47.560912,7.586933,412.77110366749537,17400.0,0.0,6
HGB_1_028_038,47.561138,7.586607,444.98486020614695,62.5,0.1111111111111111,52
HGB_1_028_039,47.561195,7.586534,452.89417095100976,1.5,0.1235632183908046,65
HGB_1_028_040,47.561181,7.586552,450.9152937910676,353.0,0.09259259259259259,10
HGB_1_028_041,47.561202,7.586522,453.9675729554546,40.0,0.07142857142857142,10
HGB_1_028_042,47.561224,7.586486,457.19154294655885,75.0,0.0,20
HGB_1_028_043,47.561286,7.586401,466.05143206109295,10.0,0.0,9
HGB_1_028_044,47.561306,7.586361,469.2749045714374,15450.0,0.025,26
HGB_1_028_045,47.561248,7.586459,460.4154524578225,4685.0,0.0,25
HGB_1_028_046,47.56143,7.586322,483.1409500582428,,,1
HGB_1_028_047,47.560049,7.58811,296.79749772097017,,,3
HGB_1_028_048,47.560131,7.587753,311.4568740404726,100.0,0.04766666666666666,55
HGB_1_028_049,47.560202,7.587757,319.0441271173111,,,3
HGB_1_028_050,47.560253,7.58773,325.05741776221737,,,3
HGB_1_028_051,47.560407,7.587599,344.10776862541525,150.0,0.005952380952380952,65
HGB_1_028_052,47.560372,7.587625,339.86687446326175,6.0,0.0,1
HGB_1_028_053,47.560407,7.587599,344.10776862541525,3075.0,0.0,2
HGB_1_028_054,47.560471,7.587555,351.8273932046558,1260.0,0.0,1
HGB_1_028_055,47.560663,7.587425,375.0130430172686,2100.0,0.0,28
HGB_1_028_057,47.560787,7.587336,390.14934542596154,578.875,0.01,57
HGB_1_028_058,47.560848,7.587299,397.46777941934073,23.0,0.0,20
HGB_1_028_059,47.560891,7.587252,403.01625441168125,75.0,0.0,26
HGB_1_028_060,47.560945,7.587177,410.4109950512401,15.5,0.30833333333333335,36
HGB_1_028_061,47.560891,7.587252,403.01625441168125,299.6666666666667,0.21296296296296294,9
HGB_1_028_062,47.560999,7.587104,417.80909453386886,6000.0,0.0,6
HGB_1_028_063,47.561041,7.58704,423.7439576415307,3.75,0.0,7
HGB_1_028_064,47.561041,7.58704,423.7439576415307,24.5,0.0,9
HGB_1_028_065,47.56102,7.587072,420.773498152233,90.0,0.0,1
HGB_1_028_066,47.561147,7.586832,439.8661894714352,30.0,0.0,36
HGB_1_028_067,47.561177,7.58679,444.1402838392943,13.5,0.23214285714285715,50
HGB_1_028_068,47.561222,7.586724,450.50411038158416,30.0,0.0,53
HGB_1_028_069,47.561245,7.586691,453.74965449908586,70.0,0.0,32
HGB_1_028_070,47.561292,7.586627,460.3824442198212,1260.0,0.0,22
HGB_1_028_071,47.561373,7.586513,471.88693237548915,8325.0,0.0,31
HGB_1_035_004,47.552795,7.594292,660.1615218005934,,,1
HGB_1_035_005,47.552832,7.594408,662.5090596188943,1056.75,0.07407407407407407,10
HGB_1_035_006,47.552948,7.59459,661.636572781946,2465.0,0.0,13
HGB_1_035_007,47.553011,7.594747,664.3287674171362,13335.0,0.047619047619047616,4
HGB_1_035_010,47.552754,7.594298,664.0343622673404,1729.25,0.041666666666666664,10
HGB_1_035_011,47.552674,7.59527,718.5243015678982,1730.0,0.0,1
HGB_1_035_012,47.552336,7.595703,768.2255891729195,641.5,0.0,15
HGB_1_044_006,47.56187,7.594037,633.1254208757358,160.0,0.0,14
HGB_1_044_007,47.561972,7.593099,601.1762703987771,80.0,0.0,3
HGB_1_044_008,47.561743,7.593336,590.0245693179121,74.0,0.0,29
HGB_1_044_009,47.561969,7.593797,630.7943236828696,200.0,0.0,5
HGB_1_050_008,47.559113,7.587805,202.38232178907737,,,1
HGB_1_050_009,47.559008,7.587728,193.94725311126444,125.0,0.0,18
HGB_1_050_011,47.559449,7.588783,225.717843809022,1913.0,0.0,43
HGB_1_050_012,47.559374,7.58851,218.33389012198532,310.0,0.0,8
HGB_1_050_013,47.559386,7.588588,219.25205809203518,202.0,0.0,2
HGB_1_050_014,47.559289,7.588568,208.58864791523084,210.0,0.0,6
HGB_1_050_015,47.559359,7.588395,217.6966054484332,8050.0,0.021825396825396824,26
HGB_1_050_016,47.559237,7.588416,204.044106851269,492.5,0.0,6
HGB_1_050_017,47.559343,7.588338,216.57669440316857,18.0,0.0392156862745098,61
HGB_1_050_018,47.559325,7.588274,215.41456834627104,9005.0,0.0,15
HGB_1_050_019,47.559305,7.588212,214.18342241574095,3.75,0.0,29
HGB_1_050_020,47.559294,7.58818,213.5113233605789,17.5,0.0,12
HGB_1_050_021,47.559283,7.588144,212.8486140163982,15.0,0.0,48
HGB_1_050_022,47.559252,7.58807,210.84583679804936,3000.0,0.028455284552845524,53
HGB_1_050_023,47.559213,7.587991,208.29684106184857,3604.0,0.0,23
HGB_1_050_024,47.559183,7.587942,206.23451432889044,115.0,0.0,42
HGB_1_050_025,47.559128,7.587882,201.90758455495833,2087.25,0.0,26
HGB_1_050_026,47.559147,7.587901,203.39697420363572,57.5,0.0,46
HGB_1_050_027,47.559105,7.587864,199.95776619839725,100.0,0.014817629179331306,99
HGB_1_050_028,47.559048,7.587806,195.6329805372869,3325.0,0.0,54
HGB_1_050_029,47.558965,7.587766,188.4215472894904,1358.25,0.040674603174603176,38
HGB_1_050_030,47.55888,7.587733,180.83776854728453,6300.0,0.0,29
HGB_1_050_031,47.558796,7.587721,172.97129114200823,15150.0,0.0,16
HGB_1_050_032,47.558717,7.587692,166.2479407994172,18.75,0.10714285714285714,51
HGB_1_050_033,47.559551,7.588565,237.61519904769477,3995.0,0.1062334656084656,28
HGB_1_050_034,47.55958,7.588538,240.98088485209,110.0,0.11666666666666665,6
HGB_1_050_035,47.55958,7.588538,240.98088485209,1870.0,0.06481481481481481,13
HGB_1_050_037,47.559506,7.588495,233.0602863319339,161.5,0.0233974358974359,61
HGB_1_050_038,47.559474,7.588423,230.18731883385675,27513.5,0.0,15
HGB_1_050_039,47.559482,7.588441,230.89177579164874,715.5,0.0,5
HGB_1_050_040,47.559467,7.588404,229.530756500453,471.0,0.0,10
HGB_1_050_041,47.559444,7.588347,227.62120874615107,1261.5,0.0,23
HGB_1_050_042,47.559421,7.588287,225.80928335468607,25.0,0.1714771622934888,55
HGB_1_050_043,47.559417,7.588182,226.7483645083644,6610.0,0.11904761904761904,7
HGB_1_050_044,47.559417,7.588182,226.7483645083644,150.0,0.0,60
HGB_1_050_045,47.559373,7.58815,222.5321511778318,6080.0,0.0,58
HGB_1_050_046,47.559321,7.58803,219.0731345389152,2280.0,0.0,4
HGB_1_050_047,47.559345,7.588068,220.91343206831525,69.0,0.0,101
HGB_1_050_048,47.55931,7.588008,218.34893925077478,710.0,0.0,27
HGB_1_050_049,47.559278,7.587943,216.27703399215739,1485.0,0.017543859649122806,31
HGB_1_050_050,47.559278,7.587943,216.27703399215739,1480.0,0.0,11
HGB_1_050_051,47.559232,7.587872,213.1210762273622,300.0,0.0,26
HGB_1_050_052,47.559216,7.587856,211.83500086467038,,,1
HGB_1_050_053,47.559244,7.58789,213.89085256073736,,,2
HGB_1_050_054,47.559147,7.58778,206.62517123419886,6300.0,0.0,44
HGB_1_050_055,47.559103,7.587742,203.19721301029338,785.0,0.0,35
HGB_1_050_056,47.559074,7.587719,200.85817997165137,97.0,0.0,66
HGB_1_050_057,47.559041,7.587693,198.3687349315299,3692.5,0.0,22
HGB_1_050_058,47.559041,7.587693,198.3687349315299,495.0,0.0,4
HGB_1_050_060,47.558944,7.587639,190.37456130028113,178.5,0.0,28
HGB_1_050_061,47.558957,7.587643,191.55332026165073,70.0,0.0,52
HGB_1_050_062,47.558957,7.587643,191.55332026165073,14400.0,0.041666666666666664,14
HGB_1_050_063,47.55891,7.587623,187.57406360599052,57.5,0.0,23
HGB_1_050_064,47.558888,7.587618,185.63260180859595,174.75,0.09621212121212121,26
HGB_1_050_065,47.558868,7.587608,184.05287277165843,48.75,0.0,16
HGB_1_050_066,47.558822,7.587578,180.68695917953136,3.75,0.05896298823128091,48
HGB_1_050_067,47.558788,7.587572,177.70725999906804,97.0,0.0,48
HGB_1_050_068,47.558762,7.587509,177.69613373376922,27.291666666666664,0.12227182539682539,56
HGB_1_051_009,47.550514,7.590803,782.6007928033874,,,3
HGB_1_051_010,47.55063,7.590889,771.2703624821467,,,2
HGB_1_051_012,47.553192,7.591756,520.3356589891816,450.0,0.0,2
HGB_1_051_013,47.552008,7.591113,626.5227973841527,320.91666666666663,0.11666666666666665,9
HGB_1_051_014,47.550842,7.591004,750.0437821955569,87.5,0.18547008547008548,56
HGB_1_051_015,47.549907,7.589906,839.4281629576858,0.8333333333333333,0.0,6
HGB_1_051_016,47.553578,7.592061,492.9429634406083,120.0,0.37654320987654316,41
HGB_1_051_017,47.553471,7.591999,501.0461973431939,380.0,0.0,1
HGB_1_051_018,47.553364,7.591936,509.3434131452745,570.0,0.5,1
HGB_1_051_019,47.553278,7.59195,518.216999268679,6.0,0.24645390070921988,101
HGB_1_051_020,47.553263,7.591933,519.1300160737625,5.0,0.10275689223057644,19
HGB_1_051_021,47.553248,7.591916,520.0498829265205,28.75,0.06896551724137931,41
HGB_1_051_022,47.55321,7.591879,522.5624188338057,350.0,0.07738095238095237,16
HGB_1_051_024,47.553169,7.591858,525.9363616724416,20.0,0.007575757575757575,46
HGB_1_051_025,47.553021,7.591806,539.0955352751881,2145.0,0.06969696969696969,30
HGB_1_051_026,47.552915,7.591775,548.9517863115474,20.0,0.0,5
HGB_1_051_027,47.553037,7.591781,536.7085949645253,21.875,0.04090909090909091,25
HGB_1_051_028,47.552846,7.591662,552.5380314847723,20.0,0.03804347826086957,56
HGB_1_051_029,47.552669,7.591883,577.1756202283239,420.1666666666667,0.0,4
HGB_1_051_030,47.552666,7.591554,567.906496859659,8000.0,0.0,4
HGB_1_051_031,47.552711,7.591581,564.02627370818,740.5,0.10714285714285714,30
HGB_1_051_032,47.552666,7.591554,567.906496859659,1000.0,0.0,1
HGB_1_051_033,47.552629,7.591532,571.2305778806262,1420.0,0.21794871794871792,14
HGB_1_051_034,47.552515,7.591467,581.2980765659233,6802.5,0.05,14
HGB_1_051_035,47.552553,7.591489,577.9266436388974,405.0,0.25952380952380955,7
HGB_1_051_036,47.552485,7.591451,583.9884102155005,1470.0,0.4583333333333333,4
HGB_1_051_037,47.552396,7.591401,592.1137241331156,2020.0,0.0,12
HGB_1_051_038,47.55231,7.59136,600.1360840303021,20.0,0.0,43
HGB_1_051_040,47.552153,7.591289,614.9710294431974,50.0,0.0,19
HGB_1_051_041,47.552101,7.591266,619.9556892944943,941.5,0.041666666666666664,12
HGB_1_051_042,47.552038,7.591245,626.2580310431764,10.0,0.296875,37
HGB_1_051_043,47.552101,7.591266,619.9556892944943,15.0,0.30605590062111804,51
HGB_1_051_045,47.551847,7.591184,645.2837028793585,23.0,0.0,18
HGB_1_051_046,47.551695,7.59116,660.9826521915447,640.0,0.0,10
HGB_1_051_047,47.551371,7.591147,695.4794993292383,29.5,0.0625,20
HGB_1_051_048,47.551307,7.591154,702.5014334308413,5.5,0.33045977011494254,35
HGB_1_051_049,47.551252,7.591156,708.4343346800297,6.0,0.24151138716356108,57
HGB_1_051_050,47.55084,7.591109,752.1056202218205,2462.5,0.05555555555555555,10
HGB_1_051_051,47.550687,7.591049,767.6489588978707,264.0,0.18000000000000002,20
HGB_1_051_052,47.550625,7.591014,773.7251391974277,7.0,0.36666666666666664,18
HGB_1_051_053,47.550564,7.590978,779.8226807877194,14.0,0.31216931216931215,18
HGB_1_051_054,47.550482,7.590926,787.9065141706521,11.5,0.2619047619047619,9
HGB_1_051_055,47.550424,7.590861,793.2718709211778,72.0,0.32333333333333336,10
HGB_1_051_056,47.550216,7.59057,812.0063686441921,38.0,0.39642857142857146,25
HGB_1_051_057,47.550369,7.590774,797.9823722471774,64.33333333333333,0.5,1
HGB_1_051_058,47.550369,7.590774,797.9823722471774,3.5,0.38571428571428573,5
HGB_1_051_059,47.550201,7.590548,813.3717760425757,5742.0,0.16666666666666666,1
HGB_1_051_060,47.55029,7.590673,805.248456733168,210.25,0.25972222222222224,13
HGB_1_051_061,47.550241,7.590601,809.7144294217247,844.0,0.3333333333333333,1
HGB_1_051_062,47.550192,7.59053,814.2285171393396,7.0,0.475,11
HGB_1_051_063,47.550138,7.590459,819.2305686298743,10.5,0.32564102564102565,20
HGB_1_051_064,47.549927,7.590129,839.0713259146517,36.25,0.26166666666666666,12
HGB_1_051_065,47.553515,7.591841,491.1401524205943,90.0,0.04876543209876543,32
HGB_1_051_066,47.55345,7.591806,496.29571995950295,22.5,0.0,24
HGB_1_051_067,47.55345,7.591806,496.29571995950295,157.5,0.0,5
HGB_1_051_068,47.55339,7.591774,501.1036529289905,125.0,0.008333333333333333,34
HGB_1_051_069,47.553342,7.59175,505.0790859688987,729.375,0.0,13
HGB_1_051_070,47.553306,7.591678,506.37177547297836,2000.0,0.0,4
HGB_1_051_071,47.553289,7.591663,507.57126173826776,36.0,0.0,16
HGB_1_051_074,47.551918,7.590967,633.2553122988888,3.0,0.0,37
HGB_1_051_075,47.551856,7.591032,641.1497537198676,4.0,0.2723809523809524,36
HGB_1_051_076,47.551811,7.591022,645.7696579223242,5.0,0.20426356589147288,47
HGB_1_051_077,47.551736,7.590994,653.3501125761104,,,1
HGB_1_051_078,47.551736,7.590994,653.3501125761104,1.8333333333333333,0.0,11
HGB_1_051_079,47.551618,7.590952,665.2410108608694,11.0,0.3409090909090909,16
HGB_1_051_080,47.551618,7.590952,665.2410108608694,18.0,0.0,13
HGB_1_051_081,47.551618,7.590952,665.2410108608694,2.5,0.07211981566820276,35
HGB_1_051_082,47.551453,7.590901,682.1767656399098,5.0,0.35714285714285715,16
HGB_1_051_085,47.551276,7.590938,701.9755643475191,12.0,0.1411111111111111,16
HGB_1_051_086,47.551192,7.590938,710.9835481326645,8.0,0.3927109440267335,128
HGB_1_051_087,47.551192,7.590938,710.9835481326645,8.0,0.3212121212121212,13
HGB_1_051_088,47.551132,7.590933,717.4412527111497,14.0,0.2857142857142857,7
HGB_1_051_089,47.551065,7.590927,724.6455336709784,72.5,0.09166666666666666,12
HGB_1_051_099,47.54997,7.589783,831.5848698174425,,,1
HGB_1_056_005,47.559244,7.587135,238.1110501267421,700.0,0.0,6
HGB_1_056_006,47.559111,7.587159,224.67660023470827,,,2
HGB_1_056_007,47.559087,7.58704,227.48340546663425,,,1
HGB_1_056_008,47.559196,7.587023,238.1535130214869,,,5
HGB_1_056_009,47.559141,7.586965,235.59504006136297,97.5,0.0,18
HGB_1_056_010,47.55928,7.58744,230.4955410169636,964.0,0.0,18
HGB_1_056_011,47.559136,7.58731,221.03890068131193,5132.5,0.0,39
HGB_1_056_012,47.558994,7.587217,211.39173374195954,261.5833333333333,0.078125,24
HGB_1_056_013,47.559037,7.587042,222.8770663118746,1248.75,0.0,9
HGB_1_056_014,47.55913,7.586741,244.83598126261296,40.0,0.06637488328664799,64
HGB_1_056_016,47.559249,7.586771,253.9781428297875,120.0,0.0,50
HGB_1_056_017,47.559347,7.586956,255.00948101396835,240.0,0.0,27
HGB_1_056_021,47.559347,7.586956,255.00948101396835,1.0,0.0,1
HGB_1_056_022,47.559347,7.586956,255.00948101396835,2.75,0.0,2
HGB_1_056_023,47.559356,7.587163,247.76922590255708,49.25,0.1525974025974026,62
HGB_1_056_025,47.559356,7.587163,247.76922590255708,642.0,0.0,1
HGB_1_056_027,47.559192,7.587147,232.6731226344074,385.0,0.16666666666666666,2
HGB_1_056_029,47.559212,7.58737,226.13427997446607,753.0,0.0,35
HGB_1_056_030,47.559193,7.587355,224.83361721819355,23400.0,0.0,2
HGB_1_056_031,47.559229,7.587388,227.1973202277819,,,5
HGB_1_056_033,47.559034,7.587243,213.98773371559702,722.5,0.08492063492063492,24
HGB_1_056_034,47.559073,7.587272,216.4697576892475,167.5,0.033650793650793646,40
HGB_1_056_035,47.559002,7.587163,214.38536063703194,1755.0,0.0,10
HGB_1_056_036,47.559032,7.586961,226.10087195292286,,,1
HGB_1_056_037,47.558999,7.58691,225.6065142019034,762.5,0.0,28
HGB_1_056_038,47.559037,7.586909,228.9672662436855,1546.875,0.0,38
HGB_1_056_040,47.559099,7.586917,234.01419398730982,3.0,0.0,1
HGB_1_056_043,47.559179,7.586761,248.1778454524314,5.0,0.0,21
HGB_1_056_044,47.559323,7.586801,259.3258605120547,180.0,0.0,46
HGB_1_056_045,47.55939,7.586987,257.78356992086384,130.0,0.09688013136288998,31
HGB_1_056_048,47.559329,7.587237,242.37707060160997,2635.0,0.0,9
HGB_1_056_049,47.559395,7.587299,246.6947933976501,80.0,0.0,5
HGB_1_056_050,47.55932,7.587262,240.59046613601348,46.0,0.0,14
HGB_1_056_051,47.55932,7.587262,240.59046613601348,1650.5,0.05555555555555555,8
HGB_1_058_016,47.555157,7.59101,301.93845762100386,95.0,0.0,5
HGB_1_058_017,47.555191,7.590985,297.7597586248215,,,3
HGB_1_058_018,47.556919,7.589324,68.65962748216772,,,2
HGB_1_058_019,47.557007,7.589277,58.62332617870048,27.5,0.0,36
HGB_1_058_020,47.55768,7.58853,35.01353825272698,601.0,0.04127705627705627,63
HGB_1_058_021,47.557628,7.588568,28.63773376272547,4800.0,0.0,31
HGB_1_058_022,47.557572,7.588625,21.089405859515136,12620.0,0.0,17
HGB_1_058_024,47.557512,7.588689,12.787913737136803,18000.0,0.0,34
HGB_1_058_025,47.557491,7.588711,9.930655492744483,40.0,0.0,3
HGB_1_058_026,47.557442,7.588762,3.3270188034536066,11100.0,0.0,17
HGB_1_058_027,47.557398,7.588806,2.6055113932953278,390.0,0.0,39
HGB_1_058_028,47.557362,7.588854,7.985391662422718,3300.0,0.0,23
HGB_1_058_029,47.557318,7.588926,15.202638110934537,4.5,0.0,27
HGB_1_058_030,47.557277,7.589006,22.63733714854247,13365.75,0.0,21
HGB_1_058_031,47.55724,7.589083,29.743017505272938,12696.0,0.0,12
HGB_1_058_032,47.557199,7.589156,36.813305384057344,12540.125,0.0,52
HGB_1_058_033,47.557141,7.589256,46.78041873334764,,,6
HGB_1_058_034,47.557057,7.589351,58.361408437512004,4672.5,0.0,34
HGB_1_058_035,47.557104,7.589715,77.9440096593758,12000.0,0.0,46
HGB_1_058_036,47.556899,7.58948,77.72674110757468,267.0,0.0,16
HGB_1_058_037,47.55694,7.589448,72.74753026884868,3180.0,0.058823529411764705,30
HGB_1_058_038,47.556879,7.589513,81.07034600427095,2100.0,0.09684265010351967,33
HGB_1_058_039,47.557038,7.589815,88.01167262160753,23.0,0.2482804232804233,19
HGB_1_058_040,47.556833,7.58999,111.33935076849669,160000.0,0.0,9
HGB_1_058_041,47.556884,7.589946,105.37704129437286,150.0,0.0,25
HGB_1_058_042,47.556644,7.58973,111.4687066132544,5040.0,0.0,17
HGB_1_058_043,47.556567,7.589831,122.93264325562569,6600.0,0.0,25
HGB_1_058_044,47.556525,7.589844,127.20816569321445,3150.0,0.0,34
HGB_1_058_045,47.556475,7.589896,134.00048754487727,864.0,0.02631578947368421,33
HGB_1_058_046,47.556414,7.589953,142.00984591770586,5400.0,0.08333333333333333,35
HGB_1_058_047,47.556343,7.590011,150.9044423025165,7.5,0.1288888888888889,51
HGB_1_058_048,47.556281,7.590057,158.44929174404766,3150.0,0.0,36
HGB_1_058_049,47.556218,7.590109,166.41323901623565,2010.0,0.0,12
HGB_1_058_050,47.556126,7.590211,179.16470368299215,10.0,0.0,23
HGB_1_058_052,47.556126,7.590211,179.16470368299215,14.333333333333334,0.009523809523809523,45
HGB_1_058_053,47.556126,7.590211,179.16470368299215,8259.5,0.041666666666666664,18
HGB_1_058_054,47.556126,7.590211,179.16470368299215,10.0,0.17314814814814816,20
HGB_1_058_055,47.556062,7.590286,188.28302567297513,675.1666666666667,0.04285714285714286,34
HGB_1_058_056,47.556034,7.590314,191.9890888695836,15.666666666666666,0.00847457627118644,70
HGB_1_058_057,47.556006,7.590341,195.71662580762126,11.5,0.012121212121212121,127
HGB_1_058_058,47.55597,7.59037,200.25580726496838,100.0,0.0,37
HGB_1_058_059,47.555916,7.5904,206.39910624028255,225.0,0.0,59
HGB_1_058_060,47.555873,7.590435,211.84178566421372,2765.0,0.08333333333333333,30
HGB_1_058_061,47.555826,7.590469,217.60773213204038,48.0,0.0,50
HGB_1_058_062,47.555829,7.5905,218.67915095696682,46.0,0.0,3
HGB_1_058_063,47.555891,7.590684,221.78304743997273,,,3
HGB_1_058_064,47.555782,7.590512,223.45787254891633,80.0,0.019230769230769232,30
HGB_1_058_065,47.555737,7.590545,229.00319579923337,40.0,0.053030303030303025,51
HGB_1_058_066,47.555663,7.590598,237.95733105980906,3.0,0.0,10
HGB_1_058_067,47.555587,7.590671,248.04035638171618,108.66666666666666,0.06916666666666667,47
HGB_1_058_068,47.555543,7.590702,253.41984679523944,30.0,0.1469551282051282,59
HGB_1_058_069,47.555495,7.590747,259.70653939803276,9.0,0.0,26
HGB_1_058_070,47.555437,7.590791,266.8925168550394,20.0,0.028042328042328042,65
HGB_1_058_071,47.555372,7.590835,274.7755822351348,95.0,0.04656862745098039,42
HGB_1_058_072,47.555125,7.591157,311.15607995599754,30.0,0.05881211180124223,103
HGB_1_058_073,47.555088,7.591184,315.688293479774,23.0,0.08016877637130801,85
HGB_1_058_074,47.555046,7.591211,320.7154549786396,30.0,0.0,38
HGB_1_058_075,47.555015,7.591243,324.9161183256679,125.0,0.06436781609195402,33
HGB_1_058_077,47.554982,7.591278,329.3653351410868,138.0,0.0,42
HGB_1_058_078,47.554949,7.591316,334.03268267481855,5.5,0.0,18
HGB_1_058_079,47.554918,7.591385,339.81698295768274,100.0,0.0,31
HGB_1_058_080,47.554893,7.591459,345.35508234564145,48.0,0.0,31
HGB_1_058_082,47.55487,7.591539,350.9503992913921,98.5,0.008333333333333333,38
HGB_1_058_083,47.554608,7.591617,378.1735224127432,18.0,0.0,25
HGB_1_058_084,47.554586,7.591631,380.74889456905754,1104.5,0.01875,26
HGB_1_058_085,47.554564,7.591644,383.3249600766585,32.0,0.0,34
HGB_1_058_086,47.554495,7.591694,391.7514690944234,581.0,0.0,4
HGB_1_058_087,47.554538,7.591664,386.5787158197958,37.0,0.0,31
HGB_1_058_088,47.554482,7.5917,393.2046465125442,62.5,0.0,28
HGB_1_058_089,47.554444,7.59172,397.56655196915364,2100.0,0.0,21
HGB_1_058_090,47.554382,7.591771,405.39712636933683,22.375,0.0,54
HGB_1_058_092,47.554331,7.59181,411.798463488341,3300.0,0.0,19
HGB_1_058_093,47.554288,7.591844,417.17370523914843,125.0,0.0,33
HGB_1_058_094,47.55423,7.591889,424.40124102862626,4874.083333333333,0.0,26
HGB_1_058_095,47.554192,7.591917,429.1164076417004,600.0,0.0,3
HGB_1_058_097,47.554153,7.591944,433.8324153703702,12600.0,0.0,16
HGB_1_058_099,47.554093,7.591985,441.13079115655717,100.0,0.0,77
HGB_1_058_100,47.554073,7.591999,443.5641530889096,9.0,0.18522167487684726,69
HGB_1_058_101,47.553991,7.592204,459.7371635987523,,,5
HGB_1_058_102,47.557592,7.588409,34.55401295225501,184.0,0.0,2
HGB_1_058_103,47.55763,7.588372,39.24508785669627,80.0,0.0,10
HGB_1_058_104,47.55763,7.588372,39.24508785669627,2400.0,0.0,12
HGB_1_058_105,47.557592,7.588409,34.55401295225501,184.0,0.0,4
HGB_1_058_106,47.557558,7.588443,30.383406066826335,6080.0,0.0,10
HGB_1_058_107,47.557592,7.588409,34.55401295225501,6300.0,0.06666666666666667,4
HGB_1_058_108,47.55763,7.588372,39.24508785669627,240.0,0.0,22
HGB_1_058_109,47.55757,7.588369,35.878738195448264,161.875,0.0,27
HGB_1_058_110,47.557518,7.5885,24.47395043577476,1451.25,0.0,7
HGB_1_058_111,47.557497,7.588517,22.36784585416891,1250.0,0.03095238095238095,54
HGB_1_058_112,47.557453,7.588559,17.790546142089635,171.5,0.08333333333333333,2
HGB_1_058_113,47.557535,7.588473,27.15078008583541,54.0,0.02238095238095238,39
HGB_1_058_114,47.55744,7.588576,16.325129159273004,2095.5,0.0,37
HGB_1_058_116,47.557366,7.588661,11.380371890306067,1062.0,0.125,2
HGB_1_058_117,47.55739,7.588633,12.31297039086672,12511.0,0.03571428571428571,22
HGB_1_058_118,47.557405,7.588617,13.114319999103364,1660.375,0.0,2
HGB_1_058_120,47.557484,7.588531,20.82328580206287,20100.0,0.0,14
HGB_1_058_122,47.557319,7.588722,12.260676605348843,665.0,0.06825396825396825,45
HGB_1_058_123,47.557295,7.588753,14.104012189276958,1200.0,0.0,1
HGB_1_058_125,47.557268,7.588772,16.881179786083862,110.0,0.04047619047619048,47
HGB_1_058_127,47.557306,7.588739,13.12523269349802,14700.0,0.0,26
HGB_1_058_128,47.557186,7.588908,27.434172768931674,504.0,0.0,10
HGB_1_058_130,47.557186,7.588908,27.434172768931674,1920.0,0.0,6
HGB_1_058_131,47.557186,7.588908,27.434172768931674,4260.0,0.0,3
HGB_1_058_132,47.557153,7.588952,31.95863467445216,13782.0,0.0,21
HGB_1_058_133,47.557056,7.589083,45.957422906440655,9000.0,0.0,33
HGB_1_058_134,47.557017,7.589125,51.33435465294487,1220.0,0.0,48
HGB_1_058_135,47.556962,7.589156,57.841396965844616,5579.0,0.0,5
HGB_1_058_136,47.556938,7.58919,61.410002790696446,31104.0,0.0,25
HGB_1_058_137,47.556916,7.589212,64.29666570049758,1810.0,0.0,14
HGB_1_058_138,47.55688,7.589169,66.42341249249189,815.0,0.0,11
HGB_1_058_139,47.556812,7.589399,81.56521328720964,32.0,0.25,10
HGB_1_058_140,47.556826,7.589373,79.21636460410215,64.0,0.13154761904761905,41
HGB_1_058_141,47.55679,7.58942,84.49786603071766,45.0,0.19999999999999998,20
HGB_1_058_142,47.556762,7.58946,88.77653425312543,1510.0,0.0,28
HGB_1_058_143,47.556702,7.589529,97.21199179568828,45.0,0.0,34
HGB_1_058_146,47.556634,7.589604,106.64730424234695,6480.0,0.02631578947368421,28
HGB_1_058_147,47.55661,7.589629,109.90412356319445,25.5,0.0,10
HGB_1_058_148,47.556587,7.589655,113.16100361577107,36.0,0.0,37
HGB_1_058_149,47.556575,7.589635,113.3565156816353,3132.25,0.0,9
HGB_1_058_150,47.556491,7.589413,113.38848892902418,51.0,0.0,6
HGB_1_058_151,47.556397,7.589132,116.5580331655312,230.0,0.0,8
HGB_1_058_152,47.556549,7.58969,118.1419814455527,1377.5,0.11078431372549019,51
HGB_1_058_153,47.556487,7.589752,126.37144315805962,48.99999999999999,0.11428571428571428,9
HGB_1_058_154,47.556396,7.589836,138.3409008591236,5074.0,0.0,32
HGB_1_058_155,47.556419,7.589815,135.34831338931284,80.0,0.0,26
HGB_1_058_156,47.556364,7.589867,142.61650024568144,140.0,0.09999999999999999,27
HGB_1_058_157,47.556261,7.589948,155.51637179743258,26335.25,0.022893772893772892,24
HGB_1_058_158,47.556292,7.589925,151.64997371894466,1635.0,0.0,2
HGB_1_058_159,47.556274,7.589862,150.72915705504653,700.0,0.0,1
HGB_1_058_160,47.556292,7.589925,151.64997371894466,1140.5,0.05,4
HGB_1_058_161,47.556195,7.589999,163.73842108038556,5400.0,0.0,7
HGB_1_058_162,47.556116,7.590083,174.51721425917802,180.0,0.0,20
HGB_1_058_163,47.556116,7.590083,174.51721425917802,90.0,0.045454545454545456,18
HGB_1_058_164,47.556101,7.590097,176.53106441587028,5.0,0.027777777777777776,7
HGB_1_058_165,47.556053,7.590136,182.5733604659451,2350.0,0.0,28
HGB_1_058_166,47.556014,7.590172,187.6942178903465,1218.0,0.016666666666666666,14
HGB_1_058_167,47.55598,7.590209,192.3865880649258,1513.75,0.09166666666666666,18
HGB_1_058_168,47.555944,7.59024,196.99331478759242,269.0,0.0,40
HGB_1_058_169,47.55587,7.590302,206.42960455595502,2152.5,0.0,34
HGB_1_058_170,47.555764,7.590379,219.52964223877925,5.0,0.0,19
HGB_1_058_171,47.555679,7.590444,230.1103610694684,631.125,0.008333333333333333,40
HGB_1_058_172,47.555582,7.590537,242.9315881763315,212.0,0.0,34
HGB_1_058_173,47.555525,7.590588,250.35584870095036,1260.0,0.0,39
HGB_1_058_174,47.555513,7.590597,251.8436396508188,341.0,0.29166666666666663,2
HGB_1_058_175,47.555477,7.590624,256.30756053115766,5.0,0.004464285714285714,39
HGB_1_058_176,47.555431,7.590657,261.94917312068594,100.0,0.030405405405405407,46
HGB_1_058_177,47.555383,7.590695,267.9820367065639,765.0,0.038141025641025644,30
HGB_1_058_178,47.555246,7.590795,284.8875197179297,28.0,0.0025745257452574524,91
HGB_1_058_180,47.555242,7.590756,283.71991451869957,961.0,0.0,1
HGB_1_058_181,47.555246,7.590795,284.8875197179297,309.0,0.0,2
HGB_1_058_182,47.55519,7.59082,291.1496660250377,3259.65,0.018939393939393936,43
HGB_1_058_183,47.55511,7.590891,301.55515078431574,452.5,0.05555555555555555,8
HGB_1_058_184,47.555117,7.59087,300.0813037965399,165.0,0.0,11
HGB_1_058_185,47.555135,7.590858,297.8480767466313,450.5,0.12142857142857143,15
HGB_1_058_186,47.555117,7.59087,300.0813037965399,60.0,0.0,8
HGB_1_058_187,47.554872,7.591261,338.76300343639576,20.0,0.1522222222222222,21
HGB_1_058_188,47.55484,7.591296,343.26626496704125,1.5,0.0,56
HGB_1_058_189,47.55481,7.591333,347.5497330631346,706.5,0.011363636363636364,26
HGB_1_058_190,47.554773,7.591378,352.82652720485765,229.0,0.0,33
HGB_1_058_192,47.554727,7.591413,358.6063455376804,990.0,0.005952380952380952,26
HGB_1_058_193,47.554537,7.591509,380.2598812491138,165.0,0.0,15
HGB_1_058_194,47.554463,7.591556,389.10538637796026,75.0,0.03229376257545272,93
HGB_1_058_196,47.554448,7.591564,390.8149207145841,1185.0625,0.03333333333333333,6
HGB_1_058_197,47.554403,7.591587,395.9458598031877,100.0,0.009259259259259259,35
HGB_1_058_198,47.554362,7.591608,400.63971502945793,7.0,0.0,106
HGB_1_058_199,47.554299,7.591622,407.2081911362071,640.0416666666667,0.0125,34
HGB_1_058_200,47.554229,7.591623,413.8921402256779,1256.0,0.0,9
HGB_1_058_201,47.554229,7.591659,415.26879909150864,9000.0,0.0,34
HGB_1_058_202,47.554229,7.591695,416.65855855118156,3075.0,0.0,4
HGB_1_058_203,47.554076,7.591832,436.5694492093672,46.0,0.15878787878787878,62
HGB_1_058_204,47.554015,7.591862,443.5134227893155,2184.1666666666665,0.0,25
HGB_1_062_005,47.556448,7.586428,208.03752158205344,,,1
HGB_1_062_006,47.556563,7.586354,206.62073066865733,100.0,0.041666666666666664,4
HGB_1_062_007,47.556705,7.586247,207.25831649508248,335.5,0.0,14
HGB_1_062_013,47.556655,7.586242,209.79614616539712,25500.0,0.0,16
HGB_1_062_014,47.556625,7.586252,210.47247575894195,205.0,0.05208333333333333,13
HGB_1_062_015,47.556575,7.586268,211.81177506084,10.0,0.20833333333333334,16
HGB_1_062_016,47.556729,7.586364,198.08021601038277,8040.0,0.037037037037037035,18
HGB_1_062_017,47.556782,7.586382,194.66343655061684,3979.5,0.0625,15
HGB_1_062_018,47.5567,7.586368,199.10708405638528,1921.125,0.25,2
HGB_1_062_020,47.556611,7.58638,202.4824662720588,100.0,0.0,17
HGB_1_062_021,47.55664,7.586376,201.3090149690744,93.0,0.1835978835978836,12
HGB_1_062_022,47.556586,7.586424,200.78843925239778,106.0,0.12777777777777777,16
HGB_1_062_023,47.556302,7.586478,213.86128514906065,285.0,0.16395987525019784,40
HGB_1_062_024,47.55622,7.586527,216.38372378501032,7.0,0.0,23
HGB_1_062_025,47.556538,7.586297,211.7116093163227,68.0,0.09216616716616716,70
HGB_1_062_026,47.556464,7.586307,214.94984032125066,900.0,0.0,39
HGB_1_062_027,47.556323,7.586291,224.15947581240613,756.5,0.06666666666666667,5
HGB_1_062_028,47.556298,7.586281,226.29440387165516,13.0,0.02803030303030303,27
HGB_1_062_029,47.556273,7.58627,228.5759994743952,372.0,0.0,7
HGB_1_063_009,47.557004,7.588311,58.55049631581733,,,5
HGB_1_063_010,47.556921,7.58833,65.38810328413375,,,2
HGB_1_063_011,47.555964,7.58848,163.4939604367668,,,4
HGB_1_063_012,47.556848,7.588386,70.36907485382844,57.5,0.09649122807017543,54
HGB_1_063_013,47.5576,7.588058,58.639750772952624,1277.5,0.03333333333333333,22
HGB_1_063_014,47.5576,7.588058,58.639750772952624,506.0,0.05555555555555555,31
HGB_1_063_015,47.557535,7.588061,56.36946370136327,,,1
HGB_1_063_017,47.557471,7.588064,54.942084619139614,158.0,0.010869565217391304,24
HGB_1_063_019,47.557438,7.588082,53.327583089656834,2695.0,0.024999999999999998,32
HGB_1_063_020,47.557412,7.588098,52.096028193301244,1260.0,0.075,9
HGB_1_063_021,47.557371,7.588128,50.13842470026275,2695.0,0.0,18
HGB_1_063_022,47.557384,7.588118,50.740839244780325,1350.0,0.0,1
HGB_1_063_023,47.557328,7.588157,48.77300789643729,1260.0,0.0,5
HGB_1_063_024,47.557201,7.588242,47.9132026423132,25.0,0.0,66
HGB_1_063_026,47.556887,7.58848,63.5912732352053,6395.0,0.0,30
HGB_1_063_027,47.556776,7.588555,73.66289710497409,150.0,0.0,42
HGB_1_063_028,47.556581,7.588624,94.04943355643738,6330.0,0.10606060606060605,15
HGB_1_063_029,47.55652,7.588641,100.56877138784444,85.0,0.12063492063492062,24
HGB_1_063_030,47.556465,7.588664,106.48555975837704,3685.0,0.0,17
HGB_1_063_032,47.556394,7.588681,114.26643993272108,35.02083333333333,0.09933862433862434,43
HGB_1_063_033,47.556426,7.588674,110.81531374034535,16.0,0.0162962962962963,54
HGB_1_063_034,47.556339,7.588692,120.2920017389817,1260.0,0.1140952380952381,33
HGB_1_063_035,47.556279,7.588701,126.92079712824199,110.0,0.043321113410399126,65
HGB_1_063_036,47.556237,7.588706,131.57115479004491,11.125,0.07071123321123321,93
HGB_1_063_037,47.556198,7.588703,135.93435075020776,1033.5,0.06944444444444443,7
HGB_1_063_038,47.556162,7.588704,139.92081241484615,1230.0,0.20555555555555555,13
HGB_1_063_039,47.556121,7.588695,144.53414912723102,1200.0,0.04298245614035088,25
HGB_1_063_040,47.556081,7.588709,148.94927113077796,15.0,0.22395833333333331,23
HGB_1_063_041,47.556034,7.588719,154.16196686984117,200.0,0.02631578947368421,21
HGB_1_063_042,47.555988,7.588729,159.19260383672332,1730.0,0.0,34
HGB_1_063_043,47.555923,7.588747,166.35885060613708,2340.0,0.0,12
HGB_1_063_045,47.555927,7.588839,165.99225939702262,,,1
HGB_1_063_046,47.555934,7.58891,165.40738208363177,60.5,0.0,14
HGB_1_063_047,47.555923,7.588747,166.35885060613708,1421.5,0.19999999999999998,16
HGB_1_063_048,47.555885,7.588752,170.5977793928785,130.0,0.308289241622575,33
HGB_1_063_049,47.55585,7.588756,174.51812542281417,4162.5,0.020833333333333332,21
HGB_1_063_050,47.55581,7.588766,178.93035971590865,3.75,0.17777777777777778,41
HGB_1_063_051,47.55581,7.588766,178.93035971590865,7.5,0.14435185185185184,64
HGB_1_063_052,47.555746,7.588777,186.08716423766893,40.0,0.003472222222222222,83
HGB_1_063_053,47.555698,7.588792,191.41671575108506,50.0,0.0,48
HGB_1_063_054,47.555645,7.588822,197.31784786902742,18.75,0.00980392156862745,48
HGB_1_063_055,47.555658,7.588814,195.84032428842434,30.0,0.11153846153846153,14
HGB_1_063_056,47.555629,7.588827,199.06978997050163,20.625,0.0,17
HGB_1_063_057,47.555582,7.588843,204.32986546012464,18.5,0.051207729468599035,31
HGB_1_063_058,47.555598,7.588838,202.57581715113105,51.25,0.14847416097416097,43
HGB_1_063_059,47.555569,7.58885,205.77792916310676,4260.0,0.0,15
HGB_1_063_060,47.55553,7.588871,210.12897060788944,19.75,0.18521021021021022,43
HGB_1_063_061,47.555497,7.588884,213.83756875715014,41.5,0.0,49
HGB_1_063_062,47.555464,7.588896,217.53457109987178,8.75,0.07142857142857142,74
HGB_1_063_063,47.555433,7.588912,221.00572369575875,11.5,0.14935064935064934,26
HGB_1_063_064,47.555399,7.588922,224.8383533600935,68.75,0.04249762583095916,30
HGB_1_063_065,47.555366,7.588955,228.60566792776137,200.0,0.236036036036036,49
HGB_1_063_066,47.555323,7.588971,233.5136057097761,3790.0,0.15384615384615385,15
HGB_1_063_067,47.555289,7.588989,237.37625949538005,10.0,0.18505291005291002,60
HGB_1_063_068,47.555274,7.589001,239.0599616834312,20.5,0.05,8
HGB_1_063_069,47.555259,7.589012,240.74620210388898,30.0,0.0,43
HGB_1_063_070,47.555228,7.589044,244.37002360747852,125.0,0.05805471124620061,54
HGB_1_063_071,47.555236,7.589036,243.46238534829973,757.5,0.0,6
HGB_1_063_072,47.555218,7.589057,245.52989642832372,962.0,0.19444444444444442,3
HGB_1_063_073,47.557558,7.587887,69.72864490524707,163.33333333333331,0.0,1
HGB_1_063_074,47.557576,7.587869,71.51707598551081,860.0,0.0,14
HGB_1_063_075,47.557545,7.587895,68.84220918631347,719.8,0.0,42
HGB_1_063_076,47.557508,7.587919,66.31634511985344,284.0,0.0,18
HGB_1_063_077,47.557479,7.587936,64.62124718555707,60.0,0.0,57
HGB_1_063_078,47.557451,7.587949,63.39639167002253,123.0,0.0,39
HGB_1_063_079,47.557413,7.587973,61.51418578023036,6960.0,0.0,17
HGB_1_063_082,47.557351,7.588005,59.597506891700384,175.0,0.06578947368421052,58
HGB_1_063_083,47.55726,7.588047,58.67367821220442,300.0,0.0,24
HGB_1_063_084,47.557165,7.588093,59.625506284889646,302.5,0.059870129870129865,83
HGB_1_063_085,47.557101,7.588128,61.17283724767627,180.0,0.0,35
HGB_1_063_086,47.557046,7.58815,63.62609899797745,151.5,0.14686813186813186,74
HGB_1_063_087,47.556995,7.588168,66.5103313645815,49.33333333333333,0.05317460317460317,37
HGB_1_063_088,47.556798,7.587584,114.05528924868526,85.0,0.0,27
HGB_1_063_089,47.556902,7.588208,72.3360125591496,14.833333333333332,0.0,64
HGB_1_063_090,47.556852,7.588231,75.86196585548069,4420.0,0.029365079365079365,30
HGB_1_063_092,47.556793,7.588265,80.11453586362646,37.125,0.11698717948717949,59
HGB_1_063_093,47.55672,7.588451,81.85106200086858,150.0,0.032163742690058485,25
HGB_1_063_095,47.55672,7.588451,81.85106200086858,1580.0,0.29166666666666663,2
HGB_1_063_097,47.556654,7.588487,88.12603156975403,3517.5,0.0,19
HGB_1_063_098,47.556618,7.588502,91.73123548931376,10130.0,0.0,3
HGB_1_063_099,47.556582,7.588517,95.38137383062953,3150.0,0.0,6
HGB_1_063_100,47.555724,7.588294,192.14947643172206,400.0,0.0,6
HGB_1_063_101,47.556323,7.588137,131.38026276651325,1890.0,0.0,4
HGB_1_063_102,47.556326,7.588543,122.91492383254491,3895.25,0.006944444444444444,31
HGB_1_063_103,47.556275,7.588557,128.40499526540125,69.0,0.05456989247311828,70
HGB_1_063_104,47.556219,7.588556,134.55594091533405,27.5,0.0,50
HGB_1_063_105,47.555956,7.5886,163.34107459626773,90.0,0.0,31
HGB_1_063_107,47.555904,7.588597,169.15105566546848,106.0,0.0,55
HGB_1_063_108,47.555904,7.588597,169.15105566546848,3450.0,0.0,8
HGB_1_063_109,47.555841,7.588596,176.05079185461008,197.0,0.07083333333333333,26
HGB_1_063_110,47.555778,7.588611,182.979349001834,18.75,0.01443623426382047,72
HGB_1_063_111,47.555761,7.588504,185.6411935515294,4830.0,0.0,9
HGB_1_063_112,47.555728,7.588622,188.42034853085386,35.0,0.0,61
HGB_1_063_113,47.555679,7.588638,193.85185813791605,120.0,0.004309416074121957,64
HGB_1_063_115,47.555645,7.588644,197.57620594683445,15.0,0.04518125552608311,93
HGB_1_063_116,47.555611,7.588655,201.2870725470862,26.0,0.0,45
HGB_1_063_117,47.555577,7.588667,204.99922957787012,30.0,0.006944444444444443,67
HGB_1_063_118,47.55554,7.58868,209.10994648225366,18.75,0.026265822784810128,91
HGB_1_063_119,47.5555,7.588694,213.54705003377924,952.25,0.029265873015873013,33
HGB_1_063_120,47.555463,7.588716,217.5750654449787,50.0,0.05896013708513708,74
HGB_1_063_121,47.555426,7.588735,221.62146971559108,25.0,0.0,18
HGB_1_063_122,47.555389,7.588749,225.76246080769616,75.0,0.029254337393872277,52
HGB_1_063_123,47.555329,7.58878,232.416123050972,55.0,0.026666666666666665,67
HGB_1_063_124,47.555352,7.588766,229.82717684199292,1177.5,0.125,2
HGB_1_063_125,47.555329,7.58878,232.416123050972,2460.0,0.21428571428571427,3
HGB_1_064_008,47.555982,7.588384,162.65796726123395,12600.0,0.0,11
HGB_1_064_009,47.556491,7.587923,122.10715357169816,320.0,0.0,59
HGB_1_064_010,47.556224,7.58828,138.28527682584874,655.0,0.1,17
HGB_1_064_012,47.556128,7.588372,147.0310893824595,125.0,0.0,5
HGB_1_064_013,47.555871,7.588382,174.8673506521132,948.5,0.03333333333333333,6
HGB_1_064_014,47.55574,7.588363,189.42645274439909,27.0,0.2618945868945869,19
HGB_1_064_015,47.555679,7.588381,195.94150312582164,5.5,0.0,8
HGB_1_064_016,47.555631,7.588408,200.92285214668033,360.0,0.0,22
HGB_1_064_018,47.555538,7.588496,210.32055043693214,700.0,0.0,1
HGB_1_064_019,47.556503,7.587806,125.93461635958103,50.0,0.14174603174603176,26
HGB_1_064_020,47.55648,7.587836,126.75130938508111,627.0,0.0,27
HGB_1_064_021,47.556445,7.587869,128.6002384680205,55.625,0.0,37
HGB_1_064_022,47.556406,7.587904,130.96749792212984,3112.5,0.0,11
HGB_1_064_023,47.556374,7.587945,132.47379320763645,3337.0,0.0,12
HGB_1_064_024,47.556337,7.587991,134.56290246247184,60.0,0.0,31
HGB_1_064_025,47.556297,7.588044,136.87604171691794,2000.0,0.0,26
HGB_1_064_026,47.556264,7.588092,138.77102895976952,2400.0,0.0,16
HGB_1_064_027,47.556228,7.588145,141.10397965077692,200.0,0.009523809523809523,42
HGB_1_064_028,47.556194,7.588194,143.46401782678512,7.625,0.2142213642213642,43
HGB_1_064_029,47.556147,7.588249,147.21093426865903,18.75,0.024568668046928917,52
HGB_1_064_030,47.556079,7.58831,153.32923141559098,60.0,0.050222222222222224,90
HGB_1_064_031,47.556009,7.588326,160.6447361497639,3057.125,0.25,2
HGB_1_064_032,47.556023,7.588322,159.23683450638137,6.0,0.1960832817975675,83
HGB_1_064_033,47.55596,7.588316,166.14012571492674,100.0,0.02543859649122807,47
HGB_1_064_034,47.555879,7.588288,175.40186131374278,37.5,0.08333333333333333,39
HGB_1_064_035,47.55582,7.588274,182.03704443275734,11599.0,0.0,10
HGB_1_064_036,47.555835,7.588278,180.37816348440722,121.75,0.0,34
HGB_1_064_037,47.555807,7.588274,183.4778877569824,50.0,0.09415584415584415,12
HGB_1_064_038,47.555767,7.588273,187.80302119680678,2260.0,0.0,17
HGB_1_064_039,47.555725,7.588278,192.25862265642405,119.16666666666667,0.04722222222222223,20
HGB_1_064_040,47.555518,7.588386,213.5761060072322,501.0,0.03231292517006803,26
HGB_1_066_009,47.560918,7.591458,437.7697039850319,,,1
HGB_1_066_010,47.560674,7.590987,397.8395847197412,81.5,0.0,2
HGB_1_066_011,47.560847,7.591379,428.05154058609236,18.0,0.0,3
HGB_1_066_013,47.560941,7.591511,441.92228394779346,1610.0,0.0,19
HGB_1_066_014,47.560829,7.59106,415.87481390826713,37.25,0.02564102564102564,30
HGB_1_066_015,47.560842,7.591099,418.38162681878543,1199.0,0.0,13
HGB_1_066_016,47.560805,7.591012,411.89343480259566,150.0,0.0,2
HGB_1_066_017,47.560772,7.590927,406.0022511908547,100.0,0.0,10
HGB_1_066_018,47.560829,7.59106,415.87481390826713,63.8,0.13547619047619047,21
HGB_1_066_019,47.560944,7.591348,436.70252790166427,25.0,0.0,11
HGB_1_066_020,47.560977,7.591423,442.4239217853183,25.0,0.0,7
HGB_1_066_021,47.560996,7.591493,446.7094515882589,70.0,0.023809523809523808,17
HGB_1_066_022,47.561018,7.59156,451.1641046282816,30.0,0.0,33
HGB_1_066_023,47.561039,7.591624,455.4602263704751,0.3333333333333333,0.006060606060606061,24
HGB_1_066_024,47.561065,7.591706,460.9876486893721,1050.3333333333335,0.0,14
HGB_1_066_025,47.561096,7.591794,467.1922872049955,155.0,0.05555555555555555,16
HGB_1_066_026,47.561125,7.591863,472.5250668789542,40.0,0.0,42
HGB_1_066_027,47.561238,7.592133,493.56856922492057,758.5833333333334,0.03333333333333333,6
HGB_1_066_028,47.561267,7.592222,499.7303044629312,565.0,0.1425595238095238,26
HGB_1_066_031,47.561297,7.592303,505.7937095347257,8.25,0.0023809523809523807,74
HGB_1_066_032,47.561309,7.592336,508.1780253802702,2.5,0.0,8
HGB_1_066_033,47.56132,7.592369,510.56643855583985,512.0,0.125,9
HGB_1_066_034,47.561361,7.592495,519.4740525137203,2.0,0.0,39
HGB_1_066_035,47.561399,7.59264,528.8817431346587,200.0,0.0,31
HGB_1_066_036,47.561432,7.592751,536.5619765988031,0.41666666666666663,0.0,11
HGB_1_066_037,47.561464,7.592842,543.410609075677,10.0,0.0,16
HGB_1_066_038,47.561432,7.592751,536.5619765988031,1575.0,0.0,1
HGB_1_066_039,47.561495,7.592958,551.2055750752202,5.0,0.5833333333333333,10
HGB_1_066_040,47.561483,7.592926,548.6513995604879,5.0,0.4431818181818182,25
HGB_1_066_041,47.5615,7.592978,552.473529285733,115.0,0.0,13
HGB_1_066_042,47.561515,7.593032,556.2114412472896,706.8333333333334,0.0,11
HGB_1_066_043,47.561533,7.593101,560.8018954161893,40.0,0.032407407407407406,40
HGB_1_066_044,47.560658,7.591028,397.503772366352,160.0,0.0,6
HGB_1_066_045,47.560835,7.591418,428.2071431524284,40.0,0.027777777777777776,11
HGB_1_066_047,47.560871,7.591514,435.115041900845,3450.0,0.0,4
HGB_1_066_048,47.560891,7.591574,439.25143612906436,46.0,0.0,60
HGB_1_066_049,47.560912,7.591633,443.34024874355936,40.0,0.0,37
HGB_1_066_050,47.560932,7.591691,447.4396075278125,143.0,0.0,13
HGB_1_066_051,47.560951,7.591749,451.484877035466,2761.6666666666665,0.0,5
HGB_1_066_052,47.560978,7.591828,456.94524691322795,92.0,0.0,29
HGB_1_066_053,47.561053,7.592091,474.24586256783573,5462.5,0.0,11
HGB_1_066_054,47.56101,7.591945,464.513013599115,69.0,0.0,47
HGB_1_066_055,47.561023,7.591998,467.8351009002665,630.0,0.0,7
HGB_1_066_056,47.56101,7.591945,464.513013599115,26.0,0.0,48
HGB_1_066_058,47.561179,7.592325,495.5351771241378,125.0,0.0,15
HGB_1_066_059,47.561208,7.59245,503.2908254555518,34.5,0.3256666666666666,54
HGB_1_066_060,47.561201,7.592419,501.34464376828515,630.0,0.15,7
HGB_1_066_061,47.561216,7.592476,505.08914211209805,20.0,0.2222222222222222,24
HGB_1_066_062,47.561239,7.592553,510.4993105559863,0.16666666666666666,0.0,19
HGB_1_066_063,47.561266,7.592663,517.6445483590036,13.0,0.2925925925925926,32
HGB_1_066_064,47.56126,7.592636,515.8533386177312,20.0,0.1914565826330532,36
HGB_1_066_065,47.561277,7.592691,519.775737552362,13.0,0.3560606060606061,35
HGB_1_066_066,47.561307,7.592776,526.1834478191807,5.0,0.029411764705882353,20
HGB_1_066_067,47.56133,7.592848,531.3249168414255,50.0,0.0,22
HGB_1_066_068,47.561344,7.592903,535.0573704605966,23.0,0.12719298245614036,61
HGB_1_066_069,47.561367,7.592983,540.5860774761492,23.0,0.37643678160919536,33
HGB_1_066_070,47.561386,7.593075,546.4262916631957,13.0,0.18478260869565216,48
HGB_1_066_071,47.561402,7.593134,550.388281239693,13.0,0.1111111111111111,30
HGB_1_066_072,47.561417,7.593192,554.3616738440263,3240.0,0.0,5
HGB_1_068_005,47.556634,7.58799,106.0354239421564,,,2
HGB_1_068_006,47.556678,7.588173,94.65634511440594,7380.0,0.0,67
HGB_1_068_007,47.556631,7.588038,104.28777260037606,6000.0,0.0,5
HGB_1_068_008,47.556712,7.588054,96.16457674781424,48.25,0.22676518883415434,39
HGB_1_068_010,47.556678,7.587995,101.87198431264456,2326.0,0.0,23
HGB_1_068_011,47.556646,7.587902,108.93891854492547,32.5,0.25619463869463865,27
HGB_1_074_006,47.560556,7.582878,565.3448551736465,1.6666666666666667,0.0,6
HGB_1_074_007,47.560713,7.582326,608.9744190707578,,,1
HGB_1_074_008,47.560637,7.58258,588.5973878959268,,,1
HGB_1_074_009,47.560591,7.582752,575.2307490191454,80.0,0.023504273504273504,59
HGB_1_074_011,47.560155,7.583987,472.495090246334,35.0,0.2847222222222222,19
HGB_1_074_012,47.560155,7.583987,472.495090246334,630.0,0.21354166666666666,23
HGB_1_074_013,47.5602,7.583804,486.25894092733296,687.5,0.025,17
HGB_1_074_015,47.560336,7.583354,522.1327169391761,54.0,0.0303030303030303,11
HGB_1_074_018,47.560275,7.583553,506.13481804892643,470.0,0.0,1
HGB_1_074_019,47.560326,7.583372,520.3950523141978,320.0,0.0,1
HGB_1_074_020,47.560256,7.583413,513.1452811600047,23.0,0.0,1
HGB_1_074_021,47.560375,7.58318,535.084643091041,48.0,0.0,22
HGB_1_074_022,47.560398,7.58312,540.22431672063,420.0,0.0,5
HGB_1_074_023,47.560447,7.583015,549.8000049309678,77.0,0.0,9
HGB_1_074_024,47.560516,7.58281,566.7089126223315,12025.0,0.0,4
HGB_1_074_025,47.560482,7.582901,558.9689903819185,,,1
HGB_1_074_026,47.560525,7.58278,569.1451034723943,585.0,0.15,12
HGB_1_074_027,47.560563,7.582631,580.6449680603866,3201.5,0.25,3
HGB_1_074_028,47.560602,7.582513,590.3045087893067,130.0,0.0,3
HGB_1_074_029,47.56062,7.58243,596.5302871620988,1623.5,0.0,3
HGB_1_074_032,47.560707,7.58216,618.5592194859204,435.875,0.0,10
HGB_1_074_033,47.560761,7.581999,631.9416981191727,8850.0,0.0,5
HGB_1_074_034,47.560787,7.581928,637.9234205722342,2400.0,0.0,6
HGB_1_074_035,47.560831,7.581723,653.3241442607712,12000.0,0.0,1
HGB_1_074_037,47.560876,7.581605,663.4489882967496,1511.5,0.0,4
HGB_1_074_038,47.560876,7.581605,663.4489882967496,9.0,0.0,8
HGB_1_074_039,47.560821,7.581587,661.1087207128313,221.0,0.0,6
HGB_1_074_040,47.560889,7.581556,667.3025526846476,800.0,0.0,2
HGB_1_074_042,47.560915,7.581458,675.0136655658912,6040.0,0.0,7
HGB_1_074_043,47.560787,7.581272,678.5077150470048,20.0,0.12593984962406016,21
HGB_1_074_045,47.560102,7.584171,458.06005666077476,33310.0,0.0,9
HGB_1_074_046,47.560102,7.584171,458.06005666077476,70.0,0.027777777777777776,18
HGB_1_074_048,47.560102,7.584171,458.06005666077476,780.0,0.0,5
HGB_1_074_049,47.560102,7.584171,458.06005666077476,2003.0,0.0,5
HGB_1_074_050,47.560102,7.584171,458.06005666077476,23.5,0.09027777777777778,13
HGB_1_074_051,47.560102,7.584171,458.06005666077476,160.0,0.0,4
HGB_1_074_052,47.560102,7.584171,458.06005666077476,7.5,0.0,6
HGB_1_074_053,47.560102,7.584171,458.06005666077476,80.0,0.0,1
HGB_1_074_055,47.560162,7.584082,467.52226567947804,459.5,0.0,14
HGB_1_074_056,47.560317,7.583956,485.9975776038301,6.25,0.0,7
HGB_1_074_057,47.560317,7.583956,485.9975776038301,,,3
HGB_1_074_059,47.560324,7.583894,490.0537349729141,887.0,0.018181818181818184,12
HGB_1_074_060,47.560343,7.583815,495.915416071357,1800.0,0.06698412698412698,33
HGB_1_074_061,47.560343,7.583815,495.915416071357,8.0,0.11180555555555556,49
HGB_1_074_062,47.560343,7.583815,495.915416071357,310.0,0.0,27
HGB_1_074_063,47.560343,7.583815,495.915416071357,755.0,0.0,7
HGB_1_074_064,47.560343,7.583815,495.915416071357,12206.0,0.0,4
HGB_1_074_065,47.560343,7.583815,495.915416071357,284.0,0.08843537414965986,10
HGB_1_074_067,47.560324,7.583894,490.0537349729141,1225.0,0.0,13
HGB_1_074_068,47.560398,7.583647,509.52963377237705,10.0,0.0,24
HGB_1_074_069,47.560343,7.583815,495.915416071357,6.0,0.0,7
HGB_1_074_070,47.560343,7.583815,495.915416071357,6.0,0.0,13
HGB_1_074_071,47.560564,7.58314,550.5176402126837,16.5,0.0,86
HGB_1_074_072,47.560578,7.583008,559.2405240902281,2.0,0.0,12
HGB_1_074_073,47.56059,7.582975,562.0293343358356,150.0,0.0,28
HGB_1_074_074,47.560575,7.583041,557.0555469903329,2.375,0.0,22
HGB_1_074_075,47.560603,7.582942,564.8185865903564,2022.0,0.0,1
HGB_1_074_076,47.560627,7.582876,570.39839118921,2500.0,0.0,5
HGB_1_074_077,47.560615,7.582909,567.6082743382136,250.0,0.0,16
HGB_1_074_078,47.56064,7.582834,573.8335439525832,3064.5,0.037037037037037035,9
HGB_1_074_079,47.56068,7.582705,584.1464830982492,45375.0,0.0,4
HGB_1_074_080,47.560667,7.582748,580.7076120451385,2034.0,0.05,15
HGB_1_074_081,47.560696,7.58266,587.9022649252722,1150.75,0.0,12
HGB_1_074_082,47.560711,7.582614,591.6590797696767,45000.0,0.0,7
HGB_1_074_083,47.560742,7.582523,599.1757307819258,4000.0,0.05,7
HGB_1_074_084,47.560773,7.582409,608.1102394764088,2006.0,0.027777777777777776,13
HGB_1_074_085,47.560794,7.58234,613.5703483581782,1257.5,0.0058823529411764705,21
HGB_1_074_086,47.560806,7.582295,617.0919096189451,21000.0,0.0,4
HGB_1_074_087,47.560818,7.58225,620.6151134938415,636.0,0.0,24
HGB_1_074_088,47.560849,7.582157,628.2111116081736,22.5,0.0,34
HGB_1_074_089,47.56087,7.582087,633.8424148888216,6.0,0.19375,48
HGB_1_074_090,47.560903,7.581981,642.4072977296524,1815.0,0.0,21
HGB_1_074_091,47.560938,7.581842,653.090118283045,1547.5,0.015625,19
HGB_1_074_092,47.560929,7.581877,650.4179838315972,266.0,0.0,6
HGB_1_074_093,47.560949,7.581803,656.2429851235202,80.0,0.0,8
HGB_1_074_094,47.560961,7.581763,659.3966763817241,36400.0,0.0,18
HGB_1_074_096,47.560984,7.581685,665.7064852820065,,,1
HGB_1_074_097,47.560973,7.581724,662.5511802856797,30.0,0.0,13
HGB_1_074_098,47.560998,7.581628,670.0554229945633,813.25,0.0,14
HGB_1_074_100,47.56104,7.581458,683.1166269274914,3359.0,0.0,6
HGB_1_074_101,47.561073,7.581342,692.3471972906078,7.333333333333333,0.0,3
HGB_1_074_102,47.561026,7.581515,678.7605399572958,9983.375,0.0,3
HGB_1_078_009,47.556167,7.586395,227.80006595951326,,,1
HGB_1_078_011,47.555942,7.586948,214.9227900423342,50.0,0.125,21
HGB_1_078_012,47.556003,7.586788,217.98862856453007,12.0,0.0,9
HGB_1_078_015,47.556464,7.585608,262.0066528086181,297.5,0.002840909090909091,64
HGB_1_078_019,47.556148,7.586559,219.52875332927638,32.5,0.22567049808429118,37
HGB_1_078_020,47.556121,7.58662,217.98618555416883,20.0,0.06977124183006536,109
HGB_1_078_021,47.556098,7.586678,216.5027140796188,4.0,0.028455284552845524,49
HGB_1_078_022,47.556078,7.586736,214.8218785383901,25.5,0.2153153153153153,47
HGB_1_078_024,47.556055,7.58681,212.67067230828945,64.25,0.20759232264334304,63
HGB_1_078_025,47.556023,7.586912,209.98520486829204,446.25,0.07928949357520787,26
HGB_1_078_026,47.556009,7.58708,202.8291676763714,74.0,0.15163690476190475,25
HGB_1_078_027,47.555978,7.58705,206.97047976682794,22.0,0.0,20
HGB_1_078_028,47.555874,7.587219,208.57704233829404,240.0,0.21055555555555555,17
HGB_1_078_029,47.555814,7.58738,207.70080506026028,11.770833333333332,0.22361111111111112,18
HGB_1_078_030,47.55579,7.58747,206.58576819726431,410.0,0.13786008230452673,12
HGB_1_078_031,47.555825,7.587599,198.6305864925841,216.0,0.19470841455490576,32
HGB_1_078_032,47.555756,7.58767,203.28699257915613,585.0,0.0,18
HGB_1_078_033,47.555853,7.587725,191.75617962219584,10.0,0.0,5
HGB_1_078_034,47.556618,7.585083,292.8820042816817,80.0,0.0,11
HGB_1_078_035,47.556599,7.585112,291.5415886894179,812.0,0.0,1
HGB_1_078_037,47.556419,7.58507,301.34792915384537,2000.0,0.09666666666666666,16
HGB_1_078_038,47.556539,7.585209,286.7537626893395,12.5,0.238863287250384,35
HGB_1_078_039,47.556386,7.585155,296.7643343422521,987.5,0.11904761904761904,21
HGB_1_078_040,47.556364,7.585213,293.7546505944538,150.0,0.016666666666666666,21
HGB_1_078_041,47.556456,7.585356,279.82895164110084,63.0,0.0,3
HGB_1_078_042,47.556411,7.585449,275.36345170728293,20.0,0.1234567901234568,33
HGB_1_078_043,47.556433,7.585403,277.5689584577157,1952.5,0.0,5
HGB_1_078_044,47.556392,7.585506,272.3469564724252,19350.0,0.0,5
HGB_1_078_045,47.556357,7.585568,269.7398920591221,12.5,0.0,14
HGB_1_078_046,47.556348,7.585611,267.30366664158015,25.0,0.16025641025641024,15
HGB_1_078_047,47.556299,7.585738,261.31831707179754,12.5,0.03333333333333333,22
HGB_1_078_048,47.556287,7.58577,259.8510613462388,2.5,0.2902777777777778,13
HGB_1_078_049,47.556249,7.585867,255.58250665407053,2.25,0.04563492063492063,49
HGB_1_078_050,47.556234,7.585918,253.24279146477983,6.75,0.2576388888888889,26
HGB_1_078_051,47.556201,7.586007,249.49595710537653,150.0,0.0,29
HGB_1_078_052,47.556164,7.586126,244.34546480495302,7.5,0.07675438596491228,84
HGB_1_078_055,47.556082,7.586412,232.65490455235272,60.0,0.05858585858585859,43
HGB_1_078_058,47.555967,7.586777,221.47313689228608,300.0,0.0,40
HGB_1_078_059,47.555994,7.586686,224.0460004185796,,,1
HGB_1_078_061,47.5559,7.58693,219.40978863514428,12.5,0.0,26
HGB_1_078_062,47.555907,7.586902,220.15107027544803,37.25,0.0,9
HGB_1_078_063,47.555893,7.586959,218.62273456092683,2.0,0.0,4
HGB_1_078_064,47.555877,7.586996,218.2646262957482,3.75,0.16666666666666666,41
HGB_1_078_065,47.555863,7.58705,217.0123934096353,12.5,0.1431076388888889,47
HGB_1_078_066,47.555843,7.587094,216.87020854398708,90.0,0.11569590569146915,54
HGB_1_078_067,47.555823,7.587156,215.92194745139346,227.08333333333334,0.17727272727272728,17
HGB_1_078_068,47.555797,7.587232,215.1586192484655,3.5,0.16975308641975306,37
HGB_1_078_069,47.55578,7.587303,213.86474912023542,800.0,0.0,17
HGB_1_078_071,47.555565,7.587256,236.27549136126936,1500.0,0.16,12
HGB_1_078_073,47.555534,7.587304,237.62371197498928,8.0,0.0,1
HGB_1_078_074,47.55551,7.587328,239.09657158673986,12.5,0.08333333333333333,11
HGB_1_078_075,47.555566,7.587517,227.2942245842165,500.0,0.0,19
HGB_1_079_007,47.556377,7.58681,188.7915739370113,,,2
HGB_1_079_008,47.556511,7.586555,196.18403079493942,12.5,0.2172222222222222,25
HGB_1_079_010,47.556536,7.586511,197.63731867500192,856.5,0.0,6
HGB_1_079_011,47.556468,7.586688,190.33355475910327,,,6
HGB_1_079_012,47.556543,7.586752,181.8037144750481,,,1
HGB_1_079_013,47.556415,7.586876,182.33446149947503,6.25,0.15384615384615385,16
HGB_1_079_014,47.556399,7.586916,180.9913656552881,20.625,0.1,10
HGB_1_079_015,47.556399,7.586916,180.9913656552881,15.0,0.22,28
HGB_1_079_018,47.556375,7.586999,177.95554353800043,6.25,0.20833333333333331,4
HGB_1_079_019,47.556366,7.587027,176.98998951450093,,,2
HGB_1_079_020,47.556357,7.587056,176.0439405324634,,,1
HGB_1_079_021,47.55633,7.587142,173.37421806769808,573.5,0.044642857142857144,17
HGB_1_079_024,47.556314,7.587182,172.491901164728,448.5,0.0,2
HGB_1_079_025,47.556295,7.587229,171.55306547808053,405.0,0.17407407407407408,9
HGB_1_079_028,47.556245,7.58734,170.18037661226754,1200.0,0.0,3
HGB_1_079_029,47.556204,7.587352,173.09286046720135,1250.0,0.041666666666666664,5
HGB_1_079_030,47.556146,7.587338,178.8886327250829,1684.5,0.11666666666666665,18
HGB_1_079_031,47.556116,7.587319,182.40682447285,624.0,0.41111111111111115,3
HGB_1_079_032,47.556116,7.587319,182.40682447285,12.0,0.07575757575757575,11
HGB_1_079_034,47.556101,7.58731,184.1676803689207,30.0,0.06372549019607843,18
HGB_1_079_035,47.556072,7.58729,187.6321171052413,58.0,0.05376344086021505,35
HGB_1_079_036,47.556031,7.587257,192.7415964551873,332.5,0.125,2
HGB_1_079_037,47.555976,7.587237,198.53637585485023,86.75,0.22212341454422901,30
HGB_1_079_039,47.556366,7.586735,194.02860305856615,100.0,0.125,20
HGB_1_079_041,47.556232,7.587118,182.39434203160266,849.0,0.0,6
HGB_1_079_042,47.556198,7.58723,179.55252021168567,1740.0,0.0,1
HGB_1_079_043,47.556097,7.587147,192.07785469455075,638.0,0.0625,5
HGB_1_079_044,47.556069,7.587129,195.3811187102212,610.0,0.0,2
HGB_1_079_045,47.556041,7.587111,198.6889335640713,50.0,0.09833333333333333,54
HGB_1_082_004,47.550957,7.592816,779.8343047701985,,,2
HGB_1_082_005,47.55104,7.592924,774.548616382269,4346.0,0.0,6
HGB_1_082_006,47.551514,7.593513,746.6835121915169,1090.0,0.0,8
HGB_1_082_007,47.551291,7.593294,761.0985846309512,592.0,0.0,13
HGB_1_082_008,47.551094,7.593068,773.4654849879277,635.0,0.0,12
HGB_1_085_006,47.557525,7.587098,127.93903291409612,400.0,0.0,1
HGB_1_085_008,47.557562,7.587305,112.89422406941148,150.0,0.1111111111111111,9
HGB_1_085_009,47.557632,7.587815,77.1018741492275,3340.0,0.0,40
HGB_1_085_010,47.557632,7.587815,77.1018741492275,510.5,0.08333333333333333,10
HGB_1_085_011,47.557609,7.587703,84.51169492431694,4500.0,0.018229166666666664,47
HGB_1_085_012,47.557589,7.587626,89.6214877486249,5990.0,0.03571428571428571,23
HGB_1_085_013,47.557572,7.587563,93.93250307145492,7470.0,0.0,19
HGB_1_085_014,47.557525,7.587583,91.65774299537152,166.5,0.0,13
HGB_1_085_015,47.557477,7.587602,89.65877696308941,9060.0,0.08333333333333333,9
HGB_1_085_016,47.557567,7.587497,98.70241957354581,2500.0,0.0,13
HGB_1_085_017,47.557554,7.587456,101.56092670750208,60.0,0.06354065435698089,55
HGB_1_085_018,47.557537,7.587381,106.85228587497953,8400.0,0.07543859649122807,30
HGB_1_085_019,47.557541,7.5874,105.52310249599361,2652.0,0.023809523809523808,8
HGB_1_085_020,47.557539,7.587363,108.23311071017594,2950.0,0.04,9
HGB_1_085_021,47.557512,7.587266,115.20494318119711,930.0,0.0,7
HGB_1_085_022,47.557517,7.587293,113.24785842855539,882.6041666666666,0.0,16
HGB_1_085_023,47.557503,7.587231,117.7434841110627,4694.0,0.0,16
HGB_1_085_024,47.5575,7.587176,121.87530860655761,200.0,0.0,18
HGB_1_085_025,47.557499,7.587197,120.24063097557031,1473.0,0.0,6
HGB_1_085_026,47.557498,7.587153,123.5372689794139,1260.0,0.0,11
HGB_1_085_027,47.557492,7.587086,128.52857296428164,150.0,0.03861111111111111,69
HGB_1_085_029,47.557494,7.586933,140.06422918430758,48.0,0.0,19
HGB_1_085_030,47.557494,7.586933,140.06422918430758,58.0,0.0,69
HGB_1_085_031,47.557683,7.587719,85.7795656954817,15.0,0.0,21
HGB_1_085_032,47.557668,7.58762,92.36172609166125,17.770833333333332,0.0,6
HGB_1_085_033,47.557695,7.587783,81.77384355107993,5.0,0.0,28
HGB_1_085_034,47.557683,7.587719,85.7795656954817,3822.0,0.0,4
HGB_1_085_035,47.557678,7.587691,87.60227024469056,253.25,0.025,27
HGB_1_085_036,47.557732,7.587762,84.83607726088658,86.5,0.0,7
HGB_1_085_037,47.557722,7.587771,83.79531418783125,2151.0,0.0,4
HGB_1_085_038,47.557743,7.587755,85.8169436458214,108.5,0.0,5
HGB_1_085_039,47.557673,7.587669,88.97454893991139,2705.0,0.0,6
HGB_1_085_041,47.557661,7.58757,95.71277587334589,44.0,0.018465909090909092,35
HGB_1_085_042,47.55765,7.587505,100.1229189671649,1331.75,0.19759199134199132,35
HGB_1_085_043,47.557639,7.587458,103.22513175483604,2080.0,0.0,16
HGB_1_085_044,47.55763,7.587389,108.06271996473886,235.0,0.050203252032520324,49
HGB_1_085_045,47.557617,7.587331,112.06393555117323,2260.0,0.0,26
HGB_1_085_046,47.557607,7.587279,115.69075726364822,3085.0,0.0861111111111111,21
HGB_1_085_048,47.557602,7.587233,118.96222165486795,430.5,0.022727272727272728,40
HGB_1_085_049,47.557592,7.587151,124.88451198053816,546.0,0.003623188405797101,29
HGB_1_085_050,47.557584,7.587107,128.05374153178394,20.0,0.028143274853801168,45
HGB_1_085_051,47.557587,7.587121,126.99570647043338,2380.0,0.41666666666666663,2
HGB_1_085_052,47.557582,7.587092,129.1094762100339,1870.0,0.0,3
HGB_1_085_053,47.557578,7.587049,132.28175587462286,35.0,0.0,38
HGB_1_085_054,47.55757,7.586999,135.90421598197992,161.5,0.0,40
HGB_1_085_056,47.55757,7.586949,139.63195728200395,79.25,0.00625,48
HGB_1_085_057,47.557565,7.586872,145.26870064700475,47.5,0.0,49
HGB_1_086_006,47.558017,7.586195,206.3098085733088,,,3
HGB_1_086_007,47.558004,7.585997,220.10958581367495,150.0,0.0,9
HGB_1_086_008,47.557989,7.586697,169.8308273281297,65.0,0.1062888198757764,57
HGB_1_086_010,47.557998,7.58639,191.79690202630817,12900.0,0.0,6
HGB_1_086_013,47.558002,7.586273,200.29373314021345,12.0,0.13686868686868686,77
HGB_1_086_018,47.557931,7.586128,208.33418497743142,1340.0,0.0,15
HGB_1_086_019,47.557985,7.586111,211.23331925203559,1975.0,0.0,16
HGB_1_086_020,47.557983,7.585991,219.78812503149294,80.0,0.0,24
HGB_1_086_021,47.55798,7.585919,224.9497322086713,15.0,0.008064516129032258,48
HGB_1_086_022,47.557979,7.585853,229.68695962733895,52.5,0.0,22
HGB_1_086_023,47.557977,7.58576,236.375440787788,47.0,0.0,21
HGB_1_086_024,47.558041,7.586434,190.3336047787048,253.75,0.05,17
HGB_1_086_025,47.558042,7.586367,195.1269901653666,81.5,0.0,14
HGB_1_086_026,47.558107,7.586275,204.18264341815564,7310.0,0.0,9
HGB_1_086_028,47.557889,7.586113,208.16721647932226,3090.0,0.0,11
HGB_1_086_029,47.558036,7.586083,215.03339607676193,,,4
HGB_1_086_030,47.558032,7.585982,222.09652066422638,1575.0,0.0,10
HGB_1_086_031,47.558028,7.585881,229.19344408148964,,,1
HGB_1_091_016,47.565331,7.583127,977.5583717924283,,,2
HGB_1_091_018,47.56265,7.585271,639.1088953302869,,,1
HGB_1_091_020,47.565047,7.583145,948.6259064756082,18.25,0.0,14
HGB_1_091_021,47.563334,7.584614,728.9114136085917,1.875,0.0,6
HGB_1_091_022,47.563652,7.584429,766.7921868988981,23.0,0.0,14
HGB_1_091_023,47.56369,7.584401,771.509044805066,33.0,0.0,47
HGB_1_091_024,47.562397,7.585111,618.8669502739472,8100.0,0.0,29
HGB_1_091_026,47.56255,7.58513,633.5152429924302,93.33333333333333,0.030701754385964907,24
HGB_1_091_027,47.562601,7.585072,640.5712797981499,30000.0,0.05,5
HGB_1_091_028,47.562657,7.585019,647.8891573960615,3840.0,0.02564102564102564,17
HGB_1_091_029,47.562618,7.58507,642.3006981414267,540.0,0.0,1
HGB_1_091_030,47.56267,7.585012,649.3733710844801,1800.0,0.0,1
HGB_1_091_031,47.562723,7.584951,656.7270493749902,2252.0,0.016666666666666666,29
HGB_1_091_032,47.562768,7.584909,662.5827948284656,2940.0,0.0,23
HGB_1_091_033,47.562821,7.584864,669.3609061620263,2460.0,0.0,18
HGB_1_091_034,47.562838,7.584853,671.4594677620287,7215.0,0.0,1
HGB_1_091_035,47.562855,7.584841,673.5580332500981,1000.0833333333334,0.0,15
HGB_1_091_036,47.562847,7.584847,672.508750022433,4500.0,0.0,3
HGB_1_091_037,47.562887,7.584821,677.4375282547038,4275.541666666667,0.0,2
HGB_1_091_038,47.56292,7.584801,681.3171093665765,13340.0,0.0,6
HGB_1_091_039,47.562984,7.584761,689.0765240953733,781.0,0.0,40
HGB_1_091_040,47.563138,7.584655,707.920364760822,28.0,0.0,50
HGB_1_091_042,47.56319,7.584616,714.3859885521059,15.541666666666668,0.0,4
HGB_1_091_043,47.563099,7.584682,703.2093900606887,2734.75,0.0,4
HGB_1_091_045,47.563345,7.5845,733.7829329171498,6.25,0.0,3
HGB_1_091_046,47.563293,7.584539,727.3172729550125,2261.0,0.1388888888888889,32
HGB_1_091_047,47.563378,7.584476,737.8574163257805,6.25,0.0,44
HGB_1_091_048,47.563477,7.584404,750.0808671382338,2115.0833333333335,0.0,7
HGB_1_091_049,47.563444,7.584428,746.0063834378236,918.75,0.0,8
HGB_1_091_050,47.563528,7.584385,755.8234580922048,3.75,0.2,19
HGB_1_091_051,47.563513,7.584382,754.4559031723979,960.75,0.0,5
HGB_1_091_052,47.563622,7.584315,767.5816171543505,21.666666666666668,0.10833333333333332,24
HGB_1_091_053,47.563586,7.584337,763.2062799174109,250.0,0.0,8
HGB_1_091_054,47.563668,7.584278,773.3265944928758,32.125,0.0,20
HGB_1_091_055,47.563803,7.584167,790.5622056124437,2980.0,0.0,22
HGB_1_091_056,47.563832,7.58414,794.2927099324802,2385.5,0.0,2
HGB_1_091_057,47.56386,7.584113,798.0234295010855,108.25,0.005208333333333333,31
HGB_1_091_058,47.563948,7.58389,814.2290830548953,1.5,0.0,17
HGB_1_091_059,47.563956,7.583904,814.5705895680388,,,2
HGB_1_091_060,47.563948,7.58389,814.2290830548953,4650.0,0.0,9
HGB_1_091_061,47.564138,7.583899,832.8652511032905,623.0,0.0,5
HGB_1_091_062,47.564215,7.583841,842.4318472800862,103.0,0.01282051282051282,54
HGB_1_091_063,47.564311,7.583728,855.7832606303729,4019.25,0.0,17
HGB_1_091_064,47.564437,7.583653,870.8802995445352,2391.0,0.0,2
HGB_1_091_065,47.564357,7.583697,861.4081396247199,1260.0,0.0,23
HGB_1_091_066,47.56442,7.583656,869.0474085718334,108.0,0.0,11
HGB_1_091_067,47.5645,7.583609,878.6106138622044,18480.0,0.0,1
HGB_1_091_068,47.5645,7.583609,878.6106138622044,2752.5,0.0,16
HGB_1_091_069,47.564563,7.583564,886.34093956203,611.5,0.0,5
HGB_1_091_070,47.56439,7.583191,882.2314519089982,711.5,0.0,3
HGB_1_091_073,47.564631,7.58346,896.6477103882065,454.0,0.12990196078431374,28
HGB_1_091_074,47.56465,7.583488,897.6113854877714,480.0,0.0,8
HGB_1_091_075,47.564751,7.583403,910.5089693733834,6000.0,0.0,1
HGB_1_091_076,47.564783,7.583342,915.7564995982874,30000.0,0.0,7
HGB_1_091_077,47.564913,7.583259,931.4271890534643,3.0,0.0,5
HGB_1_091_078,47.564975,7.583205,939.4136462574472,40.0,0.0,9
HGB_1_091_079,47.564871,7.583012,935.7906622791884,50.0,0.0,27
HGB_1_091_081,47.564867,7.582901,939.2862730723679,14762.0,0.0,5
HGB_1_091_082,47.564884,7.583004,937.3052284605137,36650.0,0.0,4
HGB_1_091_084,47.564946,7.582895,947.1991385635777,4.0,0.0,9
HGB_1_091_085,47.565047,7.583145,948.6259064756082,10.5,0.0,49
HGB_1_091_086,47.565112,7.58309,956.9382616909422,,,1
HGB_1_091_087,47.565112,7.58309,956.9382616909422,250.0,0.0,1
HGB_1_091_090,47.565143,7.583065,960.861549592013,26.0,0.004629629629629629,60
HGB_1_091_091,47.565174,7.58304,964.7848553721976,192.5,0.0,2
HGB_1_091_092,47.565238,7.582986,972.8889313666624,291.0,0.0,27
HGB_1_091_093,47.565301,7.58293,981.147417208507,40.0,0.0,6
HGB_1_091_094,47.565342,7.582907,985.8965982870133,500.0,0.0,8
HGB_1_091_095,47.565286,7.582946,979.0510643663775,300.0,0.0,7
HGB_1_091_096,47.565381,7.582857,991.502921863601,43.0,0.0,5
HGB_1_091_097,47.565528,7.582699,1011.4363710712704,,,1
HGB_1_091_098,47.566411,7.582045,1121.3200247466727,,,1
HGB_1_091_099,47.562347,7.585557,599.4791300206651,30.666666666666668,0.0,27
HGB_1_091_100,47.562379,7.585513,604.115923833976,2010.0,0.0,23
HGB_1_091_101,47.562448,7.585437,613.4497696015054,7500.0,0.0,15
HGB_1_091_102,47.562509,7.58538,621.3940526780791,1665.0,0.0,14
HGB_1_091_103,47.562534,7.585356,624.731204064421,260.0,0.0,7
HGB_1_091_104,47.56256,7.585333,628.0686621824873,41.0,0.0,30
HGB_1_091_105,47.562595,7.585302,632.5153591673188,58.0,0.0,16
HGB_1_091_106,47.562682,7.585287,641.8256204305177,60.0,0.0,23
HGB_1_091_108,47.56275,7.585178,652.1159712208529,62.0,0.0,36
HGB_1_091_109,47.562818,7.585122,660.6796185188186,210.0,0.030952380952380953,36
HGB_1_091_110,47.562864,7.585079,666.7688231994849,16.5,0.0,12
HGB_1_091_111,47.562849,7.585094,664.7389933958613,50.0,0.0,28
HGB_1_091_112,47.562885,7.585063,669.3801603171753,44.0,0.0,14
HGB_1_091_113,47.562948,7.585014,677.2143590460499,621.0,0.027777777777777776,12
HGB_1_091_114,47.562909,7.585044,672.4002353101647,4900.0,0.0,3
HGB_1_091_115,47.562909,7.585044,672.4002353101647,1087.5,0.0,3
HGB_1_091_116,47.562961,7.585005,678.8175173844405,311.0,0.1,7
HGB_1_091_118,47.562987,7.584988,682.0238361568817,890.0,0.0,13
HGB_1_091_119,47.56306,7.584941,690.8979172239159,101.0,0.02564102564102564,15
HGB_1_091_120,47.563107,7.58491,696.6050190503715,72000.0,0.03571428571428571,12
HGB_1_091_122,47.563152,7.58488,702.0524854040034,1935.0,0.05,27
HGB_1_091_123,47.563216,7.584839,709.8342359382716,2100.0,0.0,8
HGB_1_091_124,47.563314,7.584747,722.6646402209726,182.83333333333334,0.0,21
HGB_1_091_125,47.563349,7.584723,726.9595926205208,200.0,0.2692307692307692,43
HGB_1_091_126,47.563413,7.584671,735.0737679060477,390.0,0.0,13
HGB_1_091_127,47.563471,7.584631,742.1355509702561,3.25,0.0,29
HGB_1_091_128,47.563501,7.584614,745.7068249434737,60.0,0.0,40
HGB_1_091_129,47.563795,7.584368,783.1122100724538,42.0,0.0,20
HGB_1_091_130,47.563836,7.58434,788.1840458044915,25.0,0.1391891891891892,42
HGB_1_091_131,47.56386,7.584318,791.2469797495299,26.0,0.0,15
HGB_1_091_132,47.563895,7.584273,796.2332395365687,25.0,0.0,25
HGB_1_091_133,47.563913,7.584272,798.135454858207,182.0,0.0,15
HGB_1_091_134,47.564036,7.584188,813.1451502530587,300.0,0.0,1
HGB_1_091_135,47.564036,7.584188,813.1451502530587,40.0,0.0,36
HGB_1_091_136,47.56395,7.584237,802.95047660682,20.0,0.06933333333333333,28
HGB_1_091_137,47.564069,7.58417,817.0727711780344,125.0,0.0,34
HGB_1_091_138,47.56418,7.584096,830.6195961546147,400.9,0.0,22
HGB_1_091_139,47.564152,7.584114,827.2328838228915,1.5,0.16666666666666666,3
HGB_1_091_140,47.56418,7.584096,830.6195961546147,443.0,0.0,11
HGB_1_091_141,47.564198,7.584082,832.8873439160423,400.0,0.0,7
HGB_1_091_142,47.564252,7.584038,839.6907244937632,252.0,0.0,39
HGB_1_091_143,47.564311,7.58399,847.1427639879363,133.0,0.018115942028985504,53
HGB_1_091_144,47.564379,7.583935,855.7382071535128,120.0,0.0,13
HGB_1_091_145,47.564415,7.583906,860.3260527729882,40.0,0.04938271604938271,34
HGB_1_091_146,47.564451,7.583877,864.9139791747923,6.0,0.0,39
HGB_1_091_147,47.564549,7.583806,877.0151021481811,7500.0,0.05555555555555555,17
HGB_1_091_148,47.564606,7.583744,884.7468508332552,40.0,0.0873015873015873,25
HGB_1_091_149,47.564659,7.58372,890.8998512821598,1125.0,0.0,19
HGB_1_091_150,47.564737,7.583657,900.7517975649971,400.0,0.0,16
HGB_1_091_151,47.564798,7.583602,908.6087167931565,25.0,0.2,13
HGB_1_091_152,47.564831,7.583571,912.9365316715905,1.0833333333333333,0.5833333333333334,5
HGB_1_091_153,47.564885,7.583529,919.7523377400272,70.0,0.0,14
HGB_1_091_154,47.56491,7.583521,922.5178875585586,,,5
HGB_1_091_155,47.564858,7.583559,916.0752298218063,25.0,0.0,11
HGB_1_091_156,47.564936,7.583498,925.7981254849872,3000.0,0.0,7
HGB_1_091_157,47.565021,7.583436,936.4257323072206,12.0,0.0,10
HGB_1_091_158,47.564974,7.583453,931.1189152911958,931.5,0.0625,8
HGB_1_091_159,47.565037,7.583426,938.2785056140737,504.0,0.02040816326530612,8
HGB_1_091_160,47.565082,7.583396,943.8368451177176,40.0,0.006896551724137932,34
HGB_1_091_161,47.565126,7.58337,948.9968954490824,14.0,0.0,3
HGB_1_091_162,47.565169,7.583344,954.1570365803192,,,3
HGB_1_091_163,47.565147,7.583357,951.5769547571634,3950.0,0.0,5
HGB_1_091_164,47.565185,7.583336,956.0423346719715,40.0,0.0,3
HGB_1_091_165,47.565201,7.583328,957.9276788867483,12.0,0.0,19
HGB_1_091_166,47.565233,7.583312,961.6985046014026,360.0,0.0,3
HGB_1_091_167,47.565977,7.582512,1062.4243048477606,3383.0,0.0,9
HGB_1_092_006,47.553411,7.586104,489.3683444313725,100.0,0.0,2
HGB_1_092_008,47.55373,7.587211,427.06552813266956,18.75,0.29933333333333334,33
HGB_1_092_009,47.553719,7.587169,429.1715732438334,617.0,0.0,6
HGB_1_092_010,47.553692,7.587088,433.80335671435995,310.5,0.06666666666666667,9
HGB_1_092_011,47.553646,7.586969,441.4113216357086,250.0,0.0,6
HGB_1_092_012,47.553581,7.586789,452.55843522367246,4.0,0.3020833333333333,17
HGB_1_092_013,47.553552,7.586728,457.15603771209726,255.0,0.0,2
HGB_1_092_014,47.553494,7.586597,466.62058763540665,5580.0,0.0,2
HGB_1_092_015,47.553473,7.586543,470.22899704803024,713.375,0.0,6
HGB_1_092_016,47.553473,7.586543,470.22899704803024,637.5,0.0,2
HGB_1_092_017,47.553452,7.586489,473.85621585463684,600.0,0.0,4
HGB_1_092_018,47.553465,7.586506,472.07810312692277,293.5,0.16666666666666666,2
HGB_1_092_024,47.554058,7.587562,385.00894440722954,464.125,0.125,19
HGB_1_092_025,47.553997,7.587444,393.8082990817793,160.0,0.0,3
HGB_1_093_005,47.558902,7.596123,576.0074160647317,,,1
HGB_1_093_006,47.558884,7.596193,580.5050272253831,15.0,0.0,7
HGB_1_093_008,47.559066,7.5959,565.5676267904962,11.0,0.3726190476190476,36
HGB_1_093_011,47.558992,7.596065,574.7649230034391,14.0,0.1111111111111111,6
HGB_1_093_014,47.558942,7.596187,581.8964802525751,180.0,0.0,4
HGB_1_093_015,47.558897,7.596253,585.2173748488299,21.5,0.0,4
HGB_1_093_016,47.558872,7.59634,590.720126835138,1822.0,0.0,2
HGB_1_093_017,47.558828,7.596428,595.7785411141199,899.25,0.3333333333333333,5
HGB_1_093_018,47.558828,7.596428,595.7785411141199,1445.0,0.6666666666666666,2
HGB_1_093_019,47.558884,7.596302,588.3697053967361,1682.5,0.041666666666666664,9
HGB_1_093_021,47.558439,7.597108,636.2528157373187,19.5,0.35,5
HGB_1_093_023,47.558439,7.597108,636.2528157373187,158.5,0.0,4
HGB_1_095_006,47.559317,7.586257,284.4329294805503,10.0,0.0,4
HGB_1_095_007,47.559257,7.586249,279.9190276586658,40.0,0.0,19
HGB_1_095_008,47.559343,7.585994,300.0638778168201,1260.0,0.0,25
HGB_1_095_009,47.559343,7.585994,300.0638778168201,8.5,0.0,3
HGB_1_095_010,47.559343,7.585994,300.0638778168201,320.0,0.0,1
HGB_1_095_011,47.559343,7.585994,300.0638778168201,1305.0,0.0,8
HGB_1_095_012,47.559343,7.585994,300.0638778168201,21630.0,0.0,7
HGB_1_095_013,47.559343,7.585994,300.0638778168201,2040.0,0.0,10
HGB_1_095_014,47.559343,7.585994,300.0638778168201,427.5,0.0,4
HGB_1_095_015,47.559343,7.585994,300.0638778168201,1590.0,0.0,18
HGB_1_095_016,47.559343,7.585994,300.0638778168201,1500.0,0.0,15
HGB_1_095_017,47.559343,7.585994,300.0638778168201,,,1
HGB_1_095_018,47.559343,7.585994,300.0638778168201,,,1
HGB_1_095_019,47.559343,7.585994,300.0638778168201,,,4
HGB_1_095_022,47.559343,7.585994,300.0638778168201,8058.916666666666,0.0,9
HGB_1_095_024,47.559324,7.586473,274.36230577382497,12216.0,0.0,5
HGB_1_095_025,47.559371,7.586201,291.65059679292324,11400.0,0.0,24
HGB_1_096_005,47.559526,7.596734,642.1491582567915,,,2
HGB_1_096_008,47.559468,7.596862,648.8126085056998,30.0,0.0,5
HGB_1_096_009,47.559657,7.596812,652.9725730642815,6.0,0.0,1
HGB_1_096_010,47.559636,7.596845,654.3890351862398,384.0,0.10666666666666666,5
HGB_1_096_011,47.559605,7.596853,653.6903632517276,5012.5,0.0,3
HGB_1_096_012,47.559671,7.596844,655.8388957268022,4.0,0.20666666666666664,5
HGB_1_096_013,47.559569,7.596863,652.9114485391251,2018.75,0.25,2
HGB_1_096_014,47.559519,7.596921,654.9989326743348,292.4583333333333,0.25,3
HGB_1_096_015,47.559486,7.596984,658.1145089514406,458.5,0.15277777777777776,7
HGB_1_096_016,47.559443,7.59708,663.238165386139,274.0,0.16666666666666666,11
HGB_1_096_017,47.559402,7.597187,669.2975728373831,56.0,0.0,2
HGB_1_096_018,47.55934,7.59731,675.8882439992057,1803.1666666666667,0.0,7
HGB_1_096_020,47.559229,7.597453,682.3392194491505,16.0,0.08,6
HGB_1_096_021,47.559492,7.59667,636.2933495471042,355.08333333333337,0.125,5
HGB_1_096_023,47.559477,7.596699,637.7225316927119,20.0,0.1,5
HGB_1_096_024,47.559445,7.596772,641.5580556446803,944.5,0.0,2
HGB_1_096_025,47.55941,7.596848,645.6102677453518,51.0,0.08229166666666667,20
HGB_1_096_027,47.559396,7.596901,648.8371626741812,725.0,0.16666666666666666,2
HGB_1_096_028,47.55932,7.597051,656.6537953543492,61.0,0.0,2
HGB_1_096_030,47.559262,7.597157,662.2385038681796,275.0,0.0,2
HGB_1_096_031,47.559135,7.597361,672.6600440566157,28.666666666666664,0.0,7
HGB_1_098_009,47.562991,7.590411,631.4578369934521,17.0,0.0,9
HGB_1_098_010,47.562333,7.590749,565.8919217837273,37.0,0.04804804804804805,48
HGB_1_098_012,47.56221,7.590521,548.3686211730336,56001.5,0.0,5
HGB_1_098_013,47.561937,7.590366,516.170899398044,40.0,0.0,16
HGB_1_098_014,47.561628,7.590411,483.62020780804284,2700.0,0.0,4
HGB_1_098_016,47.561726,7.590197,490.42398969754015,120.0,0.0,5
HGB_1_098_018,47.561821,7.59013,499.7309045658789,72200.0,0.0,1
HGB_1_098_019,47.561868,7.590103,504.3856033383566,56000.0,0.0,1
HGB_1_098_023,47.56235,7.591066,574.381320632976,310.0,0.5,24
HGB_1_098_032,47.56259,7.591416,607.9726646958449,15.375,0.15277777777777776,22
HGB_1_101_006,47.552303,7.590121,577.6683231719065,,,1
HGB_1_101_007,47.551935,7.590909,630.2491702733167,12.1875,0.07575757575757575,27
HGB_1_101_008,47.551947,7.590864,628.0926814376061,20.0,0.008333333333333333,16
HGB_1_101_009,47.551967,7.590782,624.4418484279946,1307.3333333333335,0.041666666666666664,9
HGB_1_101_010,47.552003,7.590588,617.2773975063924,1690.0,0.0,7
HGB_1_101_011,47.551999,7.590493,616.1277720105729,400.0,0.0,1
HGB_1_101_012,47.551996,7.590398,615.0595601620136,1320.0,0.0,10
HGB_1_101_013,47.551983,7.590285,614.7890932558321,24.0,0.020833333333333332,30
HGB_1_101_014,47.551965,7.590198,615.6819253544078,3.8333333333333335,0.12026143790849672,40
HGB_1_101_015,47.551935,7.590113,617.8100632848177,1.5,0.12117117117117117,43
HGB_1_101_016,47.551909,7.590039,619.8623640528451,3.0,0.19595959595959597,18
HGB_1_101_017,47.551871,7.589953,623.117125770137,477.0,0.09375,18
HGB_1_101_018,47.551826,7.589844,626.9497532724055,667.5,0.05,13
HGB_1_101_019,47.551786,7.589755,630.5919364154972,89.5,0.0,24
HGB_1_101_020,47.551761,7.589692,632.7984713519888,63.5,0.05378787878787879,28
HGB_1_101_021,47.552289,7.589999,577.6205187907349,353.0,0.07575757575757575,14
HGB_1_101_022,47.552237,7.590089,584.483070072055,60.0,0.0,5
HGB_1_101_023,47.552132,7.590194,597.2954321095574,12.5,0.0,30
HGB_1_101_024,47.552158,7.590167,594.0870915521512,213.0,0.0,1
HGB_1_101_025,47.552132,7.590194,597.2954321095574,323.3333333333333,0.0,2
HGB_1_101_026,47.55208,7.590103,601.8239206436449,73.0,0.06666666666666667,21
HGB_1_103_007,47.554565,7.58765,328.7652343913145,275.0,0.03125,13
HGB_1_103_008,47.554565,7.58765,328.7652343913145,40.0,0.0,4
HGB_1_103_009,47.554886,7.587486,298.3196437941649,41.0,0.0,13
HGB_1_103_010,47.554763,7.58755,309.76746089296665,360.0,0.0,12
HGB_1_103_011,47.555034,7.587401,285.10421986375405,591.25,0.0,8
HGB_1_103_012,47.554027,7.588794,377.18775759958646,120.0,0.0,30
HGB_1_103_013,47.554042,7.588705,375.5667763626469,15.0,0.10185185185185185,30
HGB_1_103_014,47.554055,7.588651,374.2127503992088,10.5,0.0,2
HGB_1_103_015,47.554042,7.588705,375.5667763626469,10.5,0.0,33
HGB_1_103_016,47.554068,7.588597,372.9040880503805,30.0,0.05789473684210527,40
HGB_1_103_017,47.554066,7.588495,373.50273318059124,840.0,0.009615384615384616,17
HGB_1_103_019,47.5541,7.588358,370.48547015446167,3150.0,0.0,14
HGB_1_103_020,47.554145,7.588258,366.28906324565185,60.0,0.08333333333333333,19
HGB_1_103_022,47.554145,7.588198,366.7237056147612,1980.0,0.009302325581395349,56
HGB_1_103_030,47.554302,7.588411,347.7374070237118,195.0,0.0,10
HGB_1_103_033,47.554302,7.588411,347.7374070237118,60.0,0.0,1
HGB_1_103_034,47.55432,7.588304,346.5707536293155,60.0,0.0,3
HGB_1_103_037,47.554323,7.588255,346.60180985961284,65.0,0.0,2
HGB_1_103_038,47.554327,7.588223,346.46776094776476,65.0,0.0,2
HGB_1_103_040,47.554347,7.588085,345.7538998581111,70.0,0.0,2
HGB_1_103_041,47.554355,7.588045,345.31787116676327,30.0,0.0,1
HGB_1_103_042,47.55421,7.588748,356.82123587613637,140.0,0.0,2
HGB_1_103_045,47.554214,7.588703,356.44220682585416,60.0,0.0,2
HGB_1_103_047,47.554225,7.588618,355.3605028965766,40.0,0.0,2
HGB_1_103_049,47.55426,7.588733,351.32359097654887,60.0,0.0,3
HGB_1_103_050,47.554212,7.588482,357.33548651022204,60.0,0.0,2
HGB_1_103_051,47.55422,7.588448,356.6694783180905,60.0,0.0,2
HGB_1_103_052,47.554241,7.58846,354.215080148131,50.0,0.0,1
HGB_1_103_053,47.554252,7.588393,353.409608962603,75.0,0.0,2
HGB_1_103_055,47.554238,7.588378,355.082048722956,60.0,0.0,2
HGB_1_103_062,47.554271,7.587859,357.0107906920353,100.0,0.0,1
HGB_1_103_065,47.554318,7.587748,353.65596636240514,140.0,0.0,3
HGB_1_103_068,47.554373,7.587698,348.5536953098943,2426.75,0.0,1
HGB_1_104_006,47.553885,7.587882,398.8887139230068,,,4
HGB_1_104_014,47.552185,7.587429,590.9203856992418,20.0,0.014705882352941176,36
HGB_1_104_016,47.553897,7.587744,399.4720517378789,20.0,0.041666666666666664,34
HGB_1_104_017,47.553897,7.587744,399.4720517378789,,,1
HGB_1_104_018,47.553932,7.587844,394.20414741007136,206.0,0.0,24
HGB_1_104_019,47.553932,7.587844,394.20414741007136,11.25,0.0,28
HGB_1_104_021,47.553897,7.587744,399.4720517378789,600.0,0.0382716049382716,31
HGB_1_104_022,47.553897,7.587744,399.4720517378789,36.0,0.011764705882352941,18
HGB_1_104_023,47.553897,7.587744,399.4720517378789,113.16666666666666,0.1530438842203548,40
HGB_1_104_024,47.553839,7.587929,403.29134553500285,1800.0,0.0,8
HGB_1_104_025,47.553841,7.587931,403.1175700366752,644.0,0.14487179487179486,13
HGB_1_104_026,47.553841,7.587931,403.1175700366752,10.0,0.0,17
HGB_1_104_027,47.553841,7.587931,403.1175700366752,12.5,0.17954545454545456,26
HGB_1_104_028,47.553839,7.587929,403.29134553500285,,,1
HGB_1_104_029,47.553671,7.588109,419.8563641454972,870.5,0.10416666666666667,18
HGB_1_104_032,47.55349,7.58824,438.8614748245028,11560.0,0.23916666666666667,13
HGB_1_104_033,47.553606,7.588189,426.38356107789804,,,1
HGB_1_104_034,47.553185,7.588195,472.9123172048594,731.0,0.06666666666666668,11
HGB_1_104_036,47.553606,7.588189,426.38356107789804,663.0,0.0,5
HGB_1_104_037,47.553606,7.588189,426.38356107789804,23.0,0.22916666666666666,10
HGB_1_104_038,47.55283,7.587753,516.1593143019917,25.0,0.0,4
HGB_1_104_039,47.552754,7.587698,525.2019921531343,25.0,0.0,28
HGB_1_104_041,47.5526,7.587537,544.0571397802331,2075.0,0.0,22
HGB_1_104_042,47.552624,7.587548,541.3313945810679,845.75,0.013888888888888888,7
HGB_1_104_043,47.553606,7.588189,426.38356107789804,6.0,0.0,11
HGB_1_104_044,47.552779,7.588103,518.574486045264,4.875,0.19444444444444442,7
HGB_1_104_045,47.552135,7.587328,597.7158321102011,260.125,0.1,36
HGB_1_106_005,47.559451,7.587587,243.42440773095908,,,1
HGB_1_106_006,47.559492,7.587634,246.33770488903946,,,1
HGB_1_106_007,47.559532,7.587687,249.17930681923352,,,2
HGB_1_106_008,47.559418,7.587856,233.09601155272165,5660.0,0.0,5
HGB_1_106_009,47.559418,7.587856,233.09601155272165,,,1
HGB_1_106_010,47.559496,7.587683,245.4474831748974,1589.0,0.0,57
HGB_1_106_011,47.559441,7.587614,241.55221967382468,62.5,0.0,46
HGB_1_106_012,47.559387,7.587564,237.45031169750692,55.0,0.0,35
HGB_1_106_013,47.559345,7.58753,234.24799077679612,1.5,0.0,36
HGB_1_106_014,47.55977,7.587943,269.01830880380965,2223.0,0.06053571428571429,25
HGB_1_106_015,47.559717,7.587869,264.6785869499385,125.0,0.0841703221332851,91
HGB_1_106_016,47.559678,7.58782,261.516056117833,3182.0,0.07449494949494949,19
HGB_1_106_017,47.559631,7.587757,257.9009231152358,90.33333333333333,0.11354679802955664,49
HGB_1_106_020,47.559584,7.587696,254.39599891963073,46.0,0.051041666666666666,20
HGB_1_106_021,47.559584,7.587696,254.39599891963073,1832.0,0.125,5
HGB_1_106_022,47.559584,7.587696,254.39599891963073,1075.5,0.040625,8
HGB_1_106_023,47.559584,7.587696,254.39599891963073,465.0,0.0,4
HGB_1_106_024,47.559584,7.587696,254.39599891963073,916.5,0.303030303030303,2
HGB_1_106_025,47.559584,7.587696,254.39599891963073,61.0,0.0,6
HGB_1_106_026,47.559584,7.587696,254.39599891963073,40.0,0.17142857142857143,7
HGB_1_106_027,47.559584,7.587696,254.39599891963073,10710.0,0.25,2
HGB_1_106_028,47.559431,7.587468,244.8133236296368,80.0,0.0,3
HGB_1_106_029,47.559397,7.587415,243.0331958644205,50.0,0.0,4
HGB_1_106_030,47.55939,7.587446,241.3992186754097,60.0,0.0,3
HGB_1_106_031,47.55939,7.587446,241.3992186754097,80.0,0.0,3
HGB_1_112_005,47.555545,7.587905,218.80541568922266,,,3
HGB_1_112_007,47.555507,7.588105,218.82254803958185,,,1
HGB_1_112_008,47.555596,7.587615,221.15621582676866,443.0,0.07142857142857142,10
HGB_1_112_009,47.555556,7.587857,218.78467494295523,47.0,0.0,8
HGB_1_112_010,47.555254,7.588558,241.3327336406299,60.0,0.15597667638483967,66
HGB_1_112_011,47.555223,7.588561,244.7551858808899,,,1
HGB_1_112_012,47.555335,7.588344,234.14975704219412,18.75,0.0,27
HGB_1_112_015,47.55547,7.588066,223.44578467450248,5.0,0.0,6
HGB_1_112_016,47.555539,7.587776,222.61352020665402,12.5,0.2450980392156863,22
HGB_1_112_017,47.555539,7.587776,222.61352020665402,41.25,0.18888888888888888,22
HGB_1_112_018,47.555539,7.587776,222.61352020665402,60.0,0.16678691678691676,30
HGB_1_112_019,47.555362,7.588495,229.76679526414094,23.0,0.013513513513513513,38
HGB_1_112_020,47.555409,7.588412,225.34077363351315,32.0,0.21666666666666667,51
HGB_1_112_021,47.555444,7.588337,222.25050320800844,608.0,0.15043128914096654,43
HGB_1_112_022,47.555554,7.588058,214.55853760449077,133.0,0.05178571428571428,37
HGB_1_112_023,47.555569,7.58799,214.38544567915275,20.0,0.024000000000000004,29
HGB_1_112_024,47.555581,7.587921,214.57598957560327,1240.0,0.0,38
HGB_1_112_025,47.555591,7.587839,215.49685771907417,200.0,0.26785714285714285,41
HGB_1_113_008,47.556378,7.584493,343.5275871512029,,,1
HGB_1_113_009,47.556261,7.585037,310.4752925966072,630.0,0.023529411764705882,29
HGB_1_113_020,47.556783,7.583808,381.59835238298234,2461.5,0.0,6
HGB_1_113_021,47.556783,7.583808,381.59835238298234,160.0,0.0,15
HGB_1_113_022,47.556783,7.583808,381.59835238298234,3007.0,0.0,6
HGB_1_113_023,47.556647,7.583833,382.86316075869564,360.0,0.0,8
HGB_1_113_024,47.556664,7.583801,384.80238326717995,1880.0,0.0,11
HGB_1_113_025,47.556628,7.583863,381.13328001389283,650.0,0.0,21
HGB_1_113_027,47.556591,7.583923,377.7239706094122,2016.5,0.0,7
HGB_1_113_028,47.556572,7.583953,376.04499936013576,7050.0,0.0,4
HGB_1_113_029,47.55652,7.584035,371.60336281658965,3760.0,0.0,1
HGB_1_113_030,47.556467,7.584118,367.30538129957654,40.0,0.0,11
HGB_1_113_032,47.556441,7.584168,364.5074641763252,214.5,0.0,8
HGB_1_113_034,47.556414,7.584219,361.7522491198066,57.0,0.0,19
HGB_1_113_035,47.556371,7.584278,359.062966179776,818.3333333333334,0.013888888888888888,19
HGB_1_113_036,47.556241,7.584421,354.0028044979532,84.5,0.20657060330973373,24
HGB_1_113_037,47.556241,7.584421,354.0028044979532,1230.0,0.0,5
HGB_1_113_038,47.556324,7.584337,356.64491348114973,104.25,0.16666666666666666,2
HGB_1_113_039,47.556291,7.584373,355.37996865978414,100.0,0.0,1
HGB_1_113_040,47.556164,7.584415,357.6588799115852,480.0,0.0,9
HGB_1_113_041,47.556138,7.584414,358.9152798640312,30.0,0.2037037037037037,13
HGB_1_113_042,47.556514,7.584334,350.20400851612976,,,2
HGB_1_113_043,47.556514,7.584334,350.20400851612976,755.0,0.3333333333333333,11
HGB_1_113_044,47.556514,7.584334,350.20400851612976,76520.0,0.0,2
HGB_1_113_045,47.556134,7.58466,342.17150493033716,1282.5,0.0,20
HGB_1_113_046,47.556163,7.584645,341.8335242372473,5.0,0.0,39
HGB_1_113_047,47.556251,7.584601,341.0248946224848,1200.0,0.0,13
HGB_1_113_048,47.556337,7.584628,335.63467805573396,125.0,0.0,17
HGB_1_113_049,47.556286,7.584741,329.8325380029253,30.0,0.0,14
HGB_1_113_050,47.55627,7.584804,326.14617725911484,860.0,0.0,3
HGB_1_113_051,47.556286,7.584741,329.8325380029253,25.0,0.0,5
HGB_1_113_052,47.55627,7.584804,326.14617725911484,30.0,0.0,16
HGB_1_113_054,47.556209,7.584944,319.2253898112662,2000.0,0.0,6
HGB_1_113_055,47.556151,7.585053,314.6958119693704,648.0,0.0,21
HGB_1_113_057,47.556062,7.585266,305.1590160852904,20.0,0.0,34
HGB_1_113_058,47.556013,7.585379,300.61242474287417,1200.0,0.0,3
HGB_1_113_059,47.555878,7.585702,288.82406115721693,64.0,0.05092592592592592,11
HGB_1_113_060,47.555826,7.585843,283.9228570288168,23.0,0.0,32
HGB_1_113_061,47.555964,7.585492,296.34278650718613,123.0,0.0,4
HGB_1_113_062,47.555778,7.585978,279.5022222038293,23.0,0.0,3
HGB_1_113_063,47.555686,7.586334,267.07187193656046,944.0,0.044444444444444446,24
HGB_1_113_064,47.555616,7.586548,262.0721022380651,16.0,0.0,30
HGB_1_113_065,47.555616,7.586548,262.0721022380651,150.0,0.0,6
HGB_1_113_066,47.555583,7.586644,260.3177355436097,1086.0,0.0,2
HGB_1_113_068,47.555516,7.586819,258.4519480284185,864.5,0.05634920634920635,20
HGB_1_113_069,47.555481,7.586898,258.2975532234776,37.333333333333336,0.0,15
HGB_1_114_005,47.555221,7.587818,255.1653128805693,40.0,0.0,6
HGB_1_114_006,47.555501,7.587528,233.5451829362441,605.0,0.0,16
HGB_1_114_007,47.555098,7.588167,262.32472727601976,,,3
HGB_1_114_008,47.555098,7.588167,262.32472727601976,820.0,0.0,10
HGB_1_114_009,47.555296,7.587558,253.69810347854042,,,1
HGB_1_114_010,47.555489,7.587656,230.93298503622228,,,3
HGB_1_114_012,47.555531,7.587672,226.19572886482365,50.0,0.0,6
HGB_1_114_013,47.555019,7.587818,276.7620129193933,3000.0,0.0,6
HGB_1_114_014,47.555439,7.587401,243.71342551520453,327.75,0.011363636363636364,27
HGB_1_115_004,47.555529,7.587986,218.7340593785071,,,1
HGB_1_115_005,47.555515,7.588059,218.73850816357412,318.75,0.0,3
HGB_1_115_006,47.555605,7.588306,204.9544335518644,30.0,0.17247721974994704,60
HGB_1_115_007,47.555537,7.588278,212.85518454768345,11.0,0.1456043956043956,30
HGB_1_115_008,47.555483,7.588277,218.76838356192124,204.75,0.13102106227106228,63
HGB_1_115_009,47.555662,7.58828,199.13770563032145,135.0,0.09506172839506172,45
HGB_1_116_005,47.554528,7.586352,370.1714543966626,,,1
HGB_1_116_007,47.555074,7.58704,292.19027872657944,100500.0,0.0,17
HGB_1_116_011,47.554335,7.586193,394.6861817004421,110.0,0.0,7
HGB_1_116_012,47.554335,7.586193,394.6861817004421,431.0,0.125,3
HGB_1_116_014,47.554083,7.585894,430.2872453664538,10500.0,0.0,2
HGB_1_116_015,47.554045,7.585853,435.5068513576817,1202.0,0.3333333333333333,3
HGB_1_116_021,47.555184,7.58701,282.3456715500179,18.333333333333332,0.0,21
HGB_1_116_022,47.555057,7.586851,300.53367428358627,270.0,0.0,9
HGB_1_116_023,47.554961,7.586741,313.8666786876087,50.0,0.0,6
HGB_1_116_026,47.554855,7.586627,328.3348540769501,101.5,0.025,12
HGB_1_116_030,47.554644,7.586381,357.887911076374,1800.0,0.05,13
HGB_1_116_033,47.55451,7.586227,376.69831786789223,2361.0,0.0,7
HGB_1_116_036,47.554406,7.586095,391.7212616233412,814.0,0.06666666666666667,5
HGB_1_116_037,47.554318,7.58599,404.0952102181348,,,3
HGB_1_116_038,47.554318,7.58599,404.0952102181348,530.0,0.0,2
HGB_1_116_039,47.554275,7.585938,410.2847553424163,668.0,0.0,8
HGB_1_117_007,47.559002,7.594864,489.8526797224595,500.0,0.0,4
HGB_1_117_009,47.559008,7.594695,478.2681003739128,12.5,0.025,13
HGB_1_117_010,47.558986,7.594337,452.3868954335922,7.0,0.0,2
HGB_1_117_011,47.559015,7.594394,457.53823612424327,900.0,0.0,4
HGB_1_117_012,47.559033,7.594435,461.2048233544996,5.5,0.0,23
HGB_1_117_013,47.559182,7.594558,476.32382920481984,63.0,0.01020408163265306,18
HGB_1_117_014,47.559165,7.594611,479.1538361958162,3.0,0.0,29
HGB_1_117_015,47.559139,7.594652,480.83459781078,7.0,0.25,8
HGB_1_117_016,47.559129,7.594678,482.1616973417261,7.0,0.3966269841269841,60
HGB_1_117_017,47.55912,7.594706,483.72930986328095,50.0,0.41666666666666663,9
HGB_1_117_018,47.559109,7.594758,486.85474343746534,12.0,0.012345679012345678,29
HGB_1_117_019,47.559088,7.594859,493.006456709583,710.0,0.0,3
HGB_1_117_020,47.559068,7.594928,497.0049832491147,4.5,0.0,51
HGB_1_117_021,47.559048,7.594997,501.03562543400886,963.0,0.10416666666666666,4
HGB_1_117_022,47.559017,7.595114,508.04711177356705,3.5,0.3333333333333333,8
HGB_1_117_024,47.558729,7.594146,428.58415111316015,315.0,0.0,12
HGB_1_117_025,47.558693,7.594122,425.59021847710125,9.0,0.2968253968253968,22
HGB_1_117_026,47.558645,7.594119,423.5914251461599,332.0,0.14285714285714285,10
HGB_1_117_027,47.558579,7.594335,436.77569003776745,538.0,0.047619047619047616,6
HGB_1_117_028,47.558816,7.594398,449.7667268011307,4.5,0.1358974358974359,31
HGB_1_117_029,47.558762,7.59484,479.20978114468915,9.0,0.0,8
HGB_1_117_030,47.558823,7.595268,511.9605230649871,571.0,0.16666666666666666,3
HGB_1_118_004,47.555104,7.588348,259.5778857390716,,,1
HGB_1_118_005,47.555072,7.588395,262.6927360975804,1500.0,0.0,4
HGB_1_118_006,47.554922,7.588556,278.1732019895348,3000.0,0.0,9
HGB_1_118_007,47.554964,7.588525,273.6989461053933,625.0,0.0,17
HGB_1_118_008,47.555006,7.588494,269.25071361126817,1230.0,0.0,15
HGB_1_118_010,47.555055,7.588453,264.0578497924651,8100.0,0.0,4
HGB_1_118_012,47.555157,7.588345,253.80154803800914,20.0,0.3333333333333333,4
HGB_1_118_013,47.555258,7.588322,242.88906395598076,40.0,0.0,19
HGB_1_119_005,47.554378,7.592704,448.49076771731575,8000.0,0.0,3
HGB_1_119_006,47.55492,7.592867,413.9554406029961,4138.75,0.0,12
HGB_1_119_007,47.554831,7.592841,419.28058989257664,1600.0,0.0,4
HGB_1_119_009,47.55422,7.592669,460.1770702234638,750.0,0.0,16
HGB_1_119_010,47.554301,7.592594,449.582365944383,100.0,0.0,11
HGB_1_120_006,47.552431,7.596816,820.1147188349397,,,1
HGB_1_120_008,47.552134,7.596389,820.0377297933323,30.0,0.0,5
HGB_1_120_009,47.552489,7.596892,820.0381573468948,293.0,0.0,5
HGB_1_120_010,47.552559,7.596988,820.1875209512045,22.0,0.118018018018018,67
HGB_1_120_011,47.552624,7.597054,819.3041233728738,100.0,0.0,59
HGB_1_120_012,47.552688,7.597112,817.9638448562501,3900.0,0.0,18
HGB_1_120_014,47.553016,7.597408,812.6584359553209,87.5,0.020833333333333332,13
HGB_1_120_016,47.553992,7.598436,819.9543797189156,240.0,0.0,6
HGB_1_120_017,47.553927,7.598383,819.8739643049137,3300.0,0.0,12
HGB_1_120_018,47.553853,7.598314,819.252907898794,510.0,0.07692307692307693,15
HGB_1_120_019,47.553738,7.598196,817.7473238808514,1306.0,0.0,14
HGB_1_120_020,47.553655,7.598113,817.0455850031664,100.0,0.020833333333333332,32
HGB_1_120_021,47.5536,7.598059,816.6894985248241,167.0,0.03571428571428571,14
HGB_1_120_022,47.553542,7.598006,816.7337460642456,14.0,0.03571428571428571,15
HGB_1_120_023,47.55346,7.597928,816.6129385951342,23.0,0.0,19
HGB_1_120_025,47.55346,7.597928,816.6129385951342,26.5,0.266540404040404,8
HGB_1_120_027,47.55346,7.597928,816.6129385951342,27.0,0.1,6
HGB_1_120_028,47.55346,7.597928,816.6129385951342,,,1
HGB_1_120_029,47.553322,7.597786,816.0410896270317,25.0,0.0,26
HGB_1_120_031,47.553071,7.597548,817.5119292696992,5.0,0.28888888888888886,16
HGB_1_120_032,47.553071,7.597548,817.5119292696992,5.25,0.175,20
HGB_1_120_033,47.553071,7.597548,817.5119292696992,5.0,0.14035087719298245,22
HGB_1_120_034,47.553071,7.597548,817.5119292696992,669.5,0.17083333333333334,11
HGB_1_120_035,47.55301,7.597489,817.954662717935,75464.0,0.0,3
HGB_1_120_036,47.55288,7.59737,819.6361944884927,10.0,0.008,28
HGB_1_120_037,47.552229,7.59663,825.4274350036865,463.0,0.0,5
HGB_1_120_038,47.552229,7.59663,825.4274350036865,202.5,0.0,4
HGB_1_120_039,47.552229,7.59663,825.4274350036865,15.0,0.16666666666666666,9
HGB_1_120_041,47.552508,7.596998,824.534253155358,807.5,0.16666666666666666,13
HGB_1_120_042,47.552229,7.59663,825.4274350036865,1735.5,0.0,8
HGB_1_120_047,47.553884,7.598169,807.963646897386,1475.0,0.0,8
HGB_1_120_048,47.553807,7.598095,807.3243443980739,2174.25,0.0,8
HGB_1_120_049,47.553691,7.597982,806.5585731699401,455.5,0.0,8
HGB_1_120_050,47.553581,7.597876,806.1637435756697,1595.0,0.0,10
HGB_1_120_051,47.553419,7.597755,808.2126998887582,240.0,0.0,9
HGB_1_120_052,47.553359,7.597665,806.2248839891829,1470.0,0.0,9
HGB_1_120_053,47.553235,7.597524,805.3744143260693,21.0,0.2397212543554007,44
HGB_1_120_054,47.553168,7.59745,805.2062697270462,61.0,0.19285714285714287,32
HGB_1_120_055,47.553113,7.597383,804.702850565927,27.0,0.05873015873015873,24
HGB_1_120_056,47.552338,7.596451,807.3058614434224,4037.0,0.08333333333333333,3
HGB_1_120_057,47.553156,7.597429,804.6736575399566,27.5,0.20833333333333331,17
HGB_1_120_058,47.552283,7.596371,807.2386935159195,19.0,0.2763376623376623,26
HGB_1_120_059,47.553061,7.596817,774.5179765507102,604.0,0.2654761904761905,13
HGB_1_120_060,47.553061,7.596817,774.5179765507102,29.0,0.1984126984126984,11
HGB_1_120_061,47.552283,7.596371,807.2386935159195,25.0,0.2908289241622575,30
HGB_1_120_062,47.553061,7.596817,774.5179765507102,25.0,0.26454248366013067,20
HGB_1_120_066,47.552283,7.596371,807.2386935159195,,,1
HGB_1_120_067,47.552283,7.596371,807.2386935159195,331.375,0.0,18
HGB_1_120_068,47.552283,7.596371,807.2386935159195,73.25,0.17916666666666667,8
HGB_1_120_069,47.552283,7.596371,807.2386935159195,1207.0,0.21904761904761902,7
HGB_1_120_070,47.552283,7.596371,807.2386935159195,47.5,0.20666666666666664,11
HGB_1_120_071,47.552283,7.596371,807.2386935159195,30.0,0.03571428571428571,16
HGB_1_122_005,47.557859,7.588056,73.76132431688029,32.0,0.0,3
HGB_1_122_006,47.558038,7.587716,106.17851419567317,,,4
HGB_1_122_007,47.557928,7.588063,78.76105270965306,,,1
HGB_1_122_008,47.557991,7.587984,87.8827186605022,13.0,0.0,12
HGB_1_122_010,47.557911,7.587998,80.8895342335708,,,4
HGB_1_122_011,47.55785,7.588146,68.13500133217659,247.5,0.0,11
HGB_1_122_012,47.55817,7.58813,97.14236925354072,264.5,0.0,18
HGB_1_122_017,47.5582,7.588105,101.01540851942204,24000.0,0.0,36
HGB_1_122_018,47.55814,7.588152,93.49566651679804,,,1
HGB_1_122_019,47.55814,7.588152,93.49566651679804,698.0,0.0,7
HGB_1_122_020,47.558004,7.588256,76.3938399752452,6360.0,0.0,62
HGB_1_122_021,47.557988,7.58827,74.33751814987421,42.0,0.023454913880445797,58
HGB_1_122_022,47.557988,7.58827,74.33751814987421,,,1
HGB_1_122_023,47.557925,7.588323,66.31958452042137,6586.5,0.01282051282051282,44
HGB_1_122_024,47.557812,7.588418,51.924394318966534,1050.0,0.0,12
HGB_1_122_027,47.557793,7.588435,49.43494037553207,106.0,0.0,3
HGB_1_122_028,47.557628,7.58826,46.19290512980063,70.0,0.009259259259259259,41
HGB_1_122_029,47.557617,7.588301,42.90316737266015,115.0,0.041666666666666664,48
HGB_1_122_030,47.557625,7.588234,47.674620879025724,60.0,0.016816717903674425,88
HGB_1_122_032,47.557766,7.587741,87.90798982979041,90.0,0.0,46
HGB_1_122_033,47.557804,7.587739,89.9718849300272,6000.0,0.03571428571428571,18
HGB_1_122_034,47.557899,7.587655,100.75040959860937,123.125,0.0625,15
HGB_1_122_035,47.557883,7.587669,98.90760617630708,12126.0,0.25,3
HGB_1_122_036,47.55791,7.587643,102.14334864444449,125.0,0.0,13
HGB_1_122_037,47.557973,7.587576,110.21341680434955,13.625,0.024739583333333332,37
HGB_1_122_038,47.558035,7.587487,119.63472600192824,3342.5,0.05416666666666667,30
HGB_1_122_039,47.55807,7.587635,113.13622513579246,,,4
HGB_1_122_040,47.558051,7.588215,82.56302274145679,250.0,0.08226495726495726,50
HGB_1_122_041,47.557887,7.588352,61.61227648689883,180.0,0.0,38
HGB_1_122_042,47.557736,7.588486,41.967182233294224,3.0,0.0,15
HGB_1_122_043,47.557722,7.588497,40.227595884539326,12603.0,0.0,25
HGB_1_122_044,47.557755,7.588469,44.45631743113583,5380.5,0.0,24
HGB_1_122_045,47.557615,7.588158,52.3044991782742,108000.0,0.0,19
HGB_1_122_046,47.557618,7.588184,50.73319969141049,3150.0,0.0,33
HGB_1_122_048,47.557611,7.588133,53.85497581958345,70.0,0.0,2
HGB_1_122_049,47.557615,7.588158,52.3044991782742,1050.0,0.0,20
HGB_1_122_050,47.557611,7.588133,53.85497581958345,57.5,0.015277777777777777,20
HGB_1_122_051,47.557611,7.588133,53.85497581958345,28.75,0.0,18
HGB_1_122_052,47.557836,7.587712,93.43475342806892,1548.125,0.011188811188811189,36
HGB_1_122_053,47.557943,7.587608,106.34104600138026,600.0,0.0,22
HGB_1_122_054,47.558019,7.587511,117.1667033738227,75.5,0.24276377217553685,20
HGB_1_122_055,47.558037,7.587584,113.79853806937989,130.25,0.0625,21
HGB_1_122_056,47.558115,7.587477,125.49965209374115,115.0,0.0,61
HGB_1_122_057,47.558115,7.587477,125.49965209374115,1687.5,0.0,6
HGB_1_122_058,47.558188,7.587509,128.8832498235318,1616.0,0.0,9
HGB_1_122_059,47.55816,7.587575,123.06820289985615,1810.0,0.0,12
HGB_1_122_060,47.558159,7.587933,104.53172256526632,1288.0,0.02611111111111111,35
HGB_1_122_062,47.558059,7.587787,103.80386937038543,735.0,0.0,16
HGB_1_122_063,47.558159,7.587933,104.53172256526632,13700.5,0.024242424242424242,27
HGB_1_123_007,47.55827,7.589129,97.91853876800567,1.25,0.0,1
HGB_1_123_008,47.558283,7.589188,100.5514892309192,1035.0,0.0,25
HGB_1_123_009,47.558511,7.589531,133.62596955335908,1725.0,0.0,5
HGB_1_123_010,47.558016,7.589449,82.82163012227151,10.0,0.0,15
HGB_1_123_014,47.558321,7.588984,101.33882153786305,4650.0,0.0,13
HGB_1_123_015,47.55828,7.589035,97.4058533685318,2642.5,0.17361111111111108,6
HGB_1_123_016,47.558238,7.589062,93.31950385038166,2029.0,0.018518518518518517,10
HGB_1_123_017,47.558189,7.589097,88.68208389737894,1707.5,0.0,3
HGB_1_123_019,47.558081,7.589207,79.99172769439338,12000.0,0.0,25
HGB_1_123_020,47.557732,7.589618,71.32823510453038,14925.0,0.0,15
HGB_1_123_021,47.557704,7.58967,73.36662206768293,28500.0,0.0,18
HGB_1_125_005,47.558825,7.588778,156.35626052943005,,,1
HGB_1_125_007,47.558762,7.588868,149.45754857520512,,,4
HGB_1_125_008,47.558832,7.588965,157.607035971257,100.0,0.1,10
HGB_1_125_010,47.558711,7.588425,146.23414050325127,,,1
HGB_1_125_011,47.558807,7.588282,158.98131434493612,605.0,0.0,7
HGB_1_125_013,47.558877,7.588931,162.40125259438318,10.0,0.1111111111111111,4
HGB_1_125_014,47.558896,7.588645,164.5928819004679,1128.0,0.0,4
HGB_1_125_015,47.558761,7.588316,153.4530555333955,1800.0,0.0,5
HGB_1_131_004,47.554644,7.597821,746.5048738624813,,,2
HGB_1_131_005,47.554542,7.597412,723.5316579703515,,,1
HGB_1_131_006,47.55467,7.598069,762.3596775214817,120.0,0.11,17
HGB_1_131_007,47.554687,7.597576,727.7546030496526,30.0,0.0960957501280082,70
HGB_1_131_008,47.554702,7.597703,735.7952196265113,10.0,0.09142857142857141,45
HGB_1_131_009,47.554713,7.597902,748.9396277878026,4.5,0.19230769230769232,16
HGB_1_131_010,47.554719,7.597999,755.3605704865247,18.5,0.16666666666666666,7
HGB_1_131_011,47.55467,7.599074,832.2414461117165,2000.0,0.0,3
HGB_1_131_012,47.554829,7.601065,967.7547049976533,220.0,0.23119392684610077,82
HGB_1_131_013,47.554746,7.60121,980.92175481134,44.0,0.0,1
HGB_1_131_014,47.554788,7.601174,976.9128280665968,420.0,0.0,8
HGB_1_131_015,47.554638,7.598388,785.790105112706,19.25,0.2,8
HGB_1_131_016,47.554631,7.598437,789.5049117254082,21.208333333333336,0.25277777777777777,31
HGB_1_131_017,47.554623,7.598486,793.2203054546528,27100.0,0.0,4
HGB_1_131_018,47.554627,7.598625,802.6865942400353,6.0,0.15404040404040403,43
HGB_1_131_019,47.554608,7.598806,816.130972468527,64.0,0.35876623376623373,14
HGB_1_131_020,47.554799,7.600692,941.9891264679148,2000.0,0.0,4
HGB_1_131_021,47.554677,7.601105,975.794318509819,60.0,0.19126984126984126,24
HGB_1_131_022,47.554678,7.60124,985.364610016561,,,1
HGB_1_131_023,47.554587,7.601244,988.8594234853014,975.0,0.5,2
HGB_1_133_005,47.555574,7.591186,273.1563870117789,,,1
HGB_1_133_007,47.555218,7.59103,297.20682389390026,1200.0,0.0,1
HGB_1_133_008,47.555492,7.591173,279.36319737326517,6000.0,0.0,8
HGB_1_133_009,47.555308,7.590993,287.42945292800044,80.0,0.0303030303030303,15
HGB_1_133_010,47.555308,7.590993,287.42945292800044,85.16666666666667,0.375,3
HGB_1_133_011,47.555308,7.590993,287.42945292800044,2357.0,0.125,4
HGB_1_133_012,47.555308,7.590993,287.42945292800044,1000.0,0.3333333333333333,1
HGB_1_133_013,47.555308,7.590993,287.42945292800044,,,3
HGB_1_133_014,47.555308,7.590993,287.42945292800044,169.125,0.039283216783216786,25
HGB_1_133_015,47.555315,7.591018,287.8638715052603,265.5,0.04772727272727273,25
HGB_1_133_016,47.555335,7.591091,289.2451812852984,8.0,0.02747853239656518,64
HGB_1_133_017,47.555363,7.590899,278.3333291261287,1500.0,0.0,9
HGB_1_133_018,47.555542,7.591093,271.30425217111855,1170.0,0.0,1
HGB_1_133_019,47.555586,7.591109,268.3545077709432,800.0,0.0,23
HGB_1_133_020,47.555624,7.591135,266.4544540684805,1355.0,0.0,7
HGB_1_133_021,47.555695,7.591286,268.454268343483,3165.0,0.0,16
HGB_1_133_022,47.555731,7.591359,269.4819377189654,3.25,0.15058479532163743,65
HGB_1_133_023,47.555764,7.591405,269.4291838771667,3.25,0.13095238095238096,46
HGB_1_133_024,47.555191,7.591148,304.7473746213165,35.0,0.0,19
HGB_1_133_025,47.555175,7.591151,306.3453616771463,30.0,0.0807017543859649,21
HGB_1_133_026,47.555203,7.591153,303.9232236866683,21.5,0.0641025641025641,30
HGB_1_133_027,47.555237,7.591168,301.47274570572614,85.0,0.0,72
HGB_1_133_028,47.555257,7.591168,299.74619177086123,23.0,0.037037037037037035,9
HGB_1_133_029,47.555284,7.591183,297.9934347915619,17.5,0.0,63
HGB_1_133_031,47.555307,7.591194,296.52259445806436,3.25,0.024999999999999998,47
HGB_1_133_032,47.55535,7.591186,292.3706779407076,13.625,0.17750677506775067,45
HGB_1_133_033,47.55538,7.591197,290.19145067498545,1864.0,0.0,28
HGB_1_133_034,47.555431,7.591204,286.13217416613355,630.0,0.0,15
HGB_1_133_035,47.555491,7.591213,281.45482786748937,6680.0,0.0,8
HGB_1_133_036,47.555531,7.591231,278.98224635940227,37.25,0.05,25
HGB_1_133_037,47.55557,7.591248,276.5629272655884,,,1
HGB_1_134_005,47.556113,7.592846,338.06465112201295,198000.0,0.0,12
HGB_1_134_007,47.55592,7.592295,312.05494382655917,1000.0,0.0,14
HGB_1_134_009,47.556072,7.592345,306.61904415308106,750.0,0.0,2
HGB_1_135_005,47.556712,7.591553,222.311850293363,,,7
HGB_1_135_006,47.556615,7.59161,230.26977602061413,,,1
HGB_1_135_007,47.556625,7.591674,234.3296216823226,2750.0,0.0,6
HGB_1_135_008,47.556784,7.592789,309.1254527153946,,,5
HGB_1_135_009,47.556765,7.591646,226.9080764564627,5.0,0.0,26
HGB_1_135_010,47.557148,7.591201,183.91726306292952,,,3
HGB_1_135_011,47.557024,7.591489,207.7788554503309,20.0,0.0,15
HGB_1_135_013,47.556924,7.592046,251.1465352833244,,,5
HGB_1_135_014,47.556287,7.591992,271.8918029958901,20.0,0.0,8
HGB_1_135_015,47.555815,7.59166,280.1484708241739,1000.0,0.0,40
HGB_1_135_016,47.55585,7.591449,265.4938847640893,5.375,0.11403508771929824,21
HGB_1_135_017,47.556297,7.591405,233.0218502480483,,,6
HGB_1_135_018,47.556575,7.591104,197.88628065631823,1300.0,0.0,30
HGB_1_135_019,47.556943,7.590847,163.6360118130425,1280.0,0.0,6
HGB_1_135_023,47.55704,7.59132,194.98504783712633,1.6666666666666665,0.0,9
HGB_1_135_028,47.55713,7.591732,223.73786005952417,15166.666666666666,0.0,16
HGB_1_135_029,47.557119,7.591756,225.73213487667158,1850.0,0.0,3
HGB_1_135_030,47.557064,7.591844,233.22614501118082,150.0,0.0,24
HGB_1_135_031,47.555923,7.591846,283.8769411346065,1000.0,0.0,30
HGB_1_135_032,47.555423,7.591532,303.0433211829116,4.0,0.0,12
HGB_1_135_033,47.556141,7.591545,251.34192227278191,1240.0,0.0,25
HGB_1_135_034,47.556397,7.591295,220.11978551786146,1000.0,0.0,32
HGB_1_135_035,47.556744,7.590894,175.2355548174814,985.0,0.0,37
HGB_1_135_036,47.557091,7.590858,159.8866427911269,19500.0,0.0,31
HGB_1_136_006,47.557205,7.587005,136.45460931852975,,,1
HGB_1_136_007,47.557159,7.587121,128.9653028112528,,,4
HGB_1_136_008,47.557095,7.587167,127.40707077388844,50.0,0.03125,18
HGB_1_136_009,47.557326,7.587084,128.82602416257333,20.0,0.11076870398904297,72
HGB_1_136_010,47.557326,7.587084,128.82602416257333,997.5,0.125,2
HGB_1_136_011,47.557369,7.587107,126.81126177415307,21.0,0.0,2
HGB_1_136_012,47.5573,7.587092,128.51360397848842,362.0,0.1111111111111111,4
HGB_1_136_013,47.557256,7.587062,131.37995780513103,4622.0,0.0,1
HGB_1_136_014,47.557221,7.587099,129.22396176371652,10.0,0.3333333333333333,1
HGB_1_136_015,47.557221,7.587099,129.22396176371652,870.5,0.24285714285714285,15
HGB_1_136_016,47.557239,7.58715,125.11251193033745,631.25,0.18055555555555555,16
HGB_1_136_017,47.557207,7.587134,126.85922969664716,5.0,0.39,16
HGB_1_136_018,47.557194,7.58716,125.26740190448861,681.0,0.18571428571428572,7
HGB_1_136_019,47.55718,7.587177,124.33047575819316,563.0,0.0,12
HGB_1_136_020,47.557136,7.587239,120.96933017434768,60.0,0.0,40
HGB_1_136_021,47.557056,7.587273,121.17018642498688,12.5,0.0,14
HGB_1_136_022,47.55705,7.587311,118.7276473269395,640.0,0.023809523809523808,19
HGB_1_136_024,47.557043,7.587348,116.30835062152126,100.0,0.0,49
HGB_1_136_025,47.55701,7.587316,119.96193296950621,361.5,0.04523809523809524,28
HGB_1_136_026,47.556967,7.587364,118.52432118754326,205.0,0.0,33
HGB_1_136_027,47.556915,7.5874,118.68105315544287,40.5,0.027777777777777776,12
HGB_1_136_031,47.557147,7.586979,139.69538688282714,392.5,0.05238095238095238,30
HGB_1_136_032,47.557118,7.587081,132.94227824438937,20.0,0.17261904761904762,71
HGB_1_136_033,47.557125,7.587055,134.6136227599235,25.0,0.0905982905982906,13
HGB_1_136_034,47.557104,7.587095,132.35673865512132,14.0,0.0,4
HGB_1_136_035,47.557062,7.587135,130.74164161746071,15.0,0.050387596899224806,52
HGB_1_136_036,47.557026,7.587183,128.63097519162693,10.0,0.013333333333333332,36
HGB_1_136_037,47.556989,7.587204,128.60490902636673,,,2
HGB_1_136_038,47.556999,7.587199,128.5975314758369,242.5,0.008403361344537815,20
HGB_1_136_039,47.556978,7.587214,128.38876811220456,10.0,0.0,75
HGB_1_136_040,47.556944,7.587244,127.83990417123886,40.0,0.07591630591630592,60
HGB_1_137_010,47.558926,7.585636,290.57818714215,,,1
HGB_1_137_011,47.557507,7.585607,239.7672702158561,,,1
HGB_1_137_012,47.557617,7.585538,245.75949350851516,24.0,0.1,12
HGB_1_137_013,47.558979,7.585683,291.1254494500061,2361.75,0.041666666666666664,20
HGB_1_137_014,47.55888,7.585841,275.05479345394923,57000.0,0.0,8
HGB_1_137_015,47.558904,7.585801,279.07133525492554,53.0,0.0,9
HGB_1_137_016,47.558871,7.585854,273.70940643536034,40.0,0.0,5
HGB_1_137_017,47.558847,7.585894,269.6736349217175,1075.0,0.0,44
HGB_1_137_018,47.55871,7.585683,274.39467953437304,4800.0,0.0,28
HGB_1_137_019,47.558631,7.585667,270.9154341988122,15027.083333333334,0.038461538461538464,16
HGB_1_137_020,47.558257,7.585608,257.0244261309024,6150.0,0.0,11
HGB_1_137_021,47.55835,7.585623,259.93743520539493,2550.0,0.0,4
HGB_1_137_022,47.55823,7.585603,256.31957492383725,270.0,0.0,1
HGB_1_137_023,47.558204,7.585598,255.64744808143138,500.0,0.0,3
HGB_1_137_024,47.558151,7.585588,254.40239234899778,99.0,0.0,10
HGB_1_137_025,47.558177,7.585593,255.0083043586774,1747.5,0.0,3
HGB_1_137_026,47.558128,7.585584,253.88174196180634,449.0,0.25,1
HGB_1_137_027,47.558106,7.58558,253.38489452064607,4721.0,0.027777777777777776,25
HGB_1_137_028,47.558061,7.585573,252.4631638755024,42000.0,0.0,8
HGB_1_137_029,47.558083,7.585577,252.91199030932444,3090.0,0.0,7
HGB_1_137_030,47.558061,7.585573,252.4631638755024,900.0,0.0861111111111111,15
HGB_1_137_032,47.557941,7.585577,248.68166372141863,800.0,0.0,7
HGB_1_137_033,47.557905,7.585579,247.635752040726,1523.0,0.041666666666666664,14
HGB_1_137_034,47.557797,7.585585,244.86094332928178,12000.0,0.0,23
HGB_1_137_039,47.557479,7.585604,239.8893674325827,1241.5,0.0,20
HGB_1_137_040,47.557404,7.585608,239.56097926374332,741.0,0.0,6
HGB_1_137_041,47.557287,7.585605,240.17758866209257,,,4
HGB_1_137_042,47.557316,7.585606,239.95670093807965,214.0,0.0303030303030303,14
HGB_1_137_043,47.557287,7.585605,240.17758866209257,450.0,0.05,6
HGB_1_137_044,47.557264,7.585607,240.2336778703557,780.0,0.0,3
HGB_1_137_045,47.557196,7.585611,240.56092364139573,662.5,0.025,15
HGB_1_137_046,47.557146,7.585614,240.9867070813872,41.0,0.0,40
HGB_1_137_047,47.557104,7.585617,241.43239456965543,,,1
HGB_1_137_048,47.557081,7.585621,241.5138175171122,64.5,0.03787878787878787,48
HGB_1_137_049,47.557058,7.585625,241.6228971246362,40.0,0.0,3
HGB_1_137_050,47.557058,7.585625,241.6228971246362,,,1
HGB_1_137_051,47.556979,7.585634,242.56022823844572,20.0,0.0,58
HGB_1_137_053,47.55904,7.585529,304.51263668191217,2.0,0.0,2
HGB_1_137_055,47.558742,7.585521,286.69711866999944,14008.0,0.04895833333333333,42
HGB_1_137_056,47.55842,7.585473,273.38661539486156,322.5,0.0,45
HGB_1_137_057,47.558356,7.585457,271.6181472268981,,,2
HGB_1_137_058,47.558356,7.585457,271.6181472268981,1800.0,0.0,9
HGB_1_137_059,47.558434,7.585127,297.91259493004213,160.0,0.0,4
HGB_1_137_060,47.558289,7.58545,269.3674353898783,9919.0,0.0,46
HGB_1_137_061,47.558289,7.58545,269.3674353898783,9150.0,0.0,3
HGB_1_137_062,47.558157,7.585445,264.8292955065352,1070.0,0.0,50
HGB_1_137_063,47.558047,7.585437,261.8444485990014,15001.0,0.0,50
HGB_1_137_064,47.557961,7.585435,259.6233905005394,311.5,0.0,13
HGB_1_137_065,47.557916,7.585434,258.57890830417074,3602.0,0.03571428571428571,17
HGB_1_137_066,47.55789,7.585436,257.85658822745535,27.5,0.0,9
HGB_1_137_067,47.557864,7.585437,257.1647772193194,17.0,0.0,28
HGB_1_137_068,47.557877,7.585437,257.50685346752937,1704.5,0.0,2
HGB_1_137_070,47.557819,7.585446,255.60135997086607,1800.0,0.0,7
HGB_1_137_071,47.557665,7.585443,253.45767603606728,12600.0,0.0,3
HGB_1_137_072,47.557535,7.585454,251.42413313365395,300.0,0.0,29
HGB_1_137_073,47.557421,7.585454,251.120823820773,1072.5,0.09999999999999999,7
HGB_1_137_074,47.557266,7.58548,249.72947316640818,850.0,0.09523809523809523,18
HGB_1_137_075,47.557305,7.585193,271.0920152770222,898.1666666666666,0.12301587301587302,13
HGB_1_137_076,47.557202,7.585485,249.95070546027165,23.0,0.025268817204301075,37
HGB_1_137_077,47.55717,7.585487,250.1904670286336,8.666666666666666,0.06111111111111111,49
HGB_1_137_082,47.557078,7.585497,250.78172551210173,116.0,0.15174603174603174,43
HGB_1_137_084,47.557023,7.585504,251.28271341943912,64.0,0.04504504504504504,50
HGB_1_137_085,47.556984,7.585513,251.38467614856697,23.0,0.0078125,37
HGB_1_137_086,47.556898,7.585506,253.94757501402464,110.0,0.09958902885732153,56
HGB_1_145_007,47.561803,7.591593,531.0891894035025,,,3
HGB_1_145_008,47.561874,7.591527,536.395779552026,268.5,0.0,7
HGB_1_145_010,47.561184,7.591939,481.0263953061513,65.0,0.02717391304347826,28
HGB_1_145_011,47.561184,7.591939,481.0263953061513,47.0,0.0,9
HGB_1_145_012,47.561254,7.591904,486.54185764268635,15.0,0.17327898550724638,56
HGB_1_145_013,47.561321,7.591855,491.35237275273363,0.3333333333333333,0.022727272727272728,10
HGB_1_145_014,47.561361,7.591801,493.40892571545925,110.0,0.16666666666666666,13
HGB_1_145_015,47.561435,7.591752,499.0495421289636,30.0,0.0,40
HGB_1_145_016,47.561485,7.591698,502.2748141324688,1232.0,0.1590909090909091,16
HGB_1_145_017,47.561586,7.591644,510.67495679246497,16.0,0.0,21
HGB_1_145_018,47.561701,7.59157,519.9968837266904,540.0,0.0,41
HGB_1_145_019,47.561843,7.591452,531.0656763016722,50.0,0.014492753623188404,28
HGB_1_145_020,47.561918,7.591382,536.898560904935,2200.0,0.0,8
HGB_1_145_022,47.562043,7.59131,547.9608486622107,,,1
HGB_1_145_023,47.561377,7.591983,501.386320578072,20.0,0.0,20
HGB_1_145_024,47.561467,7.591905,507.42063045053925,581.3333333333333,0.0,4
HGB_1_145_025,47.56148,7.591891,508.26658878278823,33404.0,0.0,5
HGB_1_145_026,47.561507,7.59187,510.22922397659823,14.25,0.0,5
HGB_1_145_027,47.561565,7.591817,514.2182634639112,121.0,0.0,33
HGB_1_145_028,47.561747,7.591727,529.532318362549,60.0,0.0,23
HGB_1_145_029,47.561863,7.591633,538.4282726595048,92.0,0.0,33
HGB_1_145_030,47.561953,7.591549,545.1904423295448,100.0,0.0,22
HGB_1_145_031,47.562026,7.591497,551.2360674611443,15.0,0.006578947368421052,43
HGB_1_146_009,47.559962,7.586531,329.8681038146766,,,4
HGB_1_146_012,47.559965,7.586416,334.72261718749627,4.0,0.0,2
HGB_1_146_013,47.559949,7.586425,332.8779862856226,5.333333333333333,0.19444444444444442,12
HGB_1_146_014,47.559965,7.586416,334.72261718749627,,,1
HGB_1_146_015,47.559925,7.586485,328.2710239923286,136.0,0.037037037037037035,33
HGB_1_146_016,47.559555,7.586368,299.3813506050883,39000.0,0.0,25
HGB_1_146_017,47.559498,7.586581,284.71514048206575,687.5,0.0,11
HGB_1_146_018,47.559481,7.586639,280.6442082486072,671.5,0.023214285714285715,22
HGB_1_146_021,47.559431,7.586789,269.6461026322739,31.25,0.19255050505050503,50
HGB_1_146_022,47.559446,7.586786,271.17437267688933,35.625,0.1205582393988191,61
HGB_1_146_023,47.559492,7.586779,275.77286178472275,38.0,0.06525731951263866,56
HGB_1_146_024,47.559546,7.586764,281.3796671013972,40.0,0.0029239766081871343,69
HGB_1_146_025,47.559598,7.586727,287.7548987213554,40.0,0.006944444444444444,41
HGB_1_146_027,47.559644,7.58668,293.93364999516655,100.0,0.004304546677428033,69
HGB_1_146_028,47.559645,7.586728,292.1610289814843,60.0,0.07758620689655173,32
HGB_1_146_030,47.559666,7.586534,302.079084347439,30.0,0.0021645021645021645,53
HGB_1_146_031,47.559736,7.586535,308.48683275645624,1872.0,0.08333333333333333,23
HGB_1_146_032,47.559758,7.58649,312.3556838162179,25.0,0.013235294117647059,37
HGB_1_146_033,47.559797,7.586428,318.6191519374394,20.0,0.08735632183908046,33
HGB_1_146_034,47.559837,7.586366,324.9215814974957,35.0,0.29642857142857143,18
HGB_1_146_035,47.559837,7.586366,324.9215814974957,501.0,0.0,2
HGB_1_146_036,47.559756,7.58626,322.1478294431189,410.0,0.08333333333333333,4
HGB_1_146_037,47.559898,7.586274,334.40462904666975,6150.0,0.0,12
HGB_1_146_038,47.560068,7.586421,344.2633936888,292.0,0.0,46
HGB_1_146_039,47.56013,7.586714,339.5062030436654,90.0,0.0,19
HGB_1_146_041,47.560105,7.586771,335.06166158641616,435.0,0.16666666666666666,1
HGB_1_146_042,47.560105,7.586771,335.06166158641616,420.0,0.0,31
HGB_1_146_043,47.560091,7.586806,332.48368500601265,100.0,0.0,1
HGB_1_146_044,47.560077,7.586841,329.9140960943598,230.0,0.0,37
HGB_1_146_045,47.56001,7.586987,318.39106625410017,225.0,0.0,20
HGB_1_146_050,47.559872,7.586972,305.12537746926233,350.0,0.0,34
HGB_1_146_051,47.559704,7.586776,295.8456890657128,2031.0,0.0,20
HGB_1_146_052,47.559741,7.58668,303.0588946365753,990.0,0.0,19
HGB_1_146_054,47.559751,7.586664,304.6506300020352,721.0,0.3333333333333333,1
HGB_1_146_055,47.55978,7.586615,309.4301265251687,250.0,0.02525252525252525,40
HGB_1_146_056,47.559809,7.58657,313.85034588202325,200.0,0.006060606060606061,40
HGB_1_146_059,47.559914,7.58666,320.38799097718083,605.0,0.020833333333333332,16
HGB_1_146_060,47.559946,7.586697,322.138942297984,60.0,0.0,18
HGB_1_146_061,47.559946,7.586697,322.138942297984,600.0,0.0,11
HGB_1_146_062,47.559987,7.586762,323.77355617757837,34.5,0.35904761904761906,45
HGB_1_146_063,47.559912,7.586915,311.0413859114523,550.0,0.0,14
HGB_1_147_009,47.559712,7.586002,330.18780503480815,,,1
HGB_1_147_011,47.559682,7.58594,330.66543781529487,81.0,0.1111111111111111,22
HGB_1_147_012,47.560763,7.586481,410.4270742519212,2850.0,0.0,9
HGB_1_147_013,47.560655,7.586472,399.8729226398633,1430.75,0.0,16
HGB_1_147_014,47.56055,7.586444,390.3757375664665,200.0,0.0606060606060606,18
HGB_1_147_015,47.560523,7.586437,387.9037359937195,500.0,0.0,1
HGB_1_147_016,47.560496,7.58643,385.4405837786777,220.0,0.125,23
HGB_1_147_017,47.560398,7.586408,376.63835293384295,84.0,0.0,32
HGB_1_147_019,47.560352,7.586396,372.54340956890076,1760.0,0.0,6
HGB_1_147_020,47.560315,7.586411,368.4677242343029,73.0,0.007692307692307693,34
HGB_1_147_022,47.559707,7.586079,326.1073433322204,4254.0,0.0,20
HGB_1_147_023,47.559668,7.586017,325.74482631582435,7041.75,0.0,17
HGB_1_147_024,47.559668,7.586017,325.74482631582435,40.0,0.0,13
HGB_1_147_025,47.55961,7.586124,315.6198456287228,37.25,0.0,7
HGB_1_147_026,47.559668,7.586017,325.74482631582435,41.0,0.0,3
HGB_1_147_028,47.561099,7.586676,439.01502293701856,3330.0,0.0,13
HGB_1_147_029,47.561076,7.58665,437.30470017340036,310.0,0.0,23
HGB_1_147_030,47.561076,7.58665,437.30470017340036,4023.0,0.0,8
HGB_1_147_031,47.561005,7.586571,432.2827320497523,35.0,0.0,13
HGB_1_147_032,47.560977,7.586528,430.69701317968145,880.0,0.0,31
HGB_1_147_033,47.560951,7.586489,429.1908367870106,2100.0,0.03125,20
HGB_1_147_034,47.560911,7.586434,426.81762416312256,2100.0,0.05555555555555555,21
HGB_1_147_035,47.560921,7.586448,427.4041050516807,960.0,0.5,2
HGB_1_147_037,47.560985,7.586223,441.1084517704989,1400.0,0.0,23
HGB_1_147_038,47.561039,7.586182,447.86935490208356,34.5,0.0,24
HGB_1_147_039,47.561326,7.586321,472.50593080976665,1380.0,0.0,2
HGB_1_147_040,47.561062,7.58614,451.477582150193,1577.9166666666667,0.0,18
HGB_1_147_041,47.561125,7.586103,459.0254316698442,194.0,0.0,25
HGB_1_147_042,47.560996,7.585965,450.972090804856,125.0,0.0,31
HGB_1_147_043,47.56096,7.585933,448.5743180415181,160.0,0.0,31
HGB_1_147_044,47.560939,7.586013,443.74179848419885,,,1
HGB_1_147_045,47.560919,7.586092,438.9496344447381,1360.0,0.0,6
HGB_1_147_046,47.560784,7.586315,417.9466004161394,5561.5,0.0,25
HGB_1_147_048,47.560784,7.586315,417.9466004161394,6.0,0.0,16
HGB_1_147_049,47.560793,7.586318,418.7459929510008,740.0,0.0,13
HGB_1_147_051,47.560578,7.586271,399.0985391121895,3.0,0.0,18
HGB_1_147_053,47.560322,7.586241,375.4657295953553,137.5,0.0,41
HGB_1_147_054,47.560106,7.586068,362.2398872599176,2000.0,0.0,30
HGB_1_147_056,47.559791,7.585986,337.8191098804255,,,11
HGB_1_147_057,47.559774,7.585957,337.6504917424494,213.0,0.0,49
HGB_1_147_063,47.55971,7.585862,336.8296288111833,1228.0,0.0,3
HGB_1_147_064,47.55971,7.585862,336.8296288111833,436.0,0.0,1
HGB_1_147_065,47.55971,7.585862,336.8296288111833,47.0,0.0,1
HGB_1_147_066,47.55971,7.585862,336.8296288111833,760.0,0.1111111111111111,5
HGB_1_147_068,47.55967,7.58579,337.0833494659596,10500.0,0.0,11
HGB_1_147_069,47.559585,7.5857,334.84587037155194,80.0,0.0,7
HGB_1_147_070,47.559545,7.585668,333.2644977909072,5000.0,0.0,4
HGB_1_147_071,47.559515,7.585652,331.7906172236891,40.0,0.0,6
HGB_1_147_072,47.559472,7.585647,328.7595728360553,10.0,0.0,21
HGB_1_148_007,47.557441,7.584306,337.5146088415964,,,4
HGB_1_148_008,47.557874,7.584388,335.19518745955446,1800.0,0.0,6
HGB_1_148_009,47.561367,7.586242,478.99003266953025,146.0,0.0,40
HGB_1_148_022,47.560767,7.585146,462.39407254686176,,,5
HGB_1_148_023,47.55987,7.584565,418.7683076396315,40.0,0.0,7
HGB_1_148_024,47.559774,7.584482,416.8225317478352,41250.0,0.0,4
HGB_1_148_025,47.559774,7.584482,416.8225317478352,,,6
HGB_1_148_026,47.56096,7.585933,448.5743180415181,445.5,0.0,2
HGB_1_148_027,47.559737,7.584513,412.39670530732275,5.0,0.0,2
HGB_1_148_028,47.559705,7.584498,411.0464992612985,374.0,0.0,1
HGB_1_148_029,47.559679,7.584398,415.2341090325902,843.0,0.0,1
HGB_1_148_030,47.559683,7.584488,410.18821520832967,,,2
HGB_1_148_031,47.559628,7.584467,407.66413227878496,65.0,0.0,4
HGB_1_148_032,47.559597,7.584461,405.9763280250171,100.0,0.0,35
HGB_1_148_033,47.559617,7.584445,408.2861816585163,407.5,0.0,5
HGB_1_148_034,47.559574,7.584441,405.6842645998813,1.5,0.0,13
HGB_1_148_035,47.558067,7.584243,349.7376299997683,,,4
HGB_1_148_036,47.557844,7.584232,346.36050389805064,,,1
HGB_1_149_006,47.559382,7.584822,369.9431097441067,,,2
HGB_1_149_007,47.559127,7.585249,327.2848711221917,4.0,0.0,8
HGB_1_149_008,47.559204,7.585727,304.2047254295386,350.0,0.0,30
HGB_1_149_010,47.559022,7.585046,333.40125428894623,45.0,0.0,11
HGB_1_149_013,47.559281,7.584931,356.6837893221318,3760.0,0.0,8
HGB_1_149_014,47.559534,7.585001,369.6854001599543,5582.5,0.0,26
HGB_1_149_015,47.559491,7.585404,343.5693299272614,24137.5,0.0,10
HGB_1_149_016,47.5592,7.585708,304.985510891908,35.666666666666664,0.038461538461538464,18
HGB_1_149_017,47.559193,7.585772,300.88329530997254,10.0,0.0,1
HGB_1_149_018,47.559188,7.585906,292.92197635981245,,,1
HGB_1_149_021,47.559042,7.585404,312.2347895004998,,,1
HGB_1_149_022,47.559011,7.5853,316.74336186372363,7.0,0.0,2
HGB_1_149_023,47.559098,7.584778,355.0473285973509,20.0,0.0,6
HGB_1_149_024,47.559476,7.584808,377.01177187814955,30.0,0.0,11
HGB_1_149_025,47.559505,7.585163,358.2010622148454,30.0,0.0,9
HGB_1_149_026,47.559497,7.585348,347.09025349695236,7850.0,0.0,21
HGB_1_149_027,47.559494,7.585376,345.3278438603495,90.0,0.0,6
HGB_1_149_028,47.559515,7.585652,331.7906172236891,77.5,0.0,18
HGB_1_150_005,47.559073,7.583487,439.5171869125582,22.0,0.0,5
HGB_1_150_006,47.559028,7.583403,443.19143562557326,42.0,0.0,11
HGB_1_150_007,47.559411,7.584303,403.8596447316306,160.0,0.0,1
HGB_1_150_008,47.55903,7.583494,437.0625105264097,260.0,0.0,4
HGB_1_150_009,47.559144,7.583446,445.61223170048174,,,2
HGB_1_150_010,47.558682,7.582476,495.5668671053289,,,1
HGB_1_150_011,47.558473,7.583632,405.5283774795025,17133.333333333332,0.0,4
HGB_1_150_012,47.558565,7.583645,407.70614804993374,1.0,0.0,2
HGB_1_150_015,47.558214,7.58232,494.9633424493549,43.0,0.0,3
HGB_1_150_016,47.558627,7.582315,505.5279230243535,324.0,0.0,5
HGB_1_150_019,47.559608,7.583125,490.951546305696,3600.0,0.0,29
HGB_1_150_020,47.559585,7.583321,476.95516876171314,110.5,0.0,23
HGB_1_150_021,47.559515,7.583887,436.48561730609316,40.0,0.05555555555555555,12
HGB_1_150_022,47.559525,7.583831,440.6391081316189,20.0,0.020833333333333332,19
HGB_1_150_023,47.559523,7.583955,432.6484393107768,120.0,0.011764705882352941,17
HGB_1_150_024,47.559538,7.584166,420.2613985675008,125.0,0.0,21
HGB_1_150_025,47.559525,7.584287,411.94667842405636,6.0,0.0,41
HGB_1_150_026,47.558271,7.582754,464.1073725739404,,,2
HGB_1_150_027,47.558214,7.582565,476.82021242327403,588.5,0.0,2
HGB_1_150_029,47.55841,7.582336,498.1578338396894,,,1
HGB_1_150_030,47.559638,7.582861,509.92901327961255,4.0,0.06613756613756613,23
HGB_1_150_031,47.559548,7.583643,453.98826145734176,1870.5,0.0,26
HGB_1_150_032,47.55954,7.583704,449.6036029204603,16.0,0.16282051282051282,14
HGB_1_150_033,47.559561,7.583536,461.62477652866164,7.0,0.0,5
HGB_1_150_034,47.559546,7.584103,424.6967484484829,325.5,0.0625,12
HGB_1_150_035,47.559521,7.584242,414.4917370917854,25.0,0.0,71
HGB_1_150_036,47.559506,7.584381,404.93537571110306,2.0,0.0,37
HGB_1_151_005,47.555984,7.589064,160.9139096519094,,,2
HGB_1_151_006,47.556037,7.58951,162.9558027046615,,,5
HGB_1_151_007,47.555984,7.589173,162.18372462585208,,,1
HGB_1_151_008,47.555988,7.589376,165.09607733228017,11.5,0.0,44
HGB_1_151_009,47.555959,7.589428,169.26200415884887,2555.0,0.0,2
HGB_1_151_010,47.555975,7.589278,164.72593383824378,4050.0,0.0,13
HGB_1_151_011,47.555967,7.58922,164.65403880325994,924.25,0.16666666666666666,3
HGB_1_151_012,47.555962,7.589189,164.74909801022585,3.0,0.03916666666666667,25
HGB_1_151_013,47.555957,7.589158,164.87968397499588,2.5,0.037037037037037035,22
HGB_1_151_014,47.556135,7.589785,161.2025936265952,614.0,0.0,10
HGB_1_151_016,47.556101,7.589614,159.12487221453944,25.0,0.02106918238993711,56
HGB_1_151_017,47.556083,7.589534,158.81034835976348,1065.0,0.0,23
HGB_1_151_018,47.556067,7.58946,158.5668737170363,1700.0,0.09210526315789473,25
HGB_1_151_019,47.556061,7.589426,158.398414339981,19.0,0.14583333333333331,4
HGB_1_151_020,47.55605,7.58939,158.85014107375432,260.0,0.056878306878306875,30
HGB_1_151_021,47.556037,7.589316,158.74063970235875,100.0,0.0,26
HGB_1_151_022,47.556025,7.589245,158.7377362897853,496.0,0.0,4
HGB_1_151_024,47.556021,7.589208,158.65361110494223,3200.0,0.0,11
HGB_1_151_025,47.556015,7.589172,158.7221337532696,100.0,0.041509433962264156,65
HGB_1_152_002,47.558133,7.582356,490.7488148581751,,,1
HGB_1_153_006,47.562666,7.593104,667.618043594763,80.0,0.0,5
HGB_1_153_007,47.562586,7.593088,659.326059643574,81.5,0.0,20
HGB_1_153_009,47.562599,7.592663,645.507510385462,48.0,0.04161616161616162,17
HGB_1_153_010,47.562618,7.592732,649.7498270780981,5000.0,0.0,2
HGB_1_153_012,47.562657,7.592885,658.8803596382372,83.0,0.0,22
HGB_1_153_014,47.562946,7.593132,695.9830869508306,39725.0,0.0,7
HGB_1_153_015,47.562838,7.593225,688.7828621693396,200.0,0.0,26
HGB_1_153_016,47.56273,7.593318,681.7890860972498,1600.0,0.0,41
HGB_1_153_017,47.562824,7.593433,695.1553569801182,1372.3333333333333,0.0,4
HGB_1_153_018,47.562834,7.593494,698.4062390251387,57.5,0.0,2
HGB_1_153_019,47.562844,7.593537,701.0543712644669,85.0,0.2342687074829932,34
HGB_1_153_020,47.562834,7.593494,698.4062390251387,2035.0,0.0,6
HGB_1_153_021,47.562835,7.593551,700.7334595672294,490.0,0.0,7
HGB_1_153_022,47.562864,7.593611,705.7892445641762,60.0,0.0,6
HGB_1_153_023,47.562759,7.593731,700.5533156324282,2100.0,0.0,6
HGB_1_153_025,47.562458,7.592889,639.5688668586334,1.5,0.0,10
HGB_1_153_026,47.562509,7.593081,651.5833396291354,34.5,0.0,15
HGB_1_153_027,47.562538,7.593159,657.2808122315771,49.0,0.00510204081632653,34
HGB_1_153_028,47.562566,7.593237,662.9968722771038,15.0,0.0,20
HGB_1_153_029,47.562602,7.593429,673.7479003310456,11.0,0.31976744186046513,55
HGB_1_153_030,47.562629,7.593596,682.8535829842197,80.0,0.0,5
HGB_1_153_031,47.562715,7.59372,696.0099951411438,10.0,0.0,37
HGB_1_153_032,47.562737,7.593732,698.5262883305245,,,1
HGB_1_153_033,47.562737,7.593732,698.5262883305245,40.0,0.0,1
HGB_1_153_034,47.562856,7.593726,709.51150302683,16.625,0.0,16
HGB_1_154_009,47.561107,7.593811,557.5821886739021,,,6
HGB_1_154_010,47.560087,7.594954,550.6429016793325,,,2
HGB_1_154_011,47.561026,7.593914,556.323421460998,80.0,0.06484375,88
HGB_1_154_013,47.561114,7.594049,570.4310212895568,4050.0,0.0,4
HGB_1_154_014,47.560948,7.594181,564.4644806859362,7700.0,0.0,8
HGB_1_154_015,47.56083,7.594314,562.7556322959329,4.5,0.03333333333333333,40
HGB_1_154_016,47.560757,7.594387,561.3812643255989,86.5,0.018518518518518517,39
HGB_1_154_017,47.560729,7.594431,561.8858138556778,,,6
HGB_1_154_018,47.560702,7.594476,562.4262789657294,250.0,0.0,19
HGB_1_154_019,47.560674,7.594507,562.2228681392287,60.0,0.09523809523809523,7
HGB_1_154_020,47.560647,7.594538,562.0458424864728,80.0,0.0,20
HGB_1_154_021,47.5606,7.594605,562.6833144859769,30.0,0.013605442176870748,61
HGB_1_154_022,47.560546,7.594661,562.2069647993999,220.0,0.041666666666666664,20
HGB_1_154_023,47.560493,7.594746,563.7117414865472,847.75,0.07291666666666666,22
HGB_1_154_024,47.56043,7.594837,564.9459657764642,2251.166666666667,0.0,18
HGB_1_154_025,47.560353,7.594933,565.8025475678814,125.0,0.0,34
HGB_1_154_026,47.560231,7.595119,569.7926861521846,7.5,0.07222222222222222,18
HGB_1_154_027,47.560292,7.595026,567.7178553604743,450.75,0.125,10
HGB_1_154_028,47.560292,7.595026,567.7178553604743,188.75,0.10714285714285714,12
HGB_1_154_029,47.560292,7.595026,567.7178553604743,40.0,0.19,5
HGB_1_154_030,47.560298,7.594996,566.2243775082122,6.0,0.125,22
HGB_1_154_031,47.560206,7.595145,569.8909936457947,459.0,0.08333333333333333,4
HGB_1_154_032,47.560206,7.595145,569.8909936457947,180.20833333333334,0.03333333333333333,8
HGB_1_154_033,47.560219,7.595132,569.8392971530753,71.0,0.0,4
HGB_1_154_034,47.560181,7.595171,570.0096374383771,683.25,0.041666666666666664,9
HGB_1_154_035,47.560151,7.595213,570.9364953680151,140.125,0.15515873015873016,21
HGB_1_154_036,47.560166,7.595192,570.4686406836192,1049.5,0.0,10
HGB_1_154_038,47.560094,7.595278,571.7224014314355,28.75,0.2037037037037037,11
HGB_1_154_039,47.560064,7.595312,572.2520569977355,28.75,0.3253968253968254,19
HGB_1_154_040,47.560035,7.595347,572.8118419840828,28.75,0.41025641025641024,15
HGB_1_154_041,47.559967,7.595437,574.9244514442307,827.0,0.0,5
HGB_1_154_042,47.560056,7.595886,609.2772968551666,20.0,0.5,1
HGB_1_154_043,47.559958,7.595728,593.6067796903556,431.0,0.1875,9
HGB_1_154_044,47.55986,7.59557,577.9625292766193,435.0,0.20654761904761904,8
HGB_1_154_045,47.559816,7.595632,579.8316021172755,9.0,0.0,5
HGB_1_154_046,47.559772,7.595685,581.137422274656,3500.0,0.0,2
HGB_1_154_047,47.559756,7.595708,581.8672948442287,4.0,0.07291666666666666,8
HGB_1_154_048,47.55974,7.59573,582.6065742858586,50.0,0.0,25
HGB_1_154_049,47.559712,7.595769,583.8467997991822,12.75,0.1846153846153846,34
HGB_1_154_050,47.559676,7.59582,585.5903142500123,1203.0,0.03571428571428571,11
HGB_1_154_051,47.559641,7.595848,585.8512872698668,940.5,0.0,5
HGB_1_154_052,47.559607,7.595876,586.1453591189069,23.0,0.0,34
HGB_1_154_053,47.559624,7.595862,585.9941888239578,394.0,0.0,2
HGB_1_154_054,47.559649,7.595834,585.2667005448727,168.0,0.0,3
HGB_1_154_055,47.559602,7.595908,588.1151425733913,796.0,0.0,4
HGB_1_154_056,47.559598,7.595939,590.0883232644082,28.5,0.0,35
HGB_1_154_057,47.561413,7.593341,560.7984562482281,34.25,0.21343537414965988,29
HGB_1_154_058,47.561415,7.593266,557.5609376810935,30.0,0.39285714285714285,17
HGB_1_154_059,47.56134,7.59344,559.074726380927,120.0,0.048484848484848485,24
HGB_1_154_060,47.561286,7.593493,556.8851327050206,15.0,0.06369047619047619,33
HGB_1_154_061,47.561241,7.593551,555.8598047471371,100.0,0.031746031746031744,44
HGB_1_154_062,47.561188,7.593603,553.95019807772,65.0,0.0,18
HGB_1_154_064,47.56106,7.593738,549.9939738278672,6.291666666666667,0.033333333333333326,47
HGB_1_154_065,47.560819,7.593962,542.594633597677,990.0,0.14964285714285713,32
HGB_1_154_067,47.560819,7.593962,542.594633597677,,,1
HGB_1_154_068,47.560689,7.594136,542.3004171612488,28.0,0.0,7
HGB_1_154_069,47.56065,7.594204,543.2384106150266,14.0,0.0,20
HGB_1_154_070,47.560611,7.594273,544.258235580196,1009.25,0.05555555555555555,6
HGB_1_154_071,47.560527,7.594392,545.1116473972635,120.0,0.0,21
HGB_1_154_072,47.560475,7.594467,545.8827564231777,610.0,0.0,8
HGB_1_154_073,47.560456,7.594496,546.3224926279828,23.0,0.33248001998001997,29
HGB_1_154_074,47.560438,7.594526,546.7783559298651,934.5,0.0,10
HGB_1_154_076,47.560391,7.594588,547.3786850497564,103.0,0.0,1
HGB_1_154_077,47.560352,7.59464,547.9014996842313,68.5,0.25,4
HGB_1_154_078,47.560329,7.594671,548.2266977420229,24.5,0.2472972972972973,47
HGB_1_154_079,47.560282,7.594732,548.9431520528727,356.0,0.3333333333333333,1
HGB_1_154_080,47.560225,7.594815,550.3900001823357,565.0,0.0,4
HGB_1_154_081,47.560105,7.594977,553.1998347379674,,,8
HGB_1_154_083,47.559908,7.595216,557.2378829051987,6048.0,0.0,3
HGB_1_154_084,47.559845,7.595309,559.8903989971702,90.0,0.0,22
HGB_1_154_085,47.559777,7.5954,562.3408867925348,1050.0,0.0,17
HGB_1_154_086,47.559733,7.595443,562.9658403388838,40.0,0.017857142857142856,40
HGB_1_154_087,47.559712,7.595473,563.923606287101,34.0,0.13333333333333333,10
HGB_1_154_088,47.559691,7.595504,564.8989022950319,66.0,0.33594276094276093,23
HGB_1_154_089,47.559672,7.595556,567.4871711099626,148.125,0.2602092352092352,27
HGB_1_154_090,47.559654,7.595575,567.895864552637,47.0,0.0,10
HGB_1_154_091,47.559635,7.595595,568.3157858790215,293.0,0.0,9
HGB_1_154_092,47.559608,7.59564,570.0847140882789,1639.0,0.0,7
HGB_1_154_093,47.559572,7.595713,573.3951215462126,8.25,0.0,9
HGB_1_154_094,47.559541,7.595748,574.362387403106,24.0,0.0,1
HGB_1_154_095,47.559541,7.595748,574.362387403106,35.0,0.0,1
HGB_1_154_096,47.559541,7.595748,574.362387403106,112.0,0.0,16
HGB_1_154_097,47.559581,7.595695,572.5618828565455,40.0,0.0,32
HGB_1_155_007,47.562251,7.592592,608.7081543743425,,,2
HGB_1_155_008,47.561658,7.593442,587.0877616195112,,,1
HGB_1_155_009,47.562174,7.592677,604.2220313023311,7.75,0.23611111111111108,17
HGB_1_155_010,47.561551,7.59316,564.9667247358359,82.5,0.2525,44
HGB_1_155_011,47.561669,7.593073,571.9786092255225,34.5,0.11538461538461539,14
HGB_1_155_012,47.561729,7.593019,575.2715027806114,105.25,0.17222222222222222,11
HGB_1_155_014,47.561774,7.592974,577.5416271775488,501.0,0.10952380952380952,12
HGB_1_155_015,47.561809,7.592944,579.6632982656421,699.25,0.125,2
HGB_1_155_016,47.561843,7.592915,581.6034988530596,354.25,0.041666666666666664,8
HGB_1_155_018,47.561941,7.592826,587.3780673401334,67.5,0.25416666666666665,9
HGB_1_155_020,47.561979,7.592793,589.7297346506215,8.0,0.3551020408163265,7
HGB_1_155_021,47.562124,7.592615,597.1175245834378,40.0,0.16,52
HGB_1_155_023,47.562649,7.59207,631.7402307338256,119.0,0.0,37
HGB_1_155_025,47.562708,7.592044,637.0198073279424,26.0,0.0,14
HGB_1_155_026,47.562725,7.592026,638.2720389435184,13.0,0.019230769230769232,28
HGB_1_155_027,47.562708,7.592044,637.0198073279424,903.5,0.0,4
HGB_1_155_028,47.562789,7.591984,643.6034957550931,13.0,0.0,9
HGB_1_155_029,47.562901,7.592017,656.0814668268903,7250.0,0.0,4
HGB_1_155_030,47.562009,7.593048,602.6141051120363,10400.0,0.0,6
HGB_1_155_031,47.562191,7.592818,611.0714983657825,20.0,0.21916666666666668,59
HGB_1_155_033,47.562386,7.592788,628.9126384895515,14.0,0.05416666666666667,17
HGB_1_155_034,47.56231,7.592786,621.3906833546853,202.5,0.045370370370370366,19
HGB_1_155_035,47.562357,7.592625,620.2805965378785,28.0,0.16666666666666666,6
HGB_1_155_037,47.562292,7.592699,616.5475580578953,2232.5,0.09325396825396826,9
HGB_1_155_038,47.562424,7.592554,624.458479174076,10.0,0.4305555555555555,32
HGB_1_155_039,47.562444,7.592527,625.5255707739337,25.0,0.16666666666666666,2
HGB_1_155_040,47.562464,7.5925,626.6054180407534,20.0,0.30869565217391304,49
HGB_1_155_041,47.562515,7.592455,630.1959487104162,46.0,0.020833333333333332,13
HGB_1_155_043,47.562657,7.592307,639.7038470834859,45.0,0.0,43
HGB_1_155_044,47.562723,7.592269,645.2092833096391,25.166666666666664,0.0,43
HGB_1_155_045,47.562878,7.592221,659.6261769291452,8.0,0.25,10
HGB_1_155_046,47.562856,7.592166,655.7512910740534,930.625,0.125,16
HGB_1_155_047,47.562792,7.592224,650.8715087876756,8.5,0.14102564102564102,17
HGB_1_155_048,47.562815,7.59221,652.7716733477204,8.0,0.45454545454545453,16
HGB_1_155_049,47.562888,7.592225,660.7257911771085,8.0,0.375,9
HGB_1_157_006,47.559638,7.58683,287.46902555091117,,,2
HGB_1_157_008,47.559667,7.588834,249.89356718444526,2.25,0.0,30
HGB_1_157_009,47.559681,7.588927,251.7006687489725,353.125,0.0,11
HGB_1_157_010,47.55964,7.588828,246.9140194187402,200.0,0.0,29
HGB_1_157_011,47.560177,7.589886,317.5107771145549,40.0,0.0,20
HGB_1_157_012,47.559411,7.58902,222.13240096864496,50.0,0.0,5
HGB_1_157_013,47.560628,7.590792,387.2467822906656,10.0,0.08650556315029999,110
HGB_1_157_014,47.560223,7.589978,324.3286414515252,55.0,0.0,52
HGB_1_157_015,47.559585,7.5888,240.77319110895053,1500.0,0.0,8
HGB_1_157_016,47.559655,7.588842,248.61642549591994,,,1
HGB_1_157_017,47.559655,7.588842,248.61642549591994,,,1
HGB_1_157_018,47.559664,7.588855,249.60674581212143,240.0,0.0,6
HGB_1_157_019,47.559676,7.588859,250.98390672324734,250.0,0.0,2
HGB_1_159_016,47.56061,7.591504,409.33051280202653,106.5,0.0,7
HGB_1_159_017,47.559572,7.592811,385.832034081828,,,1
HGB_1_159_019,47.559753,7.592466,379.3251760381002,6.0,0.0,3
HGB_1_159_020,47.559606,7.592675,380.23849853632663,15.0,0.042682926829268296,61
HGB_1_159_021,47.559668,7.592562,378.30825449003675,35.0,0.016666666666666666,48
HGB_1_159_022,47.560767,7.591412,421.2987872554815,50.0,0.0,39
HGB_1_159_023,47.560722,7.591477,419.19668733499196,,,6
HGB_1_159_024,47.560733,7.591461,419.7121629892103,816.0,0.0,14
HGB_1_159_025,47.560711,7.591495,418.80762930004533,2150.0,0.0,6
HGB_1_159_026,47.560679,7.591548,417.6838804146702,39.0,0.1952991452991453,26
HGB_1_159_027,47.56063,7.591601,414.9853752077954,151.5,0.0,5
HGB_1_159_028,47.56063,7.591601,414.9853752077954,1920.0,0.04,16
HGB_1_159_029,47.560577,7.591666,412.41021316114046,35.0,0.2759259259259259,11
HGB_1_159_030,47.560536,7.591707,410.2418764549963,23.0,0.0,31
HGB_1_159_031,47.560501,7.591736,408.16799758858707,46.0,0.05376984126984127,63
HGB_1_159_032,47.560458,7.591786,406.23845413800404,2400.0,0.07598039215686274,20
HGB_1_159_033,47.560419,7.591839,404.8130269362769,140.0,0.01,25
HGB_1_159_034,47.560347,7.591911,401.4502056819216,2612.666666666667,0.0,6
HGB_1_159_035,47.560347,7.591911,401.4502056819216,1860.0,0.0,7
HGB_1_159_037,47.560229,7.592072,398.28802462272745,8.0,0.34989898989898993,38
HGB_1_159_038,47.560247,7.592051,398.86421320927997,2182.5,0.2222222222222222,5
HGB_1_159_039,47.560213,7.592087,397.54845833743326,840.0,0.1111111111111111,3
HGB_1_159_040,47.560173,7.592117,395.52821707329775,662.5833333333333,0.036111111111111115,22
HGB_1_159_041,47.560104,7.592177,392.50456574182743,1178.0,0.020634920634920634,28
HGB_1_159_042,47.560026,7.592258,390.05590548785665,9000.0,0.13333333333333333,12
HGB_1_159_043,47.560046,7.592238,390.6426960046904,331.5,0.0,1
HGB_1_159_044,47.560008,7.592277,389.52023252845754,,,1
HGB_1_159_045,47.559955,7.592332,388.00026586710845,17.0,0.42979332495461525,32
HGB_1_159_046,47.559895,7.5924,386.7052998507907,73.0,0.0,27
HGB_1_159_047,47.55991,7.592383,387.0124325041475,780.0,0.1111111111111111,3
HGB_1_159_048,47.55988,7.592418,386.5475122811136,2.0,0.0,15
HGB_1_159_050,47.559873,7.592603,395.92359200694773,0.6666666666666666,0.5,2
HGB_1_159_051,47.559903,7.592646,400.6287068069902,5.5,0.004273504273504273,32
HGB_1_159_052,47.559864,7.592446,386.72850960029353,182.0,0.0,5
HGB_1_159_053,47.559828,7.592497,386.7154143734792,1013.0,0.0,6
HGB_1_159_054,47.559858,7.592632,396.436895560092,885.0,0.07142857142857142,7
HGB_1_159_055,47.559774,7.592572,386.7244392605756,2017.5,0.0,8
HGB_1_159_056,47.559746,7.592618,387.16631335457345,46.0,0.08,29
HGB_1_159_058,47.559714,7.592645,386.3505431261582,50.0,0.0,33
HGB_1_159_061,47.559623,7.592843,391.23821415242617,,,2
HGB_1_159_063,47.559438,7.593009,388.82236643359835,38.0,0.18396699918439047,80
HGB_1_159_064,47.559255,7.593218,390.8029402937898,15.0,0.09090909090909091,17
HGB_1_159_065,47.559237,7.593259,392.3658733865021,660.0,0.0,8
HGB_1_159_066,47.559218,7.5933,393.9568867975989,367.6666666666667,0.041666666666666664,12
HGB_1_159_067,47.559177,7.593371,396.28540914178905,357.0,0.08603896103896104,31
HGB_1_159_068,47.559115,7.59344,397.54613584860635,100.0,0.0,25
HGB_1_159_069,47.559199,7.593748,422.3548180089938,5.5,0.0,4
HGB_1_159_070,47.55908,7.593507,400.1498234403747,1272.0,0.0,10
HGB_1_159_071,47.559048,7.593591,404.1616989626402,20.0,0.0,25
HGB_1_159_072,47.559104,7.593685,413.2881235046075,25.0,0.0,10
HGB_1_159_073,47.559101,7.593743,417.0483162566844,48.0,0.0,10
HGB_1_159_074,47.559092,7.593762,417.8859838987169,589.0,0.075,19
HGB_1_159_075,47.559066,7.593825,420.8866967404643,557.0,0.225,4
HGB_1_159_076,47.559052,7.593859,422.5113587936878,5.0,0.4583333333333333,19
HGB_1_159_077,47.559037,7.593894,424.15160121957916,840.0,0.08333333333333333,4
HGB_1_159_078,47.559001,7.593947,426.1136556545145,34.5,0.10648148148148147,21
HGB_1_159_079,47.558976,7.594028,430.56516908770624,34.5,0.0,34
HGB_1_159_080,47.55897,7.594068,433.01434011699223,100.0,0.0,2
HGB_1_159_081,47.558964,7.594107,435.470871396913,46.5,0.0,42
HGB_1_159_082,47.558946,7.594213,442.0664404607809,8.5,0.0,8
HGB_1_159_083,47.558966,7.594275,447.22659738290406,653.0,0.0,6
HGB_1_159_084,47.560697,7.591188,406.71821795162276,178.0,0.0,18
HGB_1_159_085,47.560588,7.591402,403.41249959944855,,,3
HGB_1_159_086,47.560501,7.591483,398.0902583727763,25.0,0.2,21
HGB_1_159_088,47.560439,7.591553,394.9832111944601,1431.0,0.0,22
HGB_1_159_089,47.560387,7.591609,392.27732031520156,50.0,0.0,33
HGB_1_159_090,47.560291,7.591705,387.3955532874692,17.0,0.14814814814814814,10
HGB_1_159_092,47.560234,7.591753,384.29817721627205,11.0,0.0,18
HGB_1_159_093,47.560188,7.591819,383.03565670112783,30.0,0.046296296296296294,30
HGB_1_159_094,47.560153,7.59185,381.3712633868412,10.0,0.0,51
HGB_1_159_095,47.560114,7.591876,379.0582277659823,25.0,0.13980099502487564,72
HGB_1_159_097,47.560124,7.591869,379.6320406444883,30.0,0.0,1
HGB_1_159_098,47.560089,7.59194,379.8864889327197,10.0,0.019696969696969695,61
HGB_1_159_099,47.560048,7.591984,378.4339861032956,93.0,0.0,41
HGB_1_159_100,47.560011,7.592027,377.3175728608466,100.0,0.0,9
HGB_1_159_101,47.55997,7.592078,376.411162012163,40.0,0.027777777777777776,14
HGB_1_159_102,47.559917,7.592121,374.1014701817776,547.5,0.0,7
HGB_1_159_103,47.559874,7.592174,373.3535533676358,2090.0,0.0,3
HGB_1_159_104,47.559847,7.592225,373.73573930216526,,,1
HGB_1_159_105,47.559815,7.592266,373.34502780250074,50.0,0.0,10
HGB_1_159_106,47.559784,7.592305,372.9542165853914,,,1
HGB_1_159_107,47.55975,7.592347,372.587129942155,125.0,0.0,14
HGB_1_159_108,47.559724,7.592386,372.72986813647765,7.0,0.0,8
HGB_1_159_109,47.559689,7.592421,371.9652956665294,2369.0,0.0,9
HGB_1_159_110,47.559642,7.592486,372.06775286159115,125.0,0.0,35
HGB_1_159_111,47.559609,7.592551,373.3327192672716,3400.0,0.0,10
HGB_1_159_112,47.559609,7.592551,373.3327192672716,739.5,0.0,13
HGB_1_159_113,47.559577,7.592575,372.4380070741627,35.0,0.038461538461538464,15
HGB_1_159_114,47.559507,7.592657,372.2680294869104,12.0,0.2753968253968254,34
HGB_1_159_115,47.55947,7.592705,372.55149071205597,30.0,0.019285714285714285,52
HGB_1_159_116,47.559433,7.592767,373.80811569327943,35.75,0.0,23
HGB_1_159_117,47.559381,7.592826,373.90568608185583,14.0,0.008333333333333333,23
HGB_1_159_118,47.559394,7.592811,373.86774929633594,313.0,0.03333333333333333,6
HGB_1_159_120,47.55933,7.592901,375.3555160277917,80.0,0.0,19
HGB_1_159_121,47.559278,7.592977,376.8607137067034,37.0,0.018181818181818184,24
HGB_1_159_122,47.559262,7.593003,377.509002927475,37.0,0.0,4
HGB_1_159_123,47.559245,7.59303,378.1752871285364,46.0,0.022222222222222223,36
HGB_1_159_124,47.55922,7.593077,379.7079328245301,30.0,0.09124839124839125,38
HGB_1_159_125,47.559197,7.593125,381.50113732404617,12.5,0.0,22
HGB_1_159_126,47.559175,7.59316,382.45301615322575,72.25,0.05902777777777777,13
HGB_1_159_127,47.559153,7.593194,383.43543526019005,81.25,0.11130952380952382,25
HGB_1_159_128,47.559114,7.593281,386.93636412881864,16.5,0.0,13
HGB_1_159_130,47.559063,7.593347,388.6271303541883,0.3333333333333333,0.0,14
HGB_1_159_131,47.559052,7.593385,390.60503612780485,50.0,0.0,11
HGB_1_159_132,47.559042,7.593403,391.23186985007374,55.0,0.0,8
HGB_1_159_133,47.559032,7.59342,391.8653924077284,50.0,0.0,13
HGB_1_159_134,47.559012,7.593464,393.7924321372288,125.0,0.0,27
HGB_1_159_135,47.558984,7.593543,397.7781832328457,25.0,0.0,2
HGB_1_159_136,47.558964,7.593626,402.42183375970836,800.0,0.0,3
HGB_1_159_137,47.558938,7.593706,406.69466212812307,2400.0,0.0,2
HGB_1_159_138,47.55891,7.593788,411.0137464924311,1231.25,0.0,2
HGB_1_159_139,47.55891,7.593788,411.0137464924311,3170.0,0.0,2
HGB_1_159_140,47.558838,7.593724,403.4375276313104,2080.0,0.0,1
HGB_1_159_141,47.558893,7.593867,415.75794112399495,23.0,0.13333333333333333,45
HGB_1_159_142,47.558874,7.59398,422.7471456216633,840.0,0.0,2
HGB_1_159_143,47.558862,7.594076,429.0043315925648,35.0,0.0,20
HGB_1_159_144,47.558854,7.594143,433.32269476662776,612.0,0.2423076923076923,16
HGB_1_159_145,47.558856,7.594127,432.24143664352584,1.0,0.0,7
HGB_1_159_146,47.558846,7.594222,438.50966787850035,12000.0,0.0,1
HGB_1_160_006,47.561287,7.590784,455.4322843435853,,,4
HGB_1_160_008,47.561251,7.59082,452.5599332189294,100.0,0.0,4
HGB_1_160_010,47.560965,7.590966,426.8656235166453,4050.0,0.0,13
HGB_1_160_012,47.560986,7.590935,428.16292283411815,6600.0,0.0,2
HGB_1_160_013,47.561007,7.590904,429.48184178559876,3987.5,0.0,10
HGB_1_160_014,47.561062,7.590867,434.1089727453711,3225.0,0.0,6
HGB_1_160_015,47.56111,7.590835,438.30638000288764,125.0,0.16400046981442332,50
HGB_1_160_016,47.561159,7.590806,442.6125018967785,25.0,0.17261904761904762,29
HGB_1_160_017,47.561197,7.590774,445.7687828244841,37.5,0.10555555555555556,23
HGB_1_160_019,47.561258,7.590669,449.63621498847505,240.0,0.0,11
HGB_1_160_020,47.561323,7.590599,454.8815836704987,80.0,0.0,34
HGB_1_160_021,47.561278,7.590634,450.97140824424537,40.0,0.0,8
HGB_1_160_022,47.561258,7.590669,449.63621498847505,70.0,0.0,34
HGB_1_160_023,47.561457,7.590492,466.8238655621581,2530.625,0.3119047619047619,18
HGB_1_160_024,47.561513,7.590422,471.4484074332887,,,1
HGB_1_160_025,47.561567,7.590503,478.90907339800987,10.0,0.34074074074074073,29
HGB_1_160_026,47.561578,7.590555,481.15921594443284,1300.0,0.047619047619047616,7
HGB_1_160_027,47.56093,7.591208,430.7041502508834,253.0,0.0,32
HGB_1_160_028,47.56101,7.591138,436.6514284599316,37.5,0.0,4
HGB_1_160_029,47.56099,7.591155,435.1489539694758,75.0,0.0,33
HGB_1_160_030,47.561027,7.591121,437.81234853153126,56.0,0.0,15
HGB_1_160_031,47.561076,7.591071,441.3433429093138,2320.0,0.0,10
HGB_1_160_033,47.561126,7.591027,445.17705098925234,143.0,0.059408602150537636,37
HGB_1_160_034,47.561204,7.590964,451.539311280485,2450.0,0.0,30
HGB_1_160_035,47.561236,7.590929,453.90975124538323,30.0,0.022851153039832282,57
HGB_1_160_038,47.561446,7.5908,472.6001311231769,92.0,0.01521164021164021,34
HGB_1_161_006,47.559089,7.589005,186.35561952571467,,,1
HGB_1_161_007,47.559036,7.589057,180.84290406652133,,,7
HGB_1_161_008,47.558951,7.58911,172.02282820194003,,,1
HGB_1_161_009,47.558478,7.589741,137.72304318997826,2.0,0.2857142857142857,20
HGB_1_161_010,47.559351,7.588768,214.80632041659499,923.0,0.0,31
HGB_1_161_011,47.55941,7.588705,221.48693112993593,1500.0,0.0,4
HGB_1_161_012,47.559324,7.588811,211.84842031545165,3150.0,0.0,6
HGB_1_161_013,47.559245,7.58894,203.28449988370676,450.0,0.08333333333333333,27
HGB_1_161_015,47.559234,7.588961,202.16360054397208,1150.0,0.0,2
HGB_1_161_016,47.559201,7.589023,198.8817936105848,630.0,0.03333333333333333,30
HGB_1_161_017,47.559232,7.589059,202.53719989752253,2750.0,0.0,1
HGB_1_161_018,47.559192,7.589001,197.76196125122922,815.0,0.0,2
HGB_1_161_019,47.558932,7.589212,171.15659074511484,15150.0,0.0,7
HGB_1_161_020,47.558516,7.589814,144.24677149391277,73260.0,0.0,2
HGB_1_161_021,47.558318,7.590131,141.98717619824816,15451.625,0.0,2
HGB_1_161_022,47.558259,7.590033,132.1873723624919,72.0,0.0,19
HGB_1_161_023,47.558199,7.590113,131.99997567648342,108.0,0.0303030303030303,29
HGB_1_161_024,47.55811,7.590251,134.11810879216713,80.625,0.08333333333333333,5
HGB_1_161_025,47.559269,7.588735,205.7382174063033,34.5,0.0,39
HGB_1_161_026,47.559228,7.588782,201.07645990854877,260.0,0.0,18
HGB_1_161_027,47.55918,7.588855,195.87285600432494,43.0,0.0,19
HGB_1_161_028,47.55912,7.588905,189.33196224975782,630.0,0.0,4
HGB_1_161_029,47.559039,7.589001,180.78474299689248,5000.0,0.0,4
HGB_1_161_030,47.559073,7.588971,184.42155612230795,25.0,0.0,6
HGB_1_161_031,47.559005,7.589029,177.27629155344454,20.0,0.0,4
HGB_1_161_032,47.558931,7.589068,169.36081332488786,5.0,0.008695652173913044,25
HGB_1_161_033,47.558958,7.589052,172.1950044622019,,,1
HGB_1_161_034,47.558918,7.589081,168.08147639003374,422.5,0.0,4
HGB_1_161_035,47.55888,7.589119,164.28960615575414,14.0,0.3622222222222222,34
HGB_1_161_037,47.558511,7.589531,133.62596955335908,18000.0,0.0,20
HGB_1_161_038,47.558511,7.589531,133.62596955335908,70.0,0.009615384615384616,36
HGB_1_161_039,47.558511,7.589531,133.62596955335908,20.0,0.05238095238095238,17
HGB_1_161_040,47.558467,7.589599,131.46015765171552,2347.5,0.0,30
HGB_1_161_042,47.558335,7.5898,127.09308578619216,4666.5,0.0,27
HGB_1_161_043,47.558198,7.589982,124.70060442993127,12557.5,0.0,34
HGB_1_161_044,47.558125,7.590081,124.90080727979841,3150.0,0.0,18
HGB_1_161_045,47.557966,7.590225,123.9083526691778,600.0,0.0,30
HGB_1_168_009,47.558505,7.595243,500.4346972335349,1000.0,0.0,1
HGB_1_168_010,47.559137,7.595606,547.3899698254967,,,1
HGB_1_168_011,47.55858,7.595321,508.1970261007001,165.5,0.08333333333333333,10
HGB_1_168_013,47.558566,7.595202,499.1811617537575,26.5,0.4,1
HGB_1_168_014,47.558582,7.595214,500.49251698139983,233.5,0.41666666666666663,2
HGB_1_168_015,47.558592,7.59523,501.8867585339535,3.5,0.0,4
HGB_1_168_017,47.558604,7.595241,503.0949741726771,352.5,0.0,1
HGB_1_168_018,47.558566,7.595202,499.1811617537575,216.5,0.0,2
HGB_1_168_019,47.558628,7.595271,505.9701364283885,337.0,0.3333333333333333,1
HGB_1_168_020,47.558674,7.595307,509.9519831077467,17.25,0.3333333333333333,14
HGB_1_168_021,47.559021,7.595389,527.6580560608948,24136.0,0.0,4
HGB_1_168_022,47.559002,7.595315,521.6871497350668,29.0,0.07083333333333333,30
HGB_1_168_023,47.559127,7.595494,539.096857389708,100.0,0.04444444444444444,22
HGB_1_168_024,47.559179,7.595536,544.1659201106145,11.0,0.016666666666666666,22
HGB_1_168_025,47.559254,7.595617,552.8118896768035,10.0,0.028571428571428574,13
HGB_1_168_026,47.559331,7.595698,561.6831999063784,2000.0,0.0,13
HGB_1_168_027,47.559311,7.595678,559.4600970427832,11.75,0.08333333333333333,6
HGB_1_168_028,47.55936,7.595737,565.6166367704526,12.0,0.0,12
HGB_1_168_029,47.559418,7.595815,573.5019676266879,12.0,0.0,15
HGB_1_168_030,47.559392,7.595806,571.8106715049711,3.0,0.0,9
HGB_1_168_031,47.559392,7.595806,571.8106715049711,10.0,0.10220125786163523,60
HGB_1_168_032,47.559389,7.595776,569.5562685658863,6.0,0.047619047619047616,24
HGB_1_168_033,47.559447,7.595854,577.4536095807044,5.25,0.17857142857142858,15
HGB_1_168_034,47.559601,7.596076,599.6384457079006,,,3
HGB_1_168_035,47.559631,7.596138,605.2350818506836,13.25,0.0,12
HGB_1_168_036,47.559681,7.596201,611.8543379407375,248.0,0.0,9
HGB_1_168_039,47.559725,7.596337,623.1699792284059,8.0,0.048412698412698414,18
HGB_1_168_040,47.559714,7.596303,620.341060159487,1597.5,0.036111111111111115,10
HGB_1_168_041,47.559741,7.596363,625.6992240677837,,,2
HGB_1_168_042,47.559785,7.596421,631.7181980524886,1530.0,0.03333333333333333,6
HGB_1_168_044,47.559775,7.596407,630.2684418076434,750.0,0.3333333333333333,1
HGB_1_168_045,47.559788,7.596442,633.2929422287285,20.0,0.03333333333333333,8
HGB_1_168_046,47.559806,7.596461,635.4344902079341,20.0,0.2571428571428572,40
HGB_1_168_047,47.559835,7.596511,640.1488246556215,26.0,0.25,2
HGB_1_168_048,47.559819,7.596482,637.4619790326658,520.0,0.25,1
HGB_1_168_049,47.559835,7.596511,640.1488246556215,3720.0,0.0,4
HGB_1_168_050,47.559825,7.596494,638.5277439875754,945.0,0.0,2
HGB_1_168_051,47.559847,7.596533,642.2051823911551,381.25,0.34375,8
HGB_1_168_052,47.558194,7.594998,475.0937646452383,1653.0,0.2,9
HGB_1_168_053,47.558548,7.595359,510.0609300518274,13505.5,0.0,2
HGB_1_168_055,47.558393,7.595237,497.13694387488664,1530.8333333333333,0.0,6
HGB_1_168_056,47.558322,7.597333,650.8012541871574,331.75,0.25,2
HGB_1_168_058,47.558629,7.595486,521.6249572331883,1852.5,0.3333333333333333,5
HGB_1_168_059,47.558744,7.595582,531.9442633821584,397.5,0.03333333333333333,8
HGB_1_168_060,47.558887,7.595665,542.511250884875,583.0,0.16666666666666666,7
HGB_1_168_062,47.559184,7.59586,567.1349585243302,100.0,0.02564102564102564,16
HGB_1_168_063,47.559201,7.595883,569.4549670012651,723.0,0.0,10
HGB_1_168_064,47.559219,7.595907,571.777546291717,40.0,0.0,34
HGB_1_168_065,47.559257,7.595952,576.4700353434074,5.0,0.3375771604938272,37
HGB_1_168_066,47.559313,7.596,582.0966331407276,23.0,0.09514991181657848,32
HGB_1_168_067,47.55931,7.596014,582.9421805122503,,,2
HGB_1_168_068,47.559382,7.596082,590.5834235201855,5.5,0.0,24
HGB_1_168_069,47.559365,7.596061,588.4579423433945,928.9166666666666,0.2738095238095238,4
HGB_1_168_070,47.559399,7.596108,593.1097686020263,11.0,0.0,7
HGB_1_168_071,47.559451,7.596185,600.7002954603414,25.0,0.003472222222222222,41
HGB_1_168_072,47.55951,7.596238,606.80318146953,15.0,0.0,24
HGB_1_168_073,47.559545,7.596301,612.7307604973308,60.0,0.1148148148148148,9
HGB_1_168_074,47.559545,7.596301,612.7307604973308,85.5,0.3024335232668566,25
HGB_1_168_075,47.559571,7.596343,616.749530129206,60.0,0.2638888888888889,3
HGB_1_168_076,47.559597,7.596385,620.7715470126182,100.0,0.3177380952380952,24
HGB_1_169_006,47.555457,7.589988,236.06080025721155,38000.0,0.0,2
HGB_1_169_008,47.555618,7.590335,231.5409988944732,,,2
HGB_1_169_009,47.555592,7.59023,230.22780494975822,,,2
HGB_1_169_010,47.555558,7.590104,229.3176784393424,18000.0,0.0,4
HGB_1_170_007,47.55572,7.592902,362.58122257019846,,,1
HGB_1_170_008,47.555549,7.593553,414.48173285797577,,,3
HGB_1_170_009,47.555656,7.592977,371.1610044668138,3000.0,0.0,14
HGB_1_170_011,47.555828,7.592866,354.1247150440788,1300.0,0.0,27
HGB_1_170_012,47.555742,7.592934,363.33316486588615,,,1
HGB_1_170_013,47.555624,7.593074,379.17758850708174,2350.0,0.0,8
HGB_1_170_016,47.555597,7.59354,410.900420177142,,,2
HGB_1_170_018,47.55549,7.593321,402.8906350635801,1680.0,0.0,15
HGB_1_170_019,47.555542,7.593407,405.39664057763036,5400.0,0.0,5
HGB_1_170_021,47.555584,7.593477,407.56468409787726,180000.0,0.0,15
HGB_1_170_022,47.555633,7.593613,413.759142513643,150.0,0.0,16
HGB_1_170_023,47.555739,7.593955,431.2791033743997,134.0,0.0,83
HGB_1_170_024,47.555676,7.594011,438.16441408332133,18000.0,0.0,28
HGB_1_170_025,47.555692,7.593997,436.43884400075655,81.5,0.0,56
HGB_1_170_026,47.555522,7.594049,448.5542033412015,3290.0,0.0,4
HGB_1_170_028,47.555324,7.593433,419.97224197440175,6000.0,0.0,14
HGB_1_170_029,47.555353,7.593383,415.05646670372363,2.5,0.0,34
HGB_1_170_030,47.555295,7.593516,426.9435673526476,1892.0,0.10416666666666666,14
HGB_1_170_033,47.55524,7.593606,436.0288734535082,6000.0,0.0,23
HGB_1_170_034,47.555137,7.593767,452.4261911774725,990.0,0.1212121212121212,26
HGB_1_170_035,47.555037,7.593965,471.03843615420914,,,1
HGB_1_170_036,47.555177,7.594111,471.74814265544404,,,2
HGB_1_170_037,47.554952,7.594179,489.6212953241382,5.0,0.0,41
HGB_1_170_039,47.554994,7.594085,481.17062771435457,2130.0,0.0,15
HGB_1_170_040,47.554965,7.594138,486.2888627667028,1473.0,0.0,5
HGB_1_170_043,47.555848,7.592629,337.5939531618954,1600.0,0.0,24
HGB_1_170_044,47.555557,7.592283,334.62403472200356,,,4
HGB_1_170_045,47.555639,7.592594,348.04538644660784,400.0,0.0,25
HGB_1_170_047,47.555375,7.593172,400.53547514852704,9000.0,0.0,31
HGB_1_170_051,47.55544,7.593098,391.87956828526677,1208.0,0.3333333333333333,2
HGB_1_170_052,47.555207,7.593375,423.7561419622551,1059.5,0.0,29
HGB_1_170_053,47.555171,7.593418,428.70490355673786,140.0,0.07692307692307693,17
HGB_1_170_054,47.555132,7.593475,434.7553225844001,275.0,0.0,20
HGB_1_170_055,47.555041,7.593625,449.8369224473547,,,6
HGB_1_170_056,47.55491,7.593876,473.6909346129275,1500.0,0.0,19
HGB_1_170_057,47.554844,7.594016,486.50412506181897,93.125,0.0,6
HGB_1_170_058,47.554812,7.594061,491.37545636074714,4530.0,0.0,8
HGB_1_170_059,47.554789,7.594147,498.1136762214974,1429.75,0.0,9
HGB_1_170_060,47.554797,7.594119,495.81426156874295,26125.0,0.0,9
HGB_1_170_061,47.554823,7.594063,490.77524051175453,930.0,0.0,3
HGB_1_170_062,47.554789,7.594419,514.7440958817667,60.0,0.0,4
HGB_1_172_006,47.557374,7.58476,303.39392940108013,270.0,0.08333333333333333,5
HGB_1_172_007,47.557344,7.584905,292.5588852650946,1025.0,0.0,21
HGB_1_172_009,47.557343,7.584789,301.2877383962163,420.0,0.0,17
HGB_1_172_010,47.557326,7.584691,308.75514611147827,1848.4166666666667,0.0,5
HGB_1_172_011,47.557309,7.584592,316.23155439235194,453.0,0.0,4
HGB_1_172_012,47.557265,7.584571,318.08102069215425,704.0,0.0,4
HGB_1_172_013,47.557135,7.584594,317.4271175106154,374.5,0.0,21
HGB_1_172_014,47.55709,7.584603,317.27362824250616,41.75,0.0,32
HGB_1_172_015,47.557059,7.584607,317.4324195539632,30.0,0.0,1
HGB_1_172_016,47.557029,7.58461,317.6271257413972,815.0,0.02142857142857143,22
HGB_1_172_018,47.557208,7.584442,328.1454147828794,40.0,0.0,2
HGB_1_172_021,47.55707,7.5845,325.28546970854165,2000.0,0.0,3
HGB_1_173_005,47.556721,7.588795,77.58847133255647,,,1
HGB_1_173_006,47.556739,7.588872,75.92785250941859,,,3
HGB_1_173_007,47.556755,7.588924,74.53657819969324,203.75,0.0,4
HGB_1_173_008,47.556808,7.589177,73.89586719038738,1447.5,0.0,46
HGB_1_173_009,47.556808,7.589177,73.89586719038738,2000.0,0.0,2
HGB_1_173_010,47.556796,7.589135,73.95285140245187,1015.0,0.0608695652173913,29
HGB_1_173_011,47.556761,7.58901,75.0546442899861,10.333333333333332,0.006341991341991342,70
HGB_1_173_012,47.556609,7.588967,91.11536015532057,10.0,0.0,6
HGB_1_173_013,47.556702,7.588849,79.88134807336226,18080.0,0.0,3
HGB_1_173_014,47.556671,7.588775,83.19136521787502,80.0,0.0,5
HGB_1_173_016,47.556649,7.588645,86.34016080382875,135.0,0.02134786117836965,63
HGB_1_173_019,47.556799,7.588935,69.85403423604444,4000.0,0.0,62
HGB_1_176_006,47.556751,7.587465,124.4087645352567,,,3
HGB_1_176_007,47.556691,7.587548,123.67929599044002,2300.0,0.0,10
HGB_1_176_008,47.556551,7.587685,127.40609502519894,2255.0,0.08843537414965985,71
HGB_1_176_009,47.556568,7.587588,130.94365190972422,195.0,0.0,32
HGB_1_176_010,47.556593,7.587514,132.91035934961909,155.375,0.016666666666666666,36
HGB_1_176_011,47.556622,7.587455,134.01095043083856,88.0,0.0873015873015873,33
HGB_1_176_012,47.556637,7.587434,134.09868631962357,45.0,0.0,6
HGB_1_176_013,47.556651,7.587414,134.22315444986396,294.75,0.041666666666666664,25
HGB_1_176_014,47.556667,7.587347,137.10744310767757,13.75,0.05520833333333333,44
HGB_1_176_015,47.556702,7.587305,137.32523196543872,5490.0,0.0,21
HGB_1_176_016,47.55673,7.587263,138.13135200342288,1576.5,0.0,21
HGB_1_176_018,47.556747,7.587216,140.06525395008404,760.0,0.05768707482993197,44
HGB_1_176_019,47.556664,7.587751,114.71697984666659,1200.0,0.0,18
HGB_1_176_020,47.556705,7.587705,113.96739903443213,3184.0,0.0,17
HGB_1_176_021,47.556881,7.587438,118.08670054164175,195.0,0.0,28
HGB_1_177_006,47.558059,7.587039,149.8145166717699,,,1
HGB_1_177_007,47.558113,7.587142,146.07006857032556,178.75,0.0,9
HGB_1_177_008,47.558066,7.58744,124.55949789366419,150.0,0.17307692307692307,31
HGB_1_177_009,47.558107,7.587347,132.86408186873675,6964.0,0.0,17
HGB_1_177_010,47.558124,7.587276,138.31076261835153,13.0,0.0,30
HGB_1_177_011,47.558098,7.587184,142.55774833208997,4661.5,0.05555555555555555,13
HGB_1_177_012,47.558105,7.587207,141.47070679775527,20.0,0.137037037037037,16
HGB_1_177_013,47.558098,7.587184,142.55774833208997,32.75,0.16666666666666666,2
HGB_1_177_014,47.558089,7.587166,143.14081966644267,25.0,0.25,4
HGB_1_177_015,47.55806,7.587113,144.99649895089897,75.0,0.003968253968253968,68
HGB_1_177_016,47.558033,7.587066,146.65653221992116,21210.0,0.0,26
HGB_1_177_017,47.557818,7.587074,136.57047432101163,3040.0,0.0,7
HGB_1_177_018,47.557911,7.587056,141.4891216279973,7200.0,0.0,12
HGB_1_177_019,47.557995,7.586889,156.81570703552683,3121.0,0.08333333333333333,14
HGB_1_177_020,47.557992,7.586818,161.56038920788038,3188.0,0.0,26
HGB_1_177_022,47.558204,7.587277,143.52169039490477,540.0,0.009523809523809523,50
HGB_1_177_023,47.558169,7.587203,145.7053411546615,4630.75,0.0,4
HGB_1_177_024,47.558178,7.587222,145.13304274989383,705.0,0.0,20
HGB_1_177_025,47.55816,7.587179,146.62779417952754,3833.0,0.0,24
HGB_1_177_027,47.558141,7.58713,148.54599506755335,100.0,0.019821428571428573,49
HGB_1_177_029,47.558123,7.587082,150.54025906653217,84.0,0.11327493261455525,63
HGB_1_177_030,47.558098,7.587012,153.65470190895974,50.0,0.10587002096436057,61
HGB_1_177_031,47.557833,7.587171,130.2978727454247,360.0,0.0,43
HGB_1_177_032,47.557768,7.587084,134.151201145759,90.0,0.011347517730496453,64
HGB_1_177_033,47.557863,7.587082,137.73354533559782,1800.0,0.0,8
HGB_1_177_034,47.557971,7.587022,146.55249863883594,53.0,0.0,36
HGB_1_177_036,47.558054,7.58695,155.4809941820074,46.0,0.0,11
HGB_1_177_037,47.558057,7.586936,156.56343634181397,2722.0,0.0,27
HGB_1_177_038,47.558046,7.586884,159.48126534708064,161.66666666666669,0.0,21
HGB_1_177_039,47.558051,7.586805,165.15363044396204,60.0,0.03527336860670194,30
HGB_1_178_005,47.561344,7.590962,466.0137475355837,,,1
HGB_1_178_006,47.561369,7.591062,471.2571795380945,1050.0,0.0,4
HGB_1_178_008,47.561457,7.591147,482.7463431665713,230.0,0.0035842293906810036,36
HGB_1_178_009,47.56153,7.591345,495.84506067028553,550.0,0.0367816091954023,39
HGB_1_178_010,47.561498,7.591371,493.37025154155117,2752.0,0.04081632653061224,11
HGB_1_178_013,47.561316,7.590986,463.76111011995465,23.25,0.0,2
HGB_1_178_014,47.561334,7.591049,467.2858242572435,15.5,0.0,5
HGB_1_178_016,47.561351,7.591113,470.8402107030426,6335.0,0.14285714285714285,3
HGB_1_178_017,47.561332,7.591082,468.0329604441354,20.0,0.08402777777777777,26
HGB_1_178_018,47.561351,7.591113,470.8402107030426,,,4
HGB_1_178_019,47.561375,7.591191,475.5556364574892,40175.0,0.0,3
HGB_1_178_020,47.561426,7.591359,485.5973529275228,591.0,0.0,12
HGB_1_179_005,47.56049,7.592496,440.8364591491135,,,2
HGB_1_179_006,47.560501,7.592542,443.9600118796789,615.0,0.25,2
HGB_1_179_007,47.56043,7.592185,421.09760757567307,6000.0,0.0,4
HGB_1_179_008,47.560466,7.592297,429.4773305737873,601.5,0.0,1
HGB_1_179_009,47.560484,7.59234,433.03688591570324,1910.0,0.0,8
HGB_1_179_010,47.560466,7.592297,429.4773305737873,,,1
HGB_1_179_012,47.560541,7.592491,445.00898384282925,,,4
HGB_1_179_013,47.560283,7.592019,400.5265006882079,930.0,0.0,9
HGB_1_179_014,47.560375,7.59225,419.28756369224396,1140.0,0.0,1
HGB_1_179_016,47.560403,7.592277,422.990472878823,274.5,0.0,8
HGB_1_179_018,47.56044,7.59247,435.3434862763462,630.3333333333334,0.0,8
HGB_1_179_019,47.560467,7.592554,441.70682636315416,457.0,0.0,14
HGB_1_181_007,47.559905,7.588194,279.9694227036298,,,5
HGB_1_181_009,47.559848,7.58812,274.71339177119535,2.0,0.0,4
HGB_1_181_010,47.559625,7.588699,245.30866652011773,1800.0,0.0,17
HGB_1_181_011,47.55961,7.588518,244.4503300735055,69.0,0.02258064516129032,34
HGB_1_181_012,47.55961,7.588518,244.4503300735055,915.0,0.0,10
HGB_1_181_013,47.559682,7.588397,253.31125232616273,885.0,0.04107142857142857,22
HGB_1_181_014,47.559702,7.58822,257.44709967155137,2020.0,0.0,1
HGB_1_181_015,47.559702,7.58822,257.44709967155137,4720.0,0.0,2
HGB_1_181_016,47.559702,7.58822,257.44709967155137,296.5,0.0,27
HGB_1_181_017,47.559702,7.58822,257.44709967155137,7140.0,0.0,4
HGB_1_181_018,47.559705,7.588187,258.18723270515056,1695.0,0.005952380952380952,44
HGB_1_181_019,47.559714,7.588089,260.536572973037,270.0,0.0,126
HGB_1_181_022,47.559852,7.587881,278.9840089854862,6140.666666666667,0.25,1
HGB_1_181_023,47.559897,7.587803,285.3013537708894,6300.0,0.02167019027484144,76
HGB_1_181_024,47.559848,7.587997,276.55665668117217,3991.5,0.0,20
HGB_1_181_027,47.560053,7.587884,300.6530814256293,6100.0,0.0,1
HGB_1_181_028,47.560002,7.588022,292.97384543637764,83.33333333333334,0.06666666666666665,40
HGB_1_181_029,47.560032,7.587932,297.5786023344204,55.0,0.2611111111111111,18
HGB_1_181_030,47.55995,7.588073,286.53966723869155,35.0,0.1509700176366843,28
HGB_1_181_031,47.559895,7.588086,280.3599827223061,60.0,0.16470588235294117,63
HGB_1_181_032,47.559878,7.588054,278.9436595752286,9.0,0.0045045045045045045,42
HGB_1_181_033,47.55995,7.587876,289.7292227940097,1556.5,0.0,4
HGB_1_181_035,47.560067,7.587738,304.86067874189723,725.0,0.0,16
HGB_1_181_036,47.560039,7.587706,302.50807071421997,161.5,0.0,61
HGB_1_181_037,47.55997,7.58783,292.6423704110776,960.0,0.05,16
HGB_1_181_038,47.55976,7.588469,261.4140341425228,3325.0,0.0,17
HGB_1_181_039,47.55976,7.588469,261.4140341425228,30.0,0.0,8
HGB_1_182_007,47.557286,7.58969,69.30173248837906,28000.0,0.0,23
HGB_1_182_008,47.557136,7.589884,88.13090858110256,3637.5,0.0,3
HGB_1_182_010,47.557062,7.589941,95.30151610896579,1485.0,0.0,21
HGB_1_182_011,47.557007,7.589985,100.90519402021623,372.0,0.0,7
HGB_1_182_013,47.556755,7.59032,136.78427049015073,3045.0,0.0,14
HGB_1_182_014,47.556776,7.590384,139.6151863572566,6300.0,0.0,8
HGB_1_182_017,47.556799,7.590452,142.84170334867576,20.0,0.0,12
HGB_1_182_018,47.556818,7.590519,146.22512942306435,3000.0,0.0,4
HGB_1_182_019,47.55683,7.590603,151.31124171309247,500.0,0.0,17
HGB_1_182_020,47.556881,7.590717,156.85368473997926,1250.0,0.0,5
HGB_1_182_022,47.556706,7.590117,127.49435833374102,473.0,0.0,6
HGB_1_182_023,47.556719,7.590475,148.7706795336724,3680.0,0.0,10
HGB_1_183_008,47.556988,7.586539,176.10661071933836,780.0,0.05072463768115942,30
HGB_1_183_013,47.556982,7.586887,151.26373891414312,11460.0,0.0,6
HGB_1_183_014,47.55694,7.587019,143.57415987261302,60.0,0.0,9
HGB_1_183_016,47.556874,7.58712,139.6050485712329,30.0,0.0,18
HGB_1_183_017,47.556849,7.587252,132.0013341682384,30.0,0.0,13
HGB_1_183_018,47.556902,7.586597,174.8242962007769,137.5,0.08749007936507937,62
HGB_1_183_019,47.556912,7.586556,177.3862405020436,583.5,0.0,2
HGB_1_183_020,47.556868,7.586849,158.46085619366278,5025.0,0.023214285714285715,22
HGB_1_183_021,47.556724,7.586984,156.42561790259532,440.0,0.0,4
HGB_1_183_022,47.556796,7.587094,145.26132664900405,6000.0,0.0,8
HGB_1_183_023,47.556775,7.587157,142.2833093502807,363.0,0.0,1
HGB_1_184_007,47.557806,7.586755,159.15156755486154,,,1
HGB_1_184_009,47.557932,7.58675,163.8439396301058,105.0,0.0,9
HGB_1_184_010,47.558511,7.586859,189.36614526988842,67.5,0.0,56
HGB_1_184_012,47.558478,7.586853,187.43269279828073,150.0,0.0,24
HGB_1_184_013,47.558417,7.586839,184.04211415734744,7921.0,0.0,39
HGB_1_184_014,47.558335,7.586831,179.24328218665667,473.0,0.012857142857142857,46
HGB_1_184_015,47.558258,7.586818,175.3296099762025,6135.0,0.015625,26
HGB_1_184_016,47.558221,7.586807,173.88072329955122,1292.0,0.07619047619047618,9
HGB_1_184_017,47.558188,7.586801,172.4122155389395,111.0,0.01984126984126984,23
HGB_1_184_018,47.558188,7.586801,172.4122155389395,23.75,0.16319444444444445,14
HGB_1_184_019,47.558188,7.586801,172.4122155389395,15.0,0.0,29
HGB_1_184_020,47.558177,7.5868,171.86878024100207,50.0,0.0,31
HGB_1_184_021,47.558141,7.586795,170.28906044398767,300.0,0.0,30
HGB_1_184_023,47.558096,7.586791,168.22806298730464,94.5,0.0,31
HGB_1_184_024,47.557929,7.586787,161.07797865944676,40.0,0.0,51
HGB_1_184_025,47.557899,7.58679,159.73060002605212,27.5,0.014427860696517414,76
HGB_1_184_027,47.557869,7.586795,158.29317218756958,30.0,0.02976190476190476,38
HGB_1_184_028,47.557846,7.586797,157.3294003405786,1295.0,0.0,35
HGB_1_184_029,47.557818,7.586801,156.1873664257801,125.0,0.0,39
HGB_1_184_030,47.557766,7.586806,154.28104997972238,5100.0,0.03333333333333333,16
HGB_1_184_031,47.557722,7.586811,152.6970134519219,290.5,0.0,41
HGB_1_184_032,47.557688,7.586817,151.49191296476351,25.75,0.005208333333333333,59
HGB_1_184_033,47.557656,7.586819,150.6734321634192,125.0,0.0,38
HGB_1_184_034,47.557598,7.586836,148.45611349853655,59.083333333333336,0.0,76
HGB_1_184_035,47.558542,7.586726,199.27702558526704,253.0,0.0,42
HGB_1_184_036,47.558542,7.586726,199.27702558526704,10.0,0.0,5
HGB_1_184_037,47.558531,7.586727,198.45357305772768,9800.0,0.0,4
HGB_1_184_038,47.558498,7.586731,196.0067204621971,4566.5,0.0,9
HGB_1_184_039,47.558452,7.58673,192.98405679450806,2210.0,0.0,5
HGB_1_184_040,47.558418,7.586726,190.98277874279725,40.0,0.01443001443001443,43
HGB_1_184_041,47.558374,7.586721,188.49083295943487,5575.0,0.0,18
HGB_1_184_042,47.558333,7.586716,186.24751267591574,2040.0,0.008928571428571428,21
HGB_1_184_043,47.558344,7.586593,194.7283541095697,,,4
HGB_1_184_045,47.558286,7.586714,183.62275818085308,50.0,0.0,29
HGB_1_184_046,47.558259,7.586712,182.1801096800082,75.0,0.0,30
HGB_1_184_047,47.558254,7.586648,186.055768586662,1733.0,0.0,4
HGB_1_184_048,47.558199,7.586706,179.2281522946122,148.0,0.0,25
HGB_1_184_049,47.558214,7.586708,179.94708789310778,1475.0,0.0,8
HGB_1_184_050,47.558184,7.586696,179.0974566975262,3152.5,0.0,10
HGB_1_184_052,47.558147,7.586697,177.12503067017371,100.0,0.0,47
HGB_1_184_053,47.558047,7.586693,172.56736701435668,3095.0,0.0,18
HGB_1_184_055,47.557949,7.586701,167.95086353581868,300.0,0.03492063492063492,27
HGB_1_184_057,47.557905,7.586698,166.46638894621609,125.0,0.0,26
HGB_1_184_058,47.55784,7.586709,163.52799559441914,4500.0,0.0,13
HGB_1_184_059,47.557797,7.586697,163.09042238508357,173.0,0.0,25
HGB_1_184_060,47.557747,7.586696,161.76218701949028,4141.0,0.0,53
HGB_1_184_061,47.557694,7.586705,159.88042002414838,7365.0,0.0393939393939394,30
HGB_1_184_062,47.557707,7.586703,160.33212415732274,4220.0,0.20454545454545456,11
HGB_1_184_063,47.557674,7.586698,160.02415294008867,1059.0,0.06818181818181818,14
HGB_1_184_064,47.557615,7.586676,160.64373741992986,90000.0,0.0,9
HGB_1_184_065,47.557635,7.586683,160.40592369622496,4000.0,0.02222222222222222,21
HGB_1_184_066,47.557593,7.586658,161.6585392049844,9450.0,0.0,20
HGB_1_188_004,47.556548,7.581433,562.1912047576977,,,2
HGB_1_188_024,47.556036,7.583974,393.82833013922135,,,1
HGB_1_188_026,47.556008,7.583609,420.38419673345203,,,2
HGB_1_188_027,47.556048,7.58314,451.8137513464965,,,1
HGB_1_188_031,47.557109,7.581389,558.1504873748659,12000.0,0.0,5
HGB_1_188_033,47.557171,7.581448,553.2977677763582,,,3
HGB_1_189_008,47.557155,7.58281,451.060897633124,53.75,0.19351851851851853,27
HGB_1_189_010,47.556987,7.582812,452.5279810988272,300.0,0.0,1
HGB_1_189_011,47.55708,7.582639,464.56194063469866,3020.0,0.2,5
HGB_1_189_012,47.557052,7.582584,468.9166934649295,330.0,0.20555555555555555,25
HGB_1_189_013,47.557066,7.582611,466.73734405631444,20.0,0.3333333333333333,3
HGB_1_189_015,47.556997,7.582482,477.1040118930262,1420.0,0.041666666666666664,13
HGB_1_189_017,47.556935,7.582371,486.1267788134919,5100.0,0.017543859649122806,31
HGB_1_189_018,47.556871,7.58228,493.8029636089976,60.0,0.02027027027027027,46
HGB_1_189_019,47.556815,7.582183,501.8126252979346,30.0,0.0,28
HGB_1_189_020,47.556797,7.582159,503.9097050978423,380.0,0.0,6
HGB_1_189_021,47.556829,7.582208,499.80500332641606,25.0,0.0,8
HGB_1_189_022,47.556743,7.582086,510.236396504251,280.0,0.0,2
HGB_1_189_023,47.556743,7.582086,510.236396504251,500.0,0.0,9
HGB_1_189_024,47.556761,7.58211,508.12166416777563,239.25,0.0,18
HGB_1_189_025,47.55673,7.582068,511.73250252928926,12.0,0.3076923076923077,15
HGB_1_189_026,47.556691,7.582017,516.238528295085,37.5,0.007246376811594202,56
HGB_1_189_030,47.556651,7.581959,521.2496606823316,142.0,0.07142857142857142,9
HGB_1_189_032,47.556591,7.581898,526.8755740160587,280.0,0.0,10
HGB_1_189_033,47.556591,7.581898,526.8755740160587,23.0,0.0,3
HGB_1_189_052,47.557175,7.582434,479.1714549879289,10.375,0.17246376811594202,53
HGB_1_189_053,47.557155,7.582402,481.7307116548781,15.0,0.0,24
HGB_1_189_054,47.557155,7.582402,481.7307116548781,17.25,0.0,15
HGB_1_189_055,47.557251,7.582193,496.90325503627525,75.0,0.0,9
HGB_1_189_056,47.557128,7.582363,484.8495592349304,16.25,0.18006912442396314,38
HGB_1_189_059,47.557099,7.582318,488.49460245897694,47.5,0.0,23
HGB_1_189_061,47.557074,7.582276,491.85150271093624,26.25,0.021825396825396824,25
HGB_1_189_062,47.557027,7.582195,498.2947580456741,212.5,0.03872549019607843,39
HGB_1_189_063,47.557043,7.582222,496.1421007759958,44.0,0.1,3
HGB_1_189_064,47.557058,7.582249,493.9943276700065,341.0,0.25,1
HGB_1_189_066,47.556952,7.582084,507.4255756935262,12.0,0.0,62
HGB_1_189_067,47.556968,7.582114,505.00761914723756,260.5,0.0,10
HGB_1_189_068,47.556933,7.582063,509.2044046525472,77.0,0.0,3
HGB_1_189_069,47.556885,7.581993,515.0646861966762,1080.0,0.0,12
HGB_1_189_071,47.556839,7.581928,520.5570311531114,1894.0,0.08666666666666666,38
HGB_1_189_072,47.556778,7.581847,527.45067691647,68.0,0.06495726495726495,45
HGB_1_189_073,47.556721,7.581763,534.6375962671982,1500.0,0.0,27
HGB_1_189_074,47.556671,7.581684,541.3507562398667,80.0,0.0,2
HGB_1_189_075,47.556127,7.586708,212.63499959759676,,,3
HGB_1_190_005,47.559536,7.587165,265.2518611472166,,,1
HGB_1_190_006,47.559591,7.587194,269.72244799850364,14.0,0.0,4
HGB_1_190_007,47.559937,7.587494,296.45798432324807,563.125,0.0,27
HGB_1_190_008,47.559925,7.587487,295.41969068137104,2400.0,0.0,4
HGB_1_190_009,47.559864,7.587432,290.4124720186031,1260.0,0.0,32
HGB_1_190_010,47.559801,7.587384,285.1573406706681,647.5,0.0,53
HGB_1_190_012,47.559772,7.587381,282.2641940109638,282.0,0.12833333333333333,11
HGB_1_190_013,47.559722,7.587334,278.515519004767,200.0,0.019047619047619046,44
HGB_1_190_016,47.559691,7.587307,276.17116090038905,1.0,0.0,3
HGB_1_190_018,47.559665,7.587282,274.3361246635729,32.5,0.2222222222222222,6
HGB_1_190_019,47.559641,7.587259,272.63415525133513,728.5,0.29166666666666663,3
HGB_1_190_020,47.559632,7.58725,271.9946582056787,1095.0,0.0,1
HGB_1_190_021,47.559624,7.587242,271.45702680856283,29.0,0.0,7
HGB_1_190_022,47.559615,7.587234,270.8262325065563,18.25,0.0,9
HGB_1_190_023,47.559507,7.587256,259.3210889422345,25.0,0.0,2
HGB_1_190_024,47.559986,7.587409,303.72835407400083,250.0,0.0,41
HGB_1_190_026,47.559847,7.587312,291.93946154870156,922.5,0.0,20
HGB_1_190_027,47.559871,7.587332,293.86640298636235,104.0,0.0980295566502463,44
HGB_1_190_028,47.559847,7.587312,291.93946154870156,1350.0,0.0,24
HGB_1_190_029,47.559773,7.58725,286.284482241849,977.0,0.0025,55
HGB_1_190_030,47.559707,7.587196,281.2898094923712,4200.0,0.0,28
HGB_1_190_031,47.559659,7.58717,277.2382455755212,166.33333333333334,0.0,36
HGB_1_190_032,47.559606,7.587136,273.20694743376606,30.0,0.0,88
HGB_1_190_033,47.559572,7.58711,270.7254714014095,247.0,0.0,35
HGB_1_190_034,47.559531,7.58708,267.7399975750386,42.541666666666664,0.0,86
HGB_1_190_035,47.559478,7.587048,263.79416186515925,42.875,0.00641025641025641,61
HGB_1_190_036,47.559436,7.58702,260.8698460123587,530.0,0.0,28
HGB_1_194_009,47.556792,7.585011,292.871218302557,,,1
HGB_1_194_011,47.556786,7.585185,280.35514538744627,,,1
HGB_1_194_012,47.556844,7.585515,254.6555539766575,600.0,0.0,16
HGB_1_194_013,47.557493,7.586829,147.8432221884705,150.0,0.0026737967914438505,41
HGB_1_194_015,47.557476,7.586773,151.98377516486306,4817.75,0.027777777777777776,20
HGB_1_194_016,47.557448,7.586719,155.96741653624332,3150.0,0.0,34
HGB_1_194_017,47.557263,7.586899,143.41398480535494,30.0,0.008888888888888889,59
HGB_1_194_018,47.557364,7.586616,163.79116102824415,23.0,0.0,12
HGB_1_194_019,47.557385,7.586651,161.0391698406249,1398.1666666666665,0.0,8
HGB_1_194_020,47.557339,7.586604,164.79188108335663,600.0,0.0,13
HGB_1_194_021,47.557202,7.586931,141.98026877551928,4350.5,0.0,35
HGB_1_194_022,47.557239,7.586504,173.26916898748254,3465.0,0.0,54
HGB_1_194_023,47.55719,7.586463,177.03980306059492,43.0,0.3104166666666667,34
HGB_1_194_024,47.557153,7.586423,180.6300031490364,890.0,0.0125,30
HGB_1_194_025,47.557111,7.586379,184.70633422063253,3250.0,0.0,17
HGB_1_194_026,47.556939,7.586434,185.19702986410832,5000.0,0.022727272727272728,19
HGB_1_194_027,47.556934,7.586028,214.83084338533394,14.458333333333334,0.11979166666666667,43
HGB_1_194_028,47.556934,7.586028,214.83084338533394,31.25,0.1974702380952381,17
HGB_1_194_029,47.556934,7.586028,214.83084338533394,63.375,0.11196581196581196,29
HGB_1_194_030,47.556904,7.585923,223.26681914255693,75.0,0.007575757575757575,52
HGB_1_194_031,47.556892,7.585862,228.0570180517064,650.0,0.011904761904761904,30
HGB_1_194_032,47.556878,7.585811,232.1675891810406,1080.0,0.0,39
HGB_1_194_033,47.556865,7.585758,236.43674564361004,440.0,0.0,30
HGB_1_194_035,47.55685,7.585702,240.88030586742917,1494.0,0.02,14
HGB_1_194_036,47.556834,7.585643,245.6470301213147,200.0,0.0,19
HGB_1_194_037,47.556838,7.585658,244.45521564124562,1145.5,0.0,2
HGB_1_194_038,47.55683,7.585628,246.86055443368676,1264.0,0.0,1
HGB_1_194_039,47.556819,7.585583,250.50133649673225,30.0,0.008372365339578454,70
HGB_1_194_040,47.556803,7.585503,256.75793661718745,58.25,0.0,42
HGB_1_194_041,47.556807,7.585523,255.19378324380438,60.0,0.0,1
HGB_1_194_042,47.556798,7.585486,258.1515070633315,1274.0,0.2,2
HGB_1_194_044,47.556793,7.58546,260.1495311948913,60.0,0.11388888888888889,21
HGB_1_194_045,47.556779,7.585409,264.27152614558946,1676.5,0.07188208616780045,30
HGB_1_194_046,47.556779,7.585409,264.27152614558946,,,1
HGB_1_194_047,47.55677,7.585364,267.7684626373672,41.0,0.19846999405822935,61
HGB_1_194_048,47.556675,7.585475,262.9016009343731,,,1
HGB_1_194_049,47.55676,7.585322,271.1223794756331,25.0,0.008333333333333333,39
HGB_1_194_050,47.556746,7.585269,275.4235609251194,3164.0,0.08437499999999999,46
HGB_1_194_051,47.556725,7.585192,281.6692957491381,125.0,0.047918871252204585,63
HGB_1_194_052,47.556654,7.585024,295.9801940492742,2460.0,0.0,23
HGB_1_194_053,47.556695,7.584944,300.51077662992,80.0,0.0,86
HGB_1_194_054,47.556741,7.584857,305.5212536730324,536.5,0.0,28
HGB_1_194_055,47.556769,7.584804,308.65365448292175,144.75,0.016666666666666666,18
HGB_1_194_056,47.556796,7.584747,312.1397439763874,525.0,0.013888888888888888,25
HGB_1_194_057,47.556825,7.584689,315.67698898530136,110.5,0.0,43
HGB_1_194_058,47.556857,7.584588,322.4416531351536,9.375,0.10493827160493827,29
HGB_1_194_059,47.556838,7.584639,319.04912793591024,,1.0,1
HGB_1_194_060,47.556857,7.584588,322.4416531351536,,,1
HGB_1_194_061,47.556928,7.584367,337.38995022311155,,,1
HGB_1_194_062,47.556874,7.58475,310.1030297115088,,,1
HGB_1_194_063,47.556863,7.584808,306.0389753590969,40.0,0.0,2
HGB_1_194_064,47.557526,7.586605,164.95240640275887,5.0,0.04295432458697765,65
HGB_1_194_065,47.557478,7.586587,165.97447116332955,2655.0,0.0,16
HGB_1_194_066,47.55749,7.586591,165.70218293370925,395.0,0.1111111111111111,2
HGB_1_194_067,47.557469,7.58658,166.4921070622103,500.0,0.14285714285714285,7
HGB_1_194_068,47.557441,7.586557,168.0832379890219,491.25,0.010185185185185186,44
HGB_1_194_069,47.557412,7.586531,170.08577391387485,40.0,0.0,23
HGB_1_194_070,47.557381,7.5865,172.4643501840447,3000.0,0.0,33
HGB_1_194_071,47.557353,7.586473,174.60074316069543,150.0,0.0,8
HGB_1_194_072,47.557326,7.586446,176.7863150571532,1500.0,0.031987577639751553,41
HGB_1_194_073,47.557259,7.586388,181.66261932035806,520.0,0.0,45
HGB_1_194_074,47.557276,7.586403,180.41717877615906,1800.0,0.0,2
HGB_1_194_075,47.557245,7.586379,182.54653125614806,1057.5,0.0,5
HGB_1_194_076,47.557259,7.586388,181.66261932035806,1365.0,0.0,6
HGB_1_194_077,47.557203,7.58635,185.26886575000424,100.0,0.022675736961451247,27
HGB_1_194_078,47.557156,7.586307,189.2120931218664,40.0,0.0,5
HGB_1_194_079,47.557168,7.586318,188.2152028109761,37.5,0.02046783625730994,72
HGB_1_194_080,47.557124,7.586269,192.59127500374473,65.0,0.009259259259259259,80
HGB_1_194_081,47.557102,7.586237,195.3664327852283,7200.0,0.02222222222222222,27
HGB_1_194_082,47.557058,7.586152,202.59153258677264,5400.0,0.0,21
HGB_1_194_083,47.557034,7.586094,207.40844369642124,14.0,0.30266666666666664,29
HGB_1_194_084,47.557034,7.586053,210.43061997621365,12.5,0.05212765957446809,55
HGB_1_194_085,47.557003,7.585993,215.60475379041011,96.5,0.0,67
HGB_1_194_086,47.557001,7.585976,216.8547754763645,21300.0,0.0,2
HGB_1_194_087,47.556996,7.585944,219.35482147112825,10.0,0.018721461187214614,81
HGB_1_194_088,47.556991,7.585927,220.74067685037792,423.0,0.25,1
HGB_1_194_089,47.556987,7.585909,222.1267066607236,20.0,0.041062801932367145,78
HGB_1_194_090,47.556973,7.585856,226.39114764218982,12.5,0.011224489795918367,39
HGB_1_194_091,47.55696,7.585796,231.06216550482537,149.0,0.0125,54
HGB_1_194_092,47.556948,7.585746,235.0357128499226,200.0,0.0,44
HGB_1_194_093,47.556943,7.585723,236.86145491682922,880.0,0.0,19
HGB_1_194_095,47.556939,7.5857,238.68721555978206,25.0,0.0,50
HGB_1_194_096,47.556882,7.585439,259.26142568024943,42.5,0.040506342745148714,80
HGB_1_194_097,47.556886,7.585455,257.9328220564201,640.0,0.07857142857142857,5
HGB_1_194_098,47.556877,7.585422,260.59153571864476,842.0,0.25,1
HGB_1_194_099,47.556862,7.585373,264.58315078889365,32.5,0.01970486111111111,103
HGB_1_194_100,47.556923,7.585443,257.9255179727211,137.5,0.06666666666666667,5
HGB_1_194_101,47.556846,7.585325,268.50896325839096,50.0,0.011002178649237472,66
HGB_1_194_103,47.55683,7.585257,273.9012272928536,69.0,0.03840579710144927,57
HGB_1_194_104,47.55682,7.585162,281.11408968463616,105.0,0.09545454545454546,46
HGB_1_194_105,47.55683,7.585084,286.54393070247403,83.75,0.05586080586080586,36
HGB_1_194_106,47.556839,7.585024,290.73226190111814,28.666666666666664,0.0,37
HGB_1_194_107,47.556846,7.585,292.2919572658425,100.0,0.0,15
HGB_1_194_108,47.556854,7.584977,293.8567544119826,87.375,0.0,37
HGB_1_194_109,47.556861,7.584953,295.45639821209664,1.0,0.0,1
HGB_1_194_110,47.556868,7.584929,297.0602869684878,69.25,0.0,38
HGB_1_194_111,47.556885,7.584866,301.3144608460656,46.0,0.0,38
HGB_1_194_112,47.556918,7.584783,306.75267807840925,521.0,0.075,18
HGB_1_194_113,47.55691,7.584803,305.38609730821116,322.0,0.17857142857142858,7
HGB_1_194_114,47.556928,7.584758,308.3787816399481,581.6666666666666,0.10329670329670329,16
HGB_1_194_115,47.556955,7.584685,313.29183649172114,8.0,0.0,9
HGB_1_197_009,47.557382,7.582786,451.973650851663,40.0,0.0,2
HGB_1_197_012,47.557336,7.582895,443.8576100149466,14.0,0.07142857142857142,57
HGB_1_197_013,47.557868,7.581602,543.3614753549368,221.5,0.07916666666666666,34
HGB_1_197_015,47.556994,7.583779,380.1300993578651,103.75,0.011904761904761904,19
HGB_1_197_016,47.556982,7.583819,377.3257914835861,4880.0,0.0,31
HGB_1_197_017,47.557028,7.58366,388.58429090438244,12.5,0.10714285714285714,9
HGB_1_197_018,47.557028,7.58366,388.58429090438244,80.0,0.125,5
HGB_1_197_019,47.557036,7.583601,392.87373823533096,75.0,0.22894444444444442,62
HGB_1_197_020,47.557017,7.5837,385.75949961979956,20.0,0.13536036036036034,87
HGB_1_197_021,47.55706,7.583425,405.7702549821413,92.0,0.11078431372549019,70
HGB_1_197_022,47.557089,7.583437,404.57768206967165,44.666666666666664,0.17716049382716048,32
HGB_1_197_023,47.557112,7.58336,410.15322883543087,60.0,0.0,27
HGB_1_197_024,47.557106,7.583379,408.7572317401958,6.0,0.0,1
HGB_1_197_025,47.557119,7.583332,412.18565963060854,4.0,0.0,1
HGB_1_197_026,47.55714,7.583248,418.29553176252244,3030.0,0.0,15
HGB_1_197_027,47.557133,7.583276,416.25684185261923,653.5,0.03125,9
HGB_1_197_028,47.557152,7.583218,420.4938213350245,10.0,0.0,21
HGB_1_197_029,47.55719,7.583126,427.12294676474613,26.0,0.0,38
HGB_1_197_032,47.557187,7.582958,439.74771718645275,390.0,0.0,14
HGB_1_197_036,47.557342,7.582647,462.5076348423883,20.0,0.003875968992248062,53
HGB_1_197_037,47.557342,7.582647,462.5076348423883,146.0,0.0,1
HGB_1_197_038,47.557354,7.582599,466.0348792100033,60.5,0.017676767676767676,36
HGB_1_197_039,47.557378,7.582519,472.07742120818,10.0,0.0,8
HGB_1_197_040,47.55739,7.582458,476.64117878004555,2100.0,0.0,10
HGB_1_197_041,47.557419,7.582392,481.6260072501427,11.0,0.0,38
HGB_1_197_042,47.557412,7.582408,480.37768116764926,,,1
HGB_1_197_043,47.557429,7.582384,482.1828651170199,,,1
HGB_1_197_044,47.55744,7.582377,482.7423506155481,3827.0,0.0,1
HGB_1_197_045,47.55746,7.582362,483.8691680074493,6.25,0.0,36
HGB_1_197_046,47.557463,7.582274,490.4599657398351,26.0,0.0,31
HGB_1_197_047,47.557492,7.582204,495.7995494203095,23.0,0.10357142857142856,21
HGB_1_197_048,47.557502,7.582177,497.87749964704375,92.0,0.21428571428571427,10
HGB_1_197_049,47.557512,7.582149,499.9577039786185,125.0,0.13440860215053763,37
HGB_1_197_050,47.557566,7.582101,503.7344865010774,4820.0,0.03571428571428571,20
HGB_1_197_051,47.557592,7.582016,510.2222357959474,1890.0,0.0,29
HGB_1_197_052,47.557622,7.581959,514.6800336386501,86.5,0.009523809523809525,32
HGB_1_197_053,47.557655,7.581883,520.5520541469266,415.0,0.007692307692307693,41
HGB_1_197_054,47.557665,7.581839,523.8983885178177,6160.0,0.14285714285714285,1
HGB_1_197_055,47.557675,7.581796,527.2463531275772,80.0,0.0,1
HGB_1_197_056,47.557675,7.581796,527.2463531275772,25.0,0.19242857142857145,58
HGB_1_197_057,47.557712,7.581719,533.232978434195,23.0,0.008527131782945736,64
HGB_1_197_058,47.557744,7.581638,539.5558735373978,1539.0,0.028125,23
HGB_1_197_059,47.557793,7.581539,547.3509945837293,12000.0,0.0,1
HGB_1_197_060,47.557793,7.581539,547.3509945837293,762.0,0.0,4
HGB_1_197_061,47.557781,7.581564,545.3982128479859,19.0,0.0,37
HGB_1_197_062,47.557206,7.583774,378.28629770654436,18.0,0.14285714285714285,17
HGB_1_197_063,47.557297,7.583408,405.36780163100235,200.0,0.0,13
HGB_1_197_064,47.557329,7.583297,413.61455285078,182.0,0.0,16
HGB_1_197_065,47.557359,7.583177,422.57831561836934,10.0,0.0,27
HGB_1_197_066,47.557383,7.58306,431.35860201884435,4725.0,0.0,15
HGB_1_197_067,47.557436,7.582901,443.29206338390054,6000.0,0.0,12
HGB_1_197_068,47.557499,7.582723,456.73452764468794,75.0,0.016420361247947456,47
HGB_1_197_070,47.557514,7.582657,461.7284910891516,200.0,0.06521739130434782,33
HGB_1_197_071,47.557527,7.582609,465.4320251172084,333.5,0.0625,35
HGB_1_197_072,47.557554,7.582528,471.55618792816784,483.0,0.05,30
HGB_1_197_073,47.557582,7.582442,478.1710666855707,62.5,0.0,37
HGB_1_197_074,47.557575,7.582464,476.5157021656168,307.0,0.0,10
HGB_1_197_075,47.557591,7.582421,479.78318307337764,21.0,0.0,6
HGB_1_197_076,47.55762,7.582358,484.6322250309422,275.0,0.017857142857142856,18
HGB_1_197_078,47.557652,7.582277,490.94376053017925,1073.0,0.0,29
HGB_1_197_079,47.557688,7.5822,496.9507923527004,1261.0,0.0,42
HGB_1_197_080,47.557679,7.582219,495.44640923078737,,,1
HGB_1_197_081,47.557696,7.582181,498.44375429508136,,,1
HGB_1_197_082,47.55772,7.582123,502.9301141581065,50.0,0.17209302325581396,54
HGB_1_197_083,47.557736,7.582084,506.0133784219542,375.0,0.0,1
HGB_1_197_084,47.557751,7.582044,509.101376626148,113.0,0.16666666666666666,15
HGB_1_197_085,47.557782,7.581968,515.1053263462355,32.0,0.008,34
HGB_1_197_086,47.557813,7.581892,521.0596179229835,40.0,0.08516260162601626,53
HGB_1_197_087,47.557842,7.581826,526.287048749037,1753.0,0.03571428571428571,26
HGB_1_197_088,47.557855,7.5818,528.3915280604051,120.5,0.19174170736670737,17
HGB_1_197_089,47.557867,7.581773,530.4987389357892,32.0,0.16075036075036075,43
HGB_1_197_090,47.557891,7.581722,534.6123529823177,60.0,0.07352941176470588,20
HGB_1_197_091,47.557907,7.581685,537.5311050618011,125.0,0.03666666666666667,18
HGB_1_197_092,47.557922,7.581648,540.4538160974298,1201.25,0.0,31
HGB_1_197_093,47.557919,7.581497,551.7716887757139,1000.0,0.0,1
HGB_1_199_006,47.560253,7.586978,343.3453059845762,,,1
HGB_1_199_007,47.560294,7.586998,346.91676807027653,20.0,0.0,8
HGB_1_199_008,47.560525,7.58718,366.02074603841703,1905.0,0.0,8
HGB_1_199_009,47.560468,7.58715,360.78688922087343,473.0,0.0,5
HGB_1_199_010,47.560436,7.587132,357.9124924540825,5790.0,0.0,12
HGB_1_199_011,47.560436,7.587132,357.9124924540825,6.5,0.0,11
HGB_1_199_012,47.560414,7.587121,355.9347920782783,411.0,0.07142857142857142,13
HGB_1_199_013,47.560372,7.587094,352.22992142278196,416.0,0.0,12
HGB_1_199_014,47.560283,7.587065,343.84562107840253,796.5,0.0,6
HGB_1_199_015,47.560283,7.587065,343.84562107840253,330.0,0.0,39
HGB_1_199_016,47.560124,7.587037,328.4240851609133,275.0,0.005681818181818182,45
HGB_1_199_017,47.560566,7.587082,372.79441922445307,4405.0,0.0,23
HGB_1_199_018,47.560445,7.587013,362.027560150517,765.0,0.0,17
HGB_1_199_019,47.56039,7.586983,357.21975117358966,23.0,0.03652210884353741,63
HGB_1_199_020,47.560356,7.586969,354.0873165410469,4000.0,0.038461538461538464,19
HGB_1_199_021,47.560349,7.586945,354.08777266943935,1104.5,0.0,2
HGB_1_199_022,47.560306,7.586954,349.4521657326722,2157.75,0.0,21
HGB_1_199_023,47.560318,7.586958,350.60819885307995,1092.0,0.0,3
HGB_1_199_024,47.560284,7.586933,347.81879414190206,272.75,0.0,4
HGB_1_199_025,47.560154,7.586916,335.2510763965619,183.0,0.0,39
HGB_1_201_005,47.563177,7.5831,770.2551437199284,,,1
HGB_1_201_006,47.563323,7.582903,791.9904197560568,990.0,0.0,4
HGB_1_201_007,47.56381,7.582307,861.9788720907632,7.666666666666666,0.13333333333333333,7
HGB_1_201_008,47.561787,7.584759,572.6251517404141,,,2
HGB_1_201_010,47.561964,7.584436,602.2434996749483,50.0,0.0,2
HGB_1_201_011,47.562094,7.584245,622.3008550513198,41462.0,0.0,4
HGB_1_201_012,47.562094,7.584245,622.3008550513198,300.0,0.0,1
HGB_1_201_013,47.56231,7.583993,652.7549604812991,105.0,0.0,12
HGB_1_201_014,47.562513,7.5837,683.7914871009782,80.0,0.027777777777777776,26
HGB_1_201_015,47.562744,7.583451,715.5207885439096,26100.0,0.0,17
HGB_1_201_016,47.56326,7.582781,791.4119223113249,1890.0,0.0,21
HGB_1_201_025,47.562744,7.583451,715.5207885439096,534.0,0.0,5
HGB_1_203_006,47.558531,7.587766,145.67503192725755,,,1
HGB_1_203_008,47.558647,7.587718,158.6454964583793,1000.0,0.0,53
HGB_1_203_009,47.558601,7.587755,152.82103241093975,3860.0,0.0,18
HGB_1_203_010,47.558557,7.587811,146.45290378666647,62.5,0.0,34
HGB_1_203_011,47.558512,7.587852,140.58088812957814,6932.5,0.03809523809523809,26
HGB_1_203_012,47.558441,7.587925,130.92245785594983,13380.0,0.0,23
HGB_1_203_013,47.558388,7.58796,124.52364541961472,9030.0,0.0,29
HGB_1_203_014,47.558338,7.587998,118.26842768498832,1290.0,0.0,49
HGB_1_203_015,47.558292,7.58803,112.63499134370377,954.0,0.0,36
HGB_1_203_016,47.558626,7.58752,164.75881026174312,17340.0,0.0,24
HGB_1_203_017,47.558583,7.587567,158.86002028312208,11367.541666666666,0.0,16
HGB_1_203_019,47.558575,7.587581,157.48991702705018,2107.083333333333,0.0,2
HGB_1_203_020,47.55855,7.587623,153.38414910820845,8165.0,0.03869047619047619,29
HGB_1_203_022,47.558507,7.587681,146.96202146205943,86.0,0.049689440993788817,30
HGB_1_203_023,47.558453,7.587696,141.38503223145503,18.5,0.007722007722007721,46
HGB_1_203_024,47.558467,7.587719,141.7070118148419,1080.0,0.0,1
HGB_1_203_025,47.558439,7.587669,141.33709004406697,44.0,0.0,1
HGB_1_203_026,47.558409,7.587605,141.65139592126897,2.5,0.06666666666666667,4
HGB_1_203_027,47.558377,7.587795,130.19671397849444,215.0,0.014705882352941176,38
HGB_1_203_029,47.558377,7.587795,130.19671397849444,125.0,0.0,2
HGB_1_203_030,47.558377,7.587795,130.19671397849444,125.0,0.0,2
HGB_1_203_031,47.558295,7.58787,119.54604137476855,12375.0,0.0,29
HGB_1_203_032,47.558245,7.587911,113.18332182760781,205.0,0.007246376811594202,40
HGB_1_204_006,47.558876,7.586828,219.21584059708724,,,1
HGB_1_204_010,47.558747,7.58684,208.20671323884375,46.0,0.0,15
HGB_1_204_011,47.558572,7.587311,169.75243211221112,600.0,0.0,3
HGB_1_204_012,47.558539,7.587202,172.57698913133837,25.0,0.0,35
HGB_1_204_013,47.55854,7.587165,174.6277829563462,,,1
HGB_1_204_014,47.55854,7.587127,176.70097025212647,100.0,0.0,39
HGB_1_204_015,47.558542,7.587045,181.2418158873893,175.0,0.0,14
HGB_1_204_016,47.558542,7.587065,180.09765636153065,323.0,0.0,21
HGB_1_204_017,47.558542,7.587022,182.51039580333014,90.0,0.0,32
HGB_1_204_018,47.558544,7.586954,186.35847124344053,415.0,0.0,20
HGB_1_204_019,47.558558,7.586875,191.8329647659325,80.0,0.0,50
HGB_1_204_021,47.558728,7.586728,212.820884910605,60.125,0.0,1
HGB_1_204_022,47.558629,7.586732,205.2067269212845,150.0,0.0,42
HGB_1_204_023,47.558706,7.586728,211.13321145113287,292.5,0.01,35
HGB_1_204_024,47.558773,7.586727,216.24113905962352,20.0,0.13466666666666666,57
HGB_1_204_025,47.558806,7.586727,218.8397928990212,1920.0,0.0,41
HGB_1_204_027,47.558835,7.586727,221.12423473971592,75.0,0.0,42
HGB_1_204_028,47.558868,7.586732,223.52409187601668,125.0,0.022793263646922184,51
HGB_1_204_029,47.558912,7.586728,227.2657468889605,3240.0,0.0,33
HGB_1_204_030,47.559048,7.586727,238.56991362880615,12000.0,0.0,30
HGB_1_204_031,47.559009,7.586721,235.57710653736018,,,1
HGB_1_204_032,47.558998,7.586535,244.18630389351583,9450.0,0.0,7
HGB_1_204_033,47.559005,7.586627,240.01927299952274,6000.0,0.0,1
HGB_1_204_034,47.558963,7.586724,231.631938893197,12827.25,0.0,44
HGB_1_204_035,47.558725,7.5874,178.9679646551444,23.0,0.017857142857142856,37
HGB_1_204_036,47.558725,7.5874,178.9679646551444,50.0,0.0,2
HGB_1_204_038,47.558725,7.5874,178.9679646551444,7.0,0.0025839793281653744,50
HGB_1_204_039,47.55874,7.587467,177.46218548923366,23.0,0.11111111111111112,36
HGB_1_204_040,47.558725,7.5874,178.9679646551444,5.75,0.035555555555555556,16
HGB_1_204_041,47.558734,7.587427,178.60674506784406,630.75,0.023255813953488372,46
HGB_1_204_043,47.558664,7.587107,187.6786290729424,50.0,0.0,1
HGB_1_204_044,47.558664,7.587107,187.6786290729424,180.0,0.0,1
HGB_1_204_045,47.558659,7.58704,190.69763768050646,39000.0,0.0,17
HGB_1_204_047,47.558673,7.587046,191.48902779523254,460.0,0.0,2
HGB_1_204_048,47.558673,7.587046,191.48902779523254,189.0,0.0,2
HGB_1_204_049,47.558673,7.587046,191.48902779523254,330.0,0.0,2
HGB_1_204_052,47.558708,7.586941,199.75135306976918,2403.0,0.0543859649122807,29
HGB_1_204_053,47.558734,7.586886,204.78599755320406,132.5,0.0375,38
HGB_1_204_054,47.558771,7.586886,207.7344705902339,83.0,0.0,34
HGB_1_204_056,47.558799,7.586888,209.8316256048373,327.25,0.0,39
HGB_1_204_057,47.558826,7.586887,212.13185078556748,79.5,0.0,50
HGB_1_204_058,47.55886,7.586898,214.3502804537413,122.125,0.05198412698412699,39
HGB_1_204_059,47.558901,7.586903,217.54827315043312,15.0,0.0,72
HGB_1_204_060,47.55895,7.586904,221.616521515992,120.0,0.0047619047619047615,84
HGB_1_206_005,47.557553,7.589583,61.474976955116844,100.0,0.0,1
HGB_1_206_006,47.557397,7.589556,57.666812618077884,71.25,0.0,14
HGB_1_206_007,47.557468,7.589529,55.87102077840311,43200.0,0.0,15
HGB_1_206_008,47.557507,7.589632,64.07346758266343,6500.0,0.0,3
HGB_1_207_001,47.553007,7.588753,490.58500067700777,62.5,0.06845238095238095,30
HGB_1_207_003,47.552756,7.588563,518.7534709325174,7.0,0.0,3
HGB_1_207_004,47.552884,7.588687,504.27788412543265,4.5,0.0,4
HGB_1_208_006,47.552341,7.587677,570.8311514765444,3.0,0.0,1
HGB_1_208_007,47.552401,7.587731,563.5859521212896,587.0,0.0,2
HGB_1_208_013,47.552967,7.588388,495.951718264437,8.75,0.0,11
HGB_1_208_020,47.553714,7.588457,412.7146700407377,4800.0,0.0,3
HGB_1_208_021,47.553695,7.588498,414.6703312964298,1428.25,0.0,24
HGB_1_208_023,47.553495,7.588538,436.75578920496554,51.75,0.0,77
HGB_1_208_027,47.553039,7.58833,488.2932865213582,180.0,0.0,7
HGB_1_208_029,47.552826,7.587967,514.4627255994754,202.0,0.0,4
HGB_1_208_030,47.552701,7.58782,529.7199727192277,11.0,0.0,6
HGB_1_208_031,47.552233,7.587585,583.6931111951997,60.0,0.0,29
HGB_1_208_032,47.552155,7.587523,593.0026974071345,30.0,0.0,23
HGB_1_208_033,47.55198,7.587326,614.7540981555483,510.0,0.0,13
HGB_1_209_004,47.553913,7.590214,404.3064487929707,,,1
HGB_1_209_005,47.554073,7.589513,376.0430093460757,62.0,0.0,12
HGB_1_209_006,47.554092,7.589244,371.48821595058627,210.0,0.03571428571428571,9
HGB_1_209_007,47.553897,7.590586,414.3076867878869,10.0,0.03571428571428571,16
HGB_1_209_008,47.55362,7.591892,482.643909346713,25.0,0.0,16
HGB_1_209_009,47.5536,7.591883,484.33339902082594,50.0,0.0,58
HGB_1_209_010,47.553621,7.591684,475.18553744423053,33.0,0.0,8
HGB_1_209_011,47.553635,7.591604,471.06617115539444,28.0,0.0,25
HGB_1_209_012,47.553658,7.591487,464.91582788223167,660.0,0.0,9
HGB_1_209_013,47.553695,7.591334,456.19619288817705,140.0,0.0,1
HGB_1_209_014,47.553978,7.590798,411.38562765259337,45.0,0.0,5
HGB_1_214_007,47.551376,7.588468,672.3623264848804,3202.0,0.0,3
HGB_1_214_010,47.551431,7.588566,666.0526658728219,,,3
HGB_1_214_012,47.552307,7.589816,573.6815100864371,600.0,0.0,2
HGB_1_214_013,47.552272,7.589953,579.0036151579446,560.0,0.12962962962962962,13
HGB_1_214_014,47.552233,7.589748,581.1880288018434,55.0,0.0,48
HGB_1_214_015,47.552245,7.589759,579.887742787981,31.0,0.008333333333333333,27
HGB_1_214_016,47.552258,7.58977,578.5891521965096,122.5,0.017857142857142856,18
HGB_1_214_017,47.552176,7.589683,586.8621063215619,4.25,0.1871212121212121,22
HGB_1_214_018,47.552176,7.589683,586.8621063215619,32.625,0.16666666666666666,2
HGB_1_214_019,47.552122,7.589631,592.4340220274722,463.8333333333333,0.0,2
HGB_1_214_020,47.552196,7.589705,584.7845889556792,400.33333333333337,0.08333333333333333,10
HGB_1_214_021,47.552022,7.589539,602.7594961133622,1.5625,0.0,44
HGB_1_214_022,47.551973,7.589603,608.6130976763945,615.0,0.0,4
HGB_1_214_023,47.552001,7.589523,604.9176464818845,400.0,0.16666666666666666,4
HGB_1_214_024,47.551729,7.58961,635.7182086318884,120.0,0.0,10
HGB_1_214_025,47.551709,7.589557,637.5390285013613,40.0,0.0,9
HGB_1_214_026,47.551689,7.589505,639.3863986264955,1200.0,0.0,12
HGB_1_214_027,47.551659,7.58943,642.3303755113839,510.0,0.0,11
HGB_1_214_028,47.551621,7.589339,646.013266864649,6.0,0.17391304347826086,28
HGB_1_214_029,47.55163,7.589362,645.0851328888854,1.833333333333333,0.16666666666666666,16
HGB_1_214_030,47.55161,7.589307,647.1309893618118,118.0,0.1590909090909091,17
HGB_1_214_032,47.551549,7.589141,653.198608770099,10.833333333333332,0.03571428571428571,26
HGB_1_214_034,47.551536,7.589107,654.5425014655218,100.0,0.0,7
HGB_1_214_035,47.551523,7.589073,655.8968481927197,100.0,0.0,3
HGB_1_214_036,47.551512,7.58903,657.1040844314605,125.0,0.0,27
HGB_1_214_038,47.551457,7.588844,662.9873410443699,600.0,0.05185185185185185,39
HGB_1_214_040,47.551401,7.58869,669.1897397896365,520.0,0.02142857142857143,26
HGB_1_214_041,47.551363,7.58859,673.5721048328375,800.3333333333334,0.0,13
HGB_1_214_043,47.551297,7.588431,681.3019281638334,125.5,0.2524691358024691,31
HGB_1_214_045,47.551273,7.588361,684.1616259995934,8770.25,0.0,9
HGB_1_214_046,47.551231,7.588258,689.2696632772904,,,8
HGB_1_214_047,47.551208,7.588205,691.9731936557214,460.0,0.0,28
HGB_1_214_048,47.551186,7.588153,694.6974999904668,600.0,0.0,2
HGB_1_214_049,47.551161,7.588082,697.9320947608647,35.0,0.0,50
HGB_1_214_050,47.551129,7.587986,702.0484772055376,37.5,0.0625,41
HGB_1_214_051,47.551048,7.587865,711.8090048610436,3.458333333333333,0.24642857142857144,19
HGB_1_214_052,47.55104,7.587814,713.1109333415303,24.0,0.21458333333333335,18
HGB_1_214_053,47.551032,7.587764,714.4319099365753,40.0,0.18229166666666666,18
HGB_1_214_055,47.552496,7.589415,549.3836944443907,3205.0,0.06481481481481481,16
HGB_1_214_056,47.552417,7.589479,558.624283086003,163.0,0.06481481481481481,14
HGB_1_214_058,47.55238,7.589587,563.5252747361993,4805.75,0.0,3
HGB_1_214_059,47.552337,7.589544,567.8936836154481,930.0,0.0,11
HGB_1_214_060,47.552295,7.589501,572.2861129850438,30.0,0.0,13
HGB_1_214_063,47.552236,7.589436,578.3702068656565,290.0,0.0,16
HGB_1_214_065,47.55213,7.589344,589.5803271878501,125.0,0.0,36
HGB_1_214_066,47.552117,7.589328,590.8828315781283,661.0,0.0,7
HGB_1_214_067,47.552077,7.589298,595.224293662188,510.0,0.0,13
HGB_1_214_068,47.552036,7.589267,599.5767126336597,871.25,0.0,4
HGB_1_214_069,47.551941,7.589195,609.841726018892,,,2
HGB_1_214_070,47.551886,7.589128,615.7450970575729,1053.0,0.0,16
HGB_1_214_071,47.551831,7.589061,621.6939976116633,,,1
HGB_1_214_072,47.551792,7.589005,625.9010173181946,609.0,0.0,1
HGB_1_214_073,47.551736,7.588934,631.9764863315476,843.0,0.0,7
HGB_1_214_074,47.551527,7.588458,655.6271880357232,10.0,0.0,19
HGB_1_214_075,47.551668,7.588791,639.4327686766201,1084.0,0.0,1
HGB_1_214_076,47.551361,7.588126,675.4402376447225,17.5,0.0,11
HGB_1_214_079,47.551299,7.58777,684.8566933325986,50.0,0.0,44
HGB_1_214_084,47.551083,7.587709,709.1522534240911,424.0,0.0,5
HGB_1_215_009,47.552486,7.588299,549.7509116768578,4.0,0.0,6
HGB_1_215_010,47.553153,7.588902,474.39067287294273,1500.0,0.0,5
HGB_1_215_011,47.551778,7.58785,631.2726655353415,58.333333333333336,0.0,2
HGB_1_215_012,47.553851,7.589083,397.3986150114361,121.0,0.0,26
HGB_1_215_013,47.553791,7.589077,403.9625174788676,125.0,0.025268817204301075,48
HGB_1_215_014,47.553749,7.589073,408.6364474866711,100.0,0.0,36
HGB_1_215_015,47.553703,7.589074,413.7138658356049,333.75,0.0,32
HGB_1_215_016,47.553645,7.589069,420.17808811468586,12.0,0.0,39
HGB_1_215_017,47.553583,7.589067,427.0602135753618,46.0,0.27931972789115644,39
HGB_1_215_018,47.55352,7.589068,434.1004647919056,125.0,0.0,28
HGB_1_215_019,47.553515,7.589243,435.39256917252214,2.625,0.0,17
HGB_1_215_020,47.55352,7.589068,434.1004647919056,901.5,0.0,3
HGB_1_215_021,47.553423,7.589315,446.0854383328029,132.5,0.0,55
HGB_1_215_022,47.553423,7.589056,444.74281056463917,60.0,0.0,53
HGB_1_215_023,47.553359,7.589043,451.86603444398014,220.0,0.0,25
HGB_1_215_024,47.553299,7.589031,458.4411568726555,1083.0,0.0,19
HGB_1_215_025,47.553237,7.589008,465.2670631689479,12.0,0.0,4
HGB_1_215_026,47.553185,7.588986,471.04846687734516,945.0,0.0,30
HGB_1_215_027,47.553135,7.588971,476.5507812540662,35.0,0.0,41
HGB_1_215_028,47.553077,7.588946,482.9997497603126,17.5,0.053494623655913974,38
HGB_1_215_029,47.553034,7.588927,487.6828408234121,88.5,0.0,29
HGB_1_215_030,47.552987,7.588897,492.9198405635609,41.125,0.0,19
HGB_1_215_031,47.552946,7.588868,497.4350459077835,175.0,0.0,25
HGB_1_215_032,47.552909,7.588841,501.52257510974044,50.0,0.0,46
HGB_1_215_033,47.552869,7.588811,505.9427215241141,300.0,0.0,34
HGB_1_215_035,47.552783,7.588997,515.7778958997792,300.0,0.0,26
HGB_1_215_037,47.552663,7.589026,529.0934580806139,85.95,0.0,19
HGB_1_215_038,47.552712,7.588916,523.4381081648337,100.0,0.0,20
HGB_1_215_039,47.552773,7.588728,516.6646370961221,2000.0,0.0,16
HGB_1_215_040,47.552707,7.588675,524.0364213681196,68.0,0.0,26
HGB_1_215_041,47.552627,7.588601,533.0741421826243,35.0,0.0,39
HGB_1_215_042,47.552459,7.588445,552.0977065696854,337.5,0.0,22
HGB_1_215_043,47.552459,7.588445,552.0977065696854,18.0,0.0,7
HGB_1_215_044,47.552459,7.588445,552.0977065696854,1000.0,0.0,4
HGB_1_215_045,47.552459,7.588445,552.0977065696854,1320.0,0.0,12
HGB_1_215_047,47.552373,7.588354,562.095836591988,1477.0416666666665,0.0,5
HGB_1_215_048,47.552325,7.588407,567.1400523045073,49.0,0.0,16
HGB_1_215_049,47.552278,7.58846,572.2160694252723,10.0,0.0,6
HGB_1_215_050,47.552257,7.588482,574.3952248081066,0.5,0.0,5
HGB_1_215_052,47.552314,7.588291,568.890746736364,4.75,0.0,18
HGB_1_215_053,47.552258,7.588246,575.369100602315,1501.5,0.047619047619047616,17
HGB_1_215_055,47.552109,7.588088,592.757308946416,12.5,0.0,24
HGB_1_215_056,47.552061,7.588035,598.4553833365163,858.0,0.0,2
HGB_1_215_057,47.553939,7.588846,386.9324787175978,1076.0,0.0,15
HGB_1_215_058,47.553872,7.588844,394.4139558364932,1500.0,0.06938775510204082,10
HGB_1_215_059,47.553804,7.588843,401.9378962160828,20.0,0.0,62
HGB_1_215_060,47.55374,7.588838,409.0893126337551,629.0,0.11409523809523808,32
HGB_1_215_061,47.553663,7.588839,417.692737251383,113.5,0.0,27
HGB_1_215_062,47.553575,7.588836,427.487462316913,128.0,0.0,25
HGB_1_215_063,47.55344,7.588859,442.4227177552571,3045.0,0.0,22
HGB_1_215_064,47.55336,7.588825,451.3685447762682,39.75,0.0,50
HGB_1_215_065,47.5533,7.588802,457.99579796742245,40.375,0.0,39
HGB_1_215_066,47.553241,7.588775,464.53583913975734,52.5,0.0,29
HGB_1_215_067,47.55319,7.588749,470.2609904989413,2701.5,0.0,35
HGB_1_215_068,47.553064,7.588679,484.3002811701502,716.0,0.005128205128205128,48
HGB_1_215_069,47.552986,7.588623,493.07760310425414,692.5,0.029012345679012345,36
HGB_1_215_070,47.552907,7.58857,502.0010165170657,7.375,0.0,61
HGB_1_215_071,47.552858,7.588528,507.535044050826,137.5,0.0,37
HGB_1_215_072,47.552792,7.588459,515.0940815800493,120.0,0.0,21
HGB_1_215_074,47.552622,7.588306,534.6026354330752,125.0,0.0,18
HGB_1_215_075,47.552707,7.588382,524.8227168428697,1304.0,0.0,7
HGB_1_215_076,47.552544,7.588239,543.6301812564051,2708.0,0.0,8
HGB_1_215_077,47.552466,7.588171,552.6935041886486,9.5,0.0,9
HGB_1_215_078,47.552544,7.588239,543.6301812564051,24.0,0.0,12
HGB_1_215_079,47.552446,7.588153,554.9985658895524,24.0,0.0,6
HGB_1_215_080,47.552427,7.588134,557.3061407393112,9.291666666666668,0.09087301587301587,56
HGB_1_215_081,47.552388,7.588095,561.85684146862,133.0,0.022727272727272728,27
HGB_1_215_082,47.552353,7.588062,566.0181525593906,1140.0,0.0,8
HGB_1_215_083,47.552333,7.588042,568.385566432314,115.0,0.06103006189213086,27
HGB_1_215_084,47.552303,7.588014,571.8818793199258,551.0,0.011206896551724138,41
HGB_1_215_085,47.552257,7.587971,577.2821722053736,2100.0,0.0,28
HGB_1_215_086,47.552228,7.587943,580.7540793896799,11.5,0.0,6
HGB_1_215_087,47.552198,7.587915,584.2312263157669,1350.0,0.0,12
HGB_1_215_088,47.552143,7.587861,590.8064484206602,864.5,0.0,15
HGB_1_215_089,47.552041,7.58776,603.0076056281343,12.0,0.0,26
HGB_1_215_090,47.551903,7.587692,618.9084944839819,646.0,0.0,25
HGB_1_216_006,47.550983,7.591925,753.576831438004,,,1
HGB_1_216_007,47.551039,7.59199,749.1308309092068,120.0,0.12254901960784312,22
HGB_1_216_009,47.552034,7.59311,681.3571392948317,384.0,0.0,1
HGB_1_216_010,47.551958,7.593045,686.4813863178362,560.0,0.27777777777777773,4
HGB_1_216_011,47.551925,7.593023,688.955788242728,45.0,0.18738839285714287,67
HGB_1_216_012,47.551892,7.593001,691.444832563737,303.0,0.21666666666666665,7
HGB_1_216_013,47.551754,7.59285,700.1469209466861,1650.0,0.2222222222222222,7
HGB_1_216_014,47.551728,7.592831,702.1098632299073,40.0,0.0,3
HGB_1_216_015,47.551512,7.592616,717.1149041365866,1260.0,0.1,20
HGB_1_216_017,47.551243,7.592283,735.3652599181696,2550.0,0.02898550724637681,42
HGB_1_216_018,47.550977,7.591976,755.3446344142277,1260.0,0.0,9
HGB_1_216_019,47.550827,7.591802,767.2471833170566,74.0,0.03968253968253968,22
HGB_1_216_020,47.552252,7.593165,662.1998633944205,280.0,0.0,3
HGB_1_216_021,47.552168,7.593098,667.8872365867943,1170.0,0.0,27
HGB_1_216_022,47.552097,7.593045,672.8793098551064,26.0,0.009259259259259259,41
HGB_1_216_023,47.552078,7.593031,674.1959587280082,58.0,0.0,3
HGB_1_216_024,47.552059,7.593016,675.5182937499756,788.0,0.0,7
HGB_1_216_025,47.552017,7.592984,678.5226839048466,23.0,0.2456140350877193,19
HGB_1_216_026,47.552017,7.592984,678.5226839048466,3.0,0.38461538461538464,16
HGB_1_216_027,47.551991,7.592963,680.4196768704975,203.5,0.2333333333333333,12
HGB_1_216_028,47.551964,7.592943,682.327384590861,23.0,0.11538461538461539,16
HGB_1_216_030,47.551703,7.592582,696.7051738344454,1153.25,0.0,11
HGB_1_216_031,47.551651,7.592554,701.120467675011,281.5,0.041666666666666664,7
HGB_1_216_032,47.551669,7.592563,699.6458109229255,6300.0,0.0,2
HGB_1_216_033,47.55162,7.592539,703.8192959614868,3075.0,0.0,2
HGB_1_216_034,47.551527,7.592492,711.9668752254146,1575.0,0.0,23
HGB_1_216_035,47.5509,7.591758,758.5014359663398,1314.0,0.0,5
HGB_1_216_036,47.550946,7.591654,751.345770936025,6333.0,0.04421768707482993,8
HGB_1_216_037,47.550984,7.591563,745.3275814700512,1950.0,0.0,1
HGB_1_216_039,47.551084,7.591355,730.4134720184413,10.0,0.2743055555555555,26
HGB_1_217_005,47.558805,7.58493,328.83092621741196,,,4
HGB_1_217_008,47.558732,7.58519,307.7707185232174,74.0,0.0,9
HGB_1_217_009,47.558724,7.585021,318.64238495018475,105.0,0.0,20
HGB_1_217_012,47.5586,7.584844,324.7450743924385,811.5,0.011363636363636364,38
HGB_1_217_015,47.558745,7.584815,333.56245486617286,80.0,0.0,16
HGB_1_217_016,47.558857,7.584837,337.7528644756087,6.0,0.016666666666666666,25
HGB_1_217_017,47.558982,7.584837,344.5898024308297,40.0,0.0,62
HGB_1_217_020,47.558836,7.585117,318.2014260563506,42.5,0.0,8
HGB_1_217_025,47.558836,7.585117,318.2014260563506,,,1
HGB_1_218_007,47.555236,7.590327,268.8597003052071,1578.75,0.0,7
HGB_1_218_008,47.55523,7.590639,280.37716464381566,1146.5,0.26666666666666666,2
HGB_1_218_009,47.555224,7.590603,279.63797725429544,1.0,0.030555555555555555,40
HGB_1_218_010,47.555218,7.590567,278.9248785663826,701.0,0.05555555555555555,3
HGB_1_218_011,47.555208,7.590508,277.80691668734534,,,2
HGB_1_218_012,47.555191,7.590411,276.1754055726121,4991.5,0.027777777777777776,24
HGB_1_218_013,47.555165,7.590326,275.9618432655546,3.375,0.0,21
HGB_1_218_014,47.555145,7.590261,276.0227796092008,125.0,0.0,15
HGB_1_218_015,47.55515,7.590277,275.99784355739877,2010.0,0.0,18
HGB_1_218_016,47.555139,7.590205,274.97317566556984,158.5,0.0,29
HGB_1_218_017,47.555121,7.590036,272.20436078675937,30.0,0.01652089407191448,70
HGB_1_218_018,47.555063,7.589944,276.01827670685316,1000.0,0.0,21
HGB_1_218_019,47.555145,7.590261,276.0227796092008,6323.0,0.0,1
HGB_1_218_020,47.555317,7.590548,268.54622221336433,2625.0,0.0,33
HGB_1_218_021,47.555298,7.590479,267.9794949025772,95.0,0.05862068965517241,40
HGB_1_218_022,47.55529,7.590441,267.4004563964381,3.25,0.0,65
HGB_1_218_023,47.555284,7.590402,266.5944067129681,556.0,0.04375,22
HGB_1_218_024,47.555268,7.590345,266.28475633580746,13.0,0.0,63
HGB_1_218_025,47.555257,7.590286,265.5005125072881,1300.0,0.01111111111111111,25
HGB_1_218_026,47.555246,7.590227,264.71604460033825,17.25,0.00425531914893617,53
HGB_1_218_027,47.55536,7.590112,249.60870322463163,4170.0,0.0,23
HGB_1_218_028,47.555223,7.590081,262.8062135283818,50.0,0.04617117117117118,82
HGB_1_218_029,47.55523,7.589994,259.75655292502273,20.0,0.4,1
HGB_1_218_030,47.555237,7.589908,256.83878911163066,125.0,0.08026315789473684,49
HGB_1_219_006,47.561896,7.592284,562.9350605597004,622.5,0.4511574074074074,111
HGB_1_219_007,47.562009,7.592145,569.3757720475608,16600.0,0.0,1
HGB_1_219_008,47.561985,7.592494,579.1479619475176,32.0,0.23243243243243242,46
HGB_1_220_006,47.552965,7.589725,500.27558999592077,60.0,0.0,13
HGB_1_220_007,47.55373,7.590435,428.44882737112863,80.0,0.0,8
HGB_1_220_008,47.553668,7.590152,429.5060002787281,100.0,0.0,5
HGB_1_220_011,47.552874,7.589805,511.1326893987287,,,2
HGB_1_220_013,47.552764,7.589658,521.7271074770119,50.0,0.0,2
HGB_1_220_014,47.55374,7.589759,415.5738201813994,60.0,0.0,14
HGB_1_220_015,47.55357,7.589757,434.17421102482274,120.0,0.0,1
HGB_1_220_016,47.553518,7.589741,439.58827443717126,31000.0,0.0,3
HGB_1_220_017,47.553494,7.589699,441.72782384745574,6.0,0.037037037037037035,18
HGB_1_220_020,47.553256,7.589694,467.8343962178775,925.0,0.0,6
HGB_1_220_021,47.553135,7.589665,480.8715420243814,2000.0,0.0,12
HGB_1_220_024,47.55287,7.589456,508.32573155993424,10.0,0.0,24
HGB_1_221_006,47.558858,7.597255,656.8989903658255,15.0,0.0,2
HGB_1_221_008,47.558789,7.59703,638.6257146078963,840.0,0.0,7
HGB_1_221_009,47.559007,7.597235,659.6366723791326,,,4
HGB_1_221_010,47.558729,7.597373,662.2285880358548,3.0,0.0,26
HGB_1_221_011,47.558439,7.597108,636.2528157373187,10.0,0.1845238095238095,43
HGB_1_221_013,47.559086,7.597548,684.719558761753,4.0,0.0,2
HGB_1_221_015,47.558457,7.597386,657.1692508721632,,,2
HGB_1_222_006,47.558964,7.585812,282.37817190766805,120.0,0.0,5
HGB_1_222_008,47.558603,7.586244,232.51150836232014,1542.0,0.05308641975308642,34
HGB_1_222_009,47.558633,7.586145,240.52784766653616,1275.0,0.125,2
HGB_1_222_010,47.558633,7.586145,240.52784766653616,44.0,0.0,6
HGB_1_222_011,47.558603,7.586244,232.51150836232014,3021.25,0.020833333333333332,61
HGB_1_222_012,47.558592,7.58612,239.5804390991308,2592.5,0.225,2
HGB_1_222_015,47.558657,7.586078,246.22078592606783,1217.0,0.05072463768115942,28
HGB_1_222_016,47.558687,7.586033,250.9215198176002,125.0,0.0,44
HGB_1_222_017,47.558712,7.586008,253.96228585083438,40.0,0.0,1
HGB_1_222_018,47.558736,7.585984,257.0086201557269,606.5,0.0,6
HGB_1_222_019,47.558769,7.585958,260.7503642262224,62.5,0.014492753623188404,30
HGB_1_222_021,47.558556,7.586455,216.47501118195675,3075.0,0.0,26
HGB_1_223_007,47.56183,7.58559,546.3539304202587,60.0,0.0,8
HGB_1_223_008,47.56169,7.586185,513.7794974244513,40.0,0.19059829059829062,46
HGB_1_223_010,47.561784,7.586103,525.7511605132439,70.5,0.20105820105820105,20
HGB_1_223_011,47.56184,7.586053,532.9196113510021,68.75,0.0,23
HGB_1_223_012,47.561917,7.58599,542.7378661813086,30.0,0.0,24
HGB_1_223_013,47.562001,7.585916,553.4622535622726,225.0,0.006666666666666667,40
HGB_1_223_014,47.562148,7.585769,572.8206492908016,100.0,0.0,14
HGB_1_223_015,47.56222,7.585696,582.3964644856095,800.0,0.0,2
HGB_1_223_016,47.56222,7.585696,582.3964644856095,,,3
HGB_1_223_017,47.56228,7.585837,584.3764334128018,,,2
HGB_1_223_018,47.562273,7.58564,589.4932954712541,1235.75,0.027272727272727275,39
HGB_1_223_019,47.562116,7.585227,587.0822633587143,400.0,0.0,8
HGB_1_223_020,47.56132,7.585621,494.9803164844444,19.75,0.0,13
HGB_1_223_021,47.561737,7.586146,519.6787961737977,2125.0,0.041666666666666664,18
HGB_1_223_022,47.561816,7.586074,529.9495100957085,50.0,0.0,20
HGB_1_223_023,47.561878,7.586018,537.8900110521355,770.0,0.0,36
HGB_1_223_024,47.561945,7.585963,546.3809140320152,30.0,0.0,44
HGB_1_223_026,47.562034,7.585883,557.8361213980245,128.5,0.0,16
HGB_1_223_027,47.562098,7.58582,566.2314201225573,840.875,0.0,26
HGB_1_223_030,47.562175,7.585741,576.4921509375033,13.5,0.10416666666666666,21
HGB_1_223_031,47.56224,7.585673,585.1169868959203,125.0,0.0,26
HGB_1_223_032,47.562308,7.5856,594.2309756579841,22.0,0.0,31
HGB_1_224_006,47.556641,7.586797,173.20507713083242,12440.0,0.0,2
HGB_1_224_007,47.556617,7.586815,173.38266707255067,32.0,0.023680823680823682,43
HGB_1_224_008,47.556733,7.586821,166.7296627664384,2100.0,0.0,23
HGB_1_224_009,47.5568,7.586835,162.4720818388872,680.0,0.0,4
HGB_1_224_010,47.5567,7.5868,169.81956943507035,25.0,0.0,4
HGB_1_224_011,47.556667,7.586779,172.94548357638217,346.0,0.0,22
HGB_1_225_011,47.560363,7.592841,447.32875860728524,166.0,0.15079365079365079,51
HGB_1_225_012,47.561078,7.59223,482.1708257125655,200.0,0.06315789473684211,26
HGB_1_225_013,47.560998,7.59231,478.0103032833529,90.0,0.0,7
HGB_1_225_014,47.561018,7.59229,479.03105702212196,460.0,0.15,5
HGB_1_225_015,47.560981,7.592364,478.72873371813176,672.5,0.20833333333333331,2
HGB_1_225_016,47.560998,7.59231,478.0103032833529,3450.0,0.0,1
HGB_1_225_017,47.560932,7.592524,481.1207481928776,7800.0,0.0,9
HGB_1_225_018,47.56048,7.592839,456.82566051179276,115.0,0.0,54
HGB_1_225_021,47.560262,7.593079,451.75407434874063,1056.0,0.0,7
HGB_1_225_022,47.560139,7.593245,451.53786059883726,333.0,0.03571428571428571,12
HGB_1_225_023,47.560043,7.59337,451.5840850475761,20.0,0.0,23
HGB_1_225_024,47.56017,7.593204,451.52087065037915,2509.0,0.0,8
HGB_1_225_025,47.560128,7.593261,451.56765716049614,665.5,0.023076923076923075,14
HGB_1_225_027,47.56007,7.593337,451.6411504624153,135.0,0.00980392156862745,20
HGB_1_225_029,47.559947,7.593495,452.0788388566928,518.0,0.0,4
HGB_1_225_030,47.559984,7.593448,451.8845163765942,393.0,0.0,19
HGB_1_225_031,47.559933,7.593515,452.3366501151385,36.0,0.0,14
HGB_1_225_032,47.559933,7.593515,452.3366501151385,60.0,0.0,6
HGB_1_225_033,47.559893,7.593576,453.1695476766625,50.0,0.0,2
HGB_1_225_034,47.559874,7.593602,453.45905730868833,50.0,0.0,7
HGB_1_225_035,47.559855,7.593627,453.7661018652606,9800.0,0.0,2
HGB_1_225_036,47.559805,7.593694,454.53775498278384,355.0,0.16666666666666666,4
HGB_1_225_037,47.559739,7.593595,444.1383394210273,1550.0,0.3666666666666667,3
HGB_1_225_038,47.559746,7.593772,455.59298187964487,60.0,0.01443001443001443,39
HGB_1_225_039,47.559526,7.594059,460.5443554786701,3324.0,0.09523809523809523,3
HGB_1_225_040,47.559483,7.594138,463.2902209483201,10.0,0.0,58
HGB_1_225_041,47.559501,7.594113,462.6727385637528,1008.0,0.037037037037037035,3
HGB_1_225_042,47.5593,7.59432,465.76835775674436,6.5,0.09722222222222222,36
HGB_1_225_043,47.559336,7.594301,466.305411440168,909.0,0.45,2
HGB_1_225_044,47.55928,7.594375,468.48426187724743,3716.0,0.2,1
HGB_1_225_045,47.559212,7.594415,467.97063870941327,,,4
HGB_1_225_046,47.559246,7.594412,469.3649895072669,3024.0,0.0,3
HGB_1_225_047,47.559205,7.594451,470.0475011681275,19.0,0.05555555555555555,3
HGB_1_225_049,47.560853,7.592262,462.6344686844703,750.0,0.0,2
HGB_1_225_050,47.560811,7.592319,461.2490855175597,30.0,0.0,9
HGB_1_225_053,47.560615,7.592529,453.28380442493915,120.0,0.0,25
HGB_1_225_054,47.560471,7.592652,446.7649266606166,12.0,0.0,49
HGB_1_225_055,47.56042,7.592692,444.4617364257237,120.0,0.0,21
HGB_1_225_057,47.55968,7.593626,442.35242269062263,,,1
HGB_1_225_059,47.559526,7.593833,445.9842618130349,30.0,0.0,18
HGB_1_225_060,47.559423,7.593951,447.80845635983275,2550.0,0.0,14
HGB_1_225_061,47.559365,7.594035,450.1539697152875,30.0,0.0,32
HGB_1_225_062,47.559353,7.594063,451.3548133476409,10.0,0.018518518518518517,19
HGB_1_225_063,47.559341,7.594091,452.56651847425456,5.0,0.0,6
HGB_1_225_064,47.559299,7.594123,452.5286127952074,2.5,0.0,37
HGB_1_225_065,47.559251,7.594191,454.6781443575687,422.5,0.0,3
HGB_1_225_066,47.559191,7.594274,457.3567870264502,1050.0,0.1111111111111111,4
HGB_1_225_068,47.559162,7.594312,458.5193715234615,30.0,0.0,15
HGB_1_226_001,47.550402,7.589292,781.1068262263395,12.75,0.0,1
HGB_1_227_009,47.562129,7.591105,551.8306751271583,,,3
HGB_1_227_011,47.561817,7.590844,512.8214747370946,862.5,0.07692307692307693,42
HGB_1_227_012,47.561589,7.590607,483.4340784538727,26.5,0.23281205973513666,29
HGB_1_227_013,47.561667,7.590662,492.82430579231146,10.0,0.38913043478260867,24
HGB_1_227_014,47.561729,7.590685,499.9330934321712,51.0,0.25625,39
HGB_1_227_015,47.561713,7.590679,498.15587918631326,183.0,0.075,6
HGB_1_227_017,47.561814,7.590713,509.66794635477993,40.0,0.06267942583732057,32
HGB_1_227_018,47.561863,7.590722,515.0067595412373,420.0,0.0923076923076923,17
HGB_1_227_019,47.561891,7.590728,518.1312798885388,,,2
HGB_1_227_020,47.561919,7.590735,521.2561111467493,106.0,0.16666666666666666,26
HGB_1_227_021,47.561987,7.590758,529.015934690801,89.0,0.21508264462809917,39
HGB_1_227_022,47.562101,7.590833,542.755139269147,120.0,0.041666666666666664,16
HGB_1_227_023,47.562131,7.590859,546.5588214559616,60.0,0.16666666666666666,7
HGB_1_227_024,47.562161,7.590886,550.3641279045576,140.0,0.0,7
HGB_1_227_025,47.562161,7.590886,550.3641279045576,1360.0,0.0,6
HGB_1_227_026,47.562161,7.590886,550.3641279045576,1200.5,0.16481481481481483,7
HGB_1_227_027,47.562244,7.591046,562.6824029678581,8000.0,0.0,4
HGB_1_227_028,47.56225,7.591124,565.0955985632164,50.0,0.0,2
HGB_1_227_029,47.562214,7.591285,565.1655287360608,20.0,0.0,5
HGB_1_227_030,47.562221,7.591322,566.8540723919467,3150.0,0.0,13
HGB_1_227_031,47.562277,7.591212,570.0492748058581,690.0,0.022727272727272728,13
HGB_1_227_032,47.562227,7.591259,565.954403007406,20.0,0.0125,18
HGB_1_227_033,47.562221,7.591225,564.4903028566174,1155.75,0.0,4
HGB_1_227_034,47.562243,7.591432,571.977332320766,560.0,0.06666666666666667,8
HGB_1_227_035,47.562263,7.591515,576.324116618333,360.0,0.0,11
HGB_1_227_036,47.562279,7.59158,579.6559079415769,15.0,0.04938271604938271,28
HGB_1_227_037,47.562294,7.591644,583.0140294395242,58.0,0.0,20
HGB_1_227_038,47.56232,7.59174,588.3667795473293,1809.0,0.16666666666666666,4
HGB_1_227_039,47.562329,7.591781,590.4533919336945,20.0,0.09852380952380951,52
HGB_1_227_040,47.562338,7.591821,592.549813223942,5.25,0.41666666666666663,5
HGB_1_227_041,47.562369,7.591913,598.4396676599767,6.5,0.2647777777777778,54
HGB_1_227_042,47.562383,7.591959,601.2622459591495,23.0,0.0,33
HGB_1_227_043,47.562392,7.592002,603.4564715828731,7.0,0.0,2
HGB_1_227_044,47.562401,7.592045,605.6618225345046,70.0,0.0,25
HGB_1_227_045,47.562401,7.592045,605.6618225345046,125.0,0.0,20
HGB_1_227_046,47.562396,7.592024,604.5577639879679,10.0,0.0,27
HGB_1_227_049,47.561579,7.590787,486.3257811573851,20.0,0.01282051282051282,43
HGB_1_227_050,47.561692,7.59091,501.19531067598945,10.5,0.0,50
HGB_1_227_051,47.561692,7.59091,501.19531067598945,325.5,0.0,11
HGB_1_227_052,47.561713,7.590909,503.3675671064043,910.0,0.0,5
HGB_1_227_053,47.561776,7.590906,509.8921325703657,160.0,0.0,30
HGB_1_227_054,47.561854,7.590939,518.8988147771602,20.0,0.0,11
HGB_1_227_055,47.561932,7.59096,527.6668336017481,10.0,0.2280864197530864,35
HGB_1_227_056,47.562049,7.591014,541.2420059652118,6.0,0.053030303030303025,27
HGB_1_227_058,47.562065,7.591091,544.8122727283281,2337.5,0.0,14
HGB_1_227_059,47.562077,7.591165,547.8438815697814,,,1
HGB_1_227_061,47.562086,7.591195,549.5176291955685,2.5,0.0,12
HGB_1_227_062,47.562094,7.591226,551.1974901529194,,,1
HGB_1_227_063,47.562118,7.591531,561.7219346744806,7.5,0.0,12
HGB_1_227_064,47.562124,7.591554,562.9435788756733,40.0,0.01627906976744186,44
HGB_1_227_065,47.56213,7.591577,564.1684190843026,7.5,0.0,14
HGB_1_227_066,47.562146,7.591625,567.1648658340295,218.5,0.0,11
HGB_1_227_067,47.562162,7.591685,570.5901647518173,87.625,0.0,5
HGB_1_227_068,47.562175,7.59173,573.2533703934187,3.0,0.02564102564102564,18
HGB_1_227_069,47.562188,7.591776,575.9284991800836,39.0,0.09393939393939393,12
HGB_1_227_070,47.562215,7.591863,581.2440264232828,45.625,0.0,25
HGB_1_227_071,47.562237,7.59194,585.7967379967172,6.0,0.012121212121212121,26
HGB_1_227_072,47.562262,7.592024,590.9083440084665,69.0,0.08333333333333333,8
HGB_1_227_073,47.562285,7.592105,595.755158517387,140.0,0.07429653679653679,24
HGB_1_227_075,47.5623,7.592179,599.6574642988681,20.0,0.0,29
HGB_1_227_076,47.562317,7.592226,602.8302942156124,,,2
HGB_1_227_077,47.562333,7.592274,606.0129885977213,84.125,0.07777777777777778,27
HGB_1_227_079,47.562257,7.59249,605.651564683655,30.0,0.04446248196248196,26
HGB_1_229_006,47.555657,7.589694,207.38429151680842,,,1
HGB_1_229_007,47.55556,7.589761,219.30383601925362,,,5
HGB_1_229_008,47.555755,7.589656,196.1856927693576,620.0,0.043859649122807015,40
HGB_1_229_009,47.555975,7.589595,171.6234268569861,210.0,0.0,27
HGB_1_229_010,47.555868,7.589656,184.4079876721575,5.0,0.0,51
HGB_1_229_011,47.555835,7.58968,188.5079805691226,10.0,0.0,15
HGB_1_229_012,47.555801,7.589704,192.60870885114306,5.0,0.0,26
HGB_1_229_013,47.555724,7.58972,201.03457597231028,1650.0,0.0,12
HGB_1_229_015,47.555591,7.589791,216.76881589857035,10000.0,0.0,9
HGB_1_229_016,47.555568,7.589797,219.38956925402167,75.0,0.16346153846153846,29
HGB_1_229_018,47.555517,7.589847,225.98026339333524,5580.0,0.08333333333333333,11
HGB_1_229_020,47.555415,7.589886,237.61336318836842,80.0,0.045454545454545456,14
HGB_1_229_021,47.555422,7.58987,236.46095868512663,535.5,0.0,15
HGB_1_229_022,47.55533,7.589901,246.92295846307832,4200.0,0.0,6
HGB_1_229_023,47.555283,7.589904,251.87650253050873,170.0,0.0,16
HGB_1_229_025,47.555237,7.589908,256.83878911163066,90.0,0.0,12
HGB_1_229_026,47.55593,7.589479,173.4753867474666,695.0,0.08796296296296297,23
HGB_1_229_027,47.555888,7.589499,178.42017667285006,1890.0,0.02536231884057971,38
HGB_1_229_029,47.555849,7.589521,183.04726915180714,10.0,0.0,30
HGB_1_229_030,47.555813,7.589538,187.23620024233998,861.0,0.0,17
HGB_1_229_031,47.555778,7.589561,191.4438383239516,50.0,0.11980066445182724,52
HGB_1_229_033,47.55574,7.589582,195.95471822959448,100.0,0.0,38
HGB_1_229_034,47.555698,7.589605,200.91025811647836,20.0,0.0,19
HGB_1_229_035,47.555655,7.589632,206.1208794158071,37.5,0.0,47
HGB_1_229_036,47.555612,7.589649,211.13098695685613,52.5,0.0,32
HGB_1_229_037,47.555569,7.589674,216.17968334628387,2165.0,0.0,37
HGB_1_229_038,47.55552,7.589694,221.83004529036663,712.5,0.032692307692307694,34
HGB_1_229_039,47.555464,7.589709,228.16099309687905,1230.0,0.07616279069767441,62
HGB_1_229_040,47.555408,7.589721,234.35157058515765,15.166666666666668,0.0125,28
HGB_1_229_041,47.555115,7.589588,263.1328635481948,11700.0,0.0,11
HGB_1_229_042,47.555115,7.589588,263.1328635481948,752.5,0.175,9
HGB_1_229_043,47.555129,7.589638,262.5615930066735,1060.0,0.0,11
HGB_1_229_044,47.555367,7.589749,239.34098685290462,45.0,0.0,9
HGB_1_229_045,47.555188,7.589621,255.8164661500959,73.0,0.0,17
