,person_id,name,coordinates,year,event_role
0,P000,Hanns von Eschiberg,"47.555,7.590",1452,start
1,P000,Hannsen von Eschiberg,"47.555,7.590",1452,start
2,P000,Hanns von Eschiberg,"47.555,7.590",1452,start
3,P000,Hanns von Eschemberg,"47.555,7.590",1454,present
4,P000,Hanns von Eschemberg,"47.555,7.590",1454,end
5,P000,Hanns von Estemberg,"47.555,7.590",1459,present
6,P000,Hanns von Estemberg,"47.555,7.590",1459,present
7,P001,Vyt Vackler,"47.555,7.590",1464,end
8,P001,Vyt Vackler,"47.555,7.590",1464,end
9,P002,Ennelin,"47.555,7.590",1464,end
10,P003,Hanns Webbel,"47.555,7.590",1463,start
11,P003,Hannsen Weibel,"47.555,7.590",1463,start
12,P003,Hannsen Weibel,"47.555,7.590",1464,start
13,P003,Hannsen Weibel,"47.555,7.590",1464,start
14,P004,Elsin,"47.555,7.590",1464,start
15,P005,Hanns Gründelin,"47.555,7.590",1471,start
16,P005,Hans Gründeli,"47.555,7.590",1471,end
17,P006,Tyfrid von Mosshein,"47.555,7.590",1452,end
18,P007,Hannsen von Wuris,"47.555,7.590",1452,start
19,P008,Verenen,"47.555,7.590",1452,start
20,P009,Burkart Zugeli,"47.555,7.590",1453,end
21,P009,Burkart Zugeli,"47.555,7.590",1454,end
22,P009,Burckart Zugelin,"47.555,7.590",1454,end
23,P010,Hannsen Sttuben,"47.555,7.590",1454,start
24,P011,Enneli,"47.555,7.590",1454,start
25,P012,Clausen Holtzschumachers,"47.555,7.590",1454,present
26,P013,Hansen Stahels,"47.555,7.590",1454,present
27,P013,Hans Stachel,"47.555,7.590",1457,present
28,P013,Hans Stahel,"47.555,7.590",1458,end
29,P013,Hannsen Stahels,"47.555,7.590",1458,present
30,P013,Hannsen Stahel,"47.555,7.590",1461,start
31,P014,Ludman Meltinger,"47.555,7.590",1450,present
32,P014,Ludman Meltinger,"47.555,7.590",1450,start
33,P014,Ludman Meltinger,"47.555,7.590",1450,start
34,P014,Ludman Meltinger,"47.555,7.590",1450,present
35,P014,Ludman Meltinger,"47.555,7.590",1450,present
36,P014,Ludman Meltinger,"47.555,7.590",1452,start
37,P014,Ludman Meltinger,"47.555,7.590",1453,start
38,P014,Ludman Meltinger,"47.555,7.590",1454,start
39,P014,Ludman Meltinger,"47.555,7.590",1454,end
40,P014,Ludman Meltinger,"47.555,7.590",1457,end
41,P014,Ludman Meltinger,"47.555,7.590",1457,start
42,P014,Ludman Meltinger,"47.555,7.590",1457,present
43,P014,Ludman Meltinger,"47.555,7.590",1457,end
44,P014,Ludman Meltinger,"47.555,7.590",1457,present
45,P014,Leudman Meltinger,"47.555,7.590",1457,start
46,P014,Ludman Meltinger,"47.555,7.590",1458,present
47,P014,Ludman Meltinger,"47.555,7.590",1458,present
48,P014,Ludman Meltinger,"47.555,7.590",1458,end
49,P014,Ludman Meltinger,"47.555,7.590",1459,present
50,P014,Ludman Meltinger,"47.555,7.590",1459,end
51,P014,Ludman Meltinger,"47.555,7.590",1459,present
52,P014,Ludman Meltinger,"47.555,7.590",1459,present
53,P014,Ludman Meltinger,"47.555,7.590",1459,present
54,P014,Ludman Meltinger,"47.555,7.590",1463,end
55,P015,Heinrich Jungerman,"47.555,7.590",1460,start
56,P015,Heinrich Jungerman,"47.555,7.590",1460,start
57,P015,Heinrich Jungermann,"47.555,7.590",1460,start
58,P016,Heinrich Meyger,"47.555,7.590",1460,end
59,P016,Heinrich Meyer,"47.555,7.590",1460,end
60,P016,Heinrich Meyer,"47.555,7.590",1460,end
61,P016,Heinrichen Meiger,"47.555,7.590",1462,present
62,P016,Heinrich Meiger,"47.555,7.590",1463,start
63,P016,Heinrichen Meiger,"47.555,7.590",1463,start
64,P017,Sosten Engel,"47.555,7.590",1463,present
65,P018,Ursule,"47.555,7.590",1463,present
66,P019,Hannsen Tscheckabürlin,"47.555,7.590",1451,present
67,P019,Hannsen Zscheggaburlin,"47.555,7.590",1452,present
68,P019,Hannsen Zschegkaburlin,"47.555,7.590",1453,start
69,P019,Hans Zscheggaburlin,"47.555,7.590",1454,end
70,P019,Hanns Zschegkaburlin,"47.555,7.590",1454,present
71,P019,Hans Zscheggebürlin,"47.555,7.590",1455,start
72,P019,Hans Tschekabürlin,"47.555,7.590",1455,start
73,P019,Hans Zscheckabürlin,"47.555,7.590",1455,start
74,P019,Hanns Zschekabürlin,"47.555,7.590",1455,start
75,P019,Hanns Tschekabürlin,"47.555,7.590",1455,start
76,P019,Johans Zschegkenbürlin,"47.555,7.590",1455,present
77,P019,Hans Eschekabürlin,"47.555,7.590",1455,start
78,P019,Johanns Zschegkaburlin,"47.555,7.590",1456,start
79,P019,Johann Zschegkaburlin,"47.555,7.590",1456,start
80,P019,Hans Zscheggenbürlin,"47.555,7.590",1456,present
81,P019,Johanns Zschegkabürlin,"47.555,7.590",1456,start
82,P019,Johans Zschegkenbürlin,"47.555,7.590",1458,start
83,P019,Johanns Zschegkabürlin,"47.555,7.590",1458,start
84,P019,Johanns Eschesaburlin,"47.555,7.590",1458,start
85,P019,Johan Zschegkenbürlin,"47.555,7.590",1458,start
86,P019,Johanns Zschegkabürlin,"47.555,7.590",1458,present
87,P019,Johanns Zschegaburlinbede,"47.555,7.590",1458,start
88,P019,Johans Zschegkaburlin,"47.555,7.590",1458,end
89,P019,"Hannsen , Zschaggaburlin","47.555,7.590",1459,start
90,P019,Hansen Scheggässbürlin,"47.555,7.590",1459,present
91,P019,"Hannsen , Zschaggaburlin","47.555,7.590",1459,start
92,P019,Hannsen Zschegkaburlin,"47.555,7.590",1462,start
93,P019,Johanns Zschegkabürlin,"47.555,7.590",1462,end
94,P019,Johans Zschegkaburlin,"47.555,7.590",1462,end
95,P019,Johanns Zschegkaburlin,"47.555,7.590",1462,present
96,P019,Johans Zschegkabürlin,"47.555,7.590",1462,end
97,P019,Johannsen Zschegkaburlin,"47.555,7.590",1462,start
98,P019,hansen Zschegkabürlin,"47.555,7.590",1462,start
99,P019,Johans Zschegkaburlin,"47.555,7.590",1462,end
100,P019,Hausen Zschegkaburlin,"47.555,7.590",1466,present
101,P019,Hannsen Zschegkaburlin,"47.555,7.590",1466,present
102,P019,Hannsen Zschegkabinlin,"47.555,7.590",1466,present
103,P019,Hannsen Zschegkablin,"47.555,7.590",1466,present
104,P019,Johannsen Zschegkaburlin,"47.555,7.590",1466,start
105,P019,Hannsen Zschegkabürlin,"47.555,7.590",1466,present
106,P019,Hanns Zschekapulin,"47.555,7.590",1471,present
107,P019,Hanns Zschekaburlin,"47.555,7.590",1471,end
108,P019,Hanns Zschekaburlin,"47.555,7.590",1471,end
109,P019,Hanns Zschekaburlin,"47.555,7.590",1472,end
110,P019,Hanns Zschegkapurlin,"47.555,7.590",1473,end
111,P019,Hans Zschegkaperlin,"47.555,7.590",1474,start
112,P019,Hannsen Zschegscapurlin,"47.555,7.590",1474,start
113,P019,Hanns Zschekaburlin,"47.555,7.590",1474,present
114,P019,Hanns Zschekaburlin,"47.555,7.590",1474,present
115,P019,Hanns Zschekaburlin,"47.555,7.590",1474,start
116,P019,Hanns Zschekapurlin,"47.555,7.590",1475,end
117,P020,Niclaus Heynerstorff,"47.555,7.590",1461,start
118,P021,Peter Wolfer,"47.555,7.590",1450,start
119,P021,Peter Wolfer,"47.555,7.590",1450,end
120,P021,Peter Wolfer,"47.555,7.590",1451,start
121,P021,Peter Wolfer,"47.555,7.590",1451,present
122,P021,Peter Wolffer,"47.555,7.590",1451,end
123,P021,Petro Wolfer,"47.555,7.590",1451,present
124,P021,Peter Wolffer,"47.555,7.590",1451,present
125,P021,Peter Wolfer,"47.555,7.590",1451,start
126,P021,Peter Wolffer,"47.555,7.590",1451,present
127,P021,Peter Wolffer,"47.555,7.590",1451,start
128,P021,Peter Wolffer,"47.555,7.590",1451,present
129,P021,Peter Wolffer,"47.555,7.590",1451,end
130,P021,Peter Wolfer,"47.555,7.590",1452,start
131,P021,Peter Wolfer,"47.555,7.590",1453,start
132,P021,Peter Wolffer,"47.555,7.590",1455,start
133,P021,Peter Wolffer,"47.555,7.590",1455,present
134,P021,Peter Wolffer,"47.555,7.590",1456,present
135,P021,Peter Wolfer,"47.555,7.590",1457,present
136,P021,Peter Wolffer,"47.555,7.590",1458,present
137,P021,Peter Wolfer,"47.555,7.590",1460,present
138,P022,heinrich Besslin,"47.555,7.590",1459,start
139,P023,Clausen Ottendorff,"47.555,7.590",1474,present
140,P024,Conrat tobler,"47.555,7.590",1469,start
141,P024,Conrat sobler,"47.555,7.590",1470,end
142,P024,Conrat sobler,"47.555,7.590",1470,present
143,P024,Conrat Toblers,"47.555,7.590",1471,end
144,P024,Conrat soler,"47.555,7.590",1473,start
145,P025,Heini conezen,"47.555,7.590",1470,start
146,P026,,"47.555,7.590",1455,present
147,P027,Conratthorer,"47.555,7.590",1463,present
148,P028,Hanns Schnell,"47.555,7.590",1452,end
149,P029,Clara,"47.555,7.590",1452,end
150,P030,Hannsen Wurtzeler,"47.555,7.590",1452,start
151,P030,Hanns Würzeler,"47.555,7.590",1456,end
152,P031,Ursselin,"47.555,7.590",1452,start
153,P032,herren die Regen,"47.555,7.590",1475,end
154,P033,Abrecht Pfaffen,"47.555,7.590",1475,start
155,P034,Gredlin,"47.555,7.590",1475,start
156,P035,Heinrich Halbysin,"47.555,7.590",1469,end
157,P035,Heinrich Halbysi,"47.555,7.590",1469,end
158,P035,Heinrich Habbysi,"47.555,7.590",1469,end
159,P035,Heinrich Halbysin,"47.555,7.590",1470,present
160,P035,Heinrich Halbysin,"47.555,7.590",1470,end
161,P035,Heinrich Halbysin,"47.555,7.590",1470,end
162,P035,Heinrich Halbysin,"47.555,7.590",1470,end
163,P035,Heinrich Halbysin,"47.555,7.590",1471,end
164,P036,Agnes,"47.555,7.590",1469,end
165,P037,Heinrich Seltinger,"47.555,7.590",1469,start
166,P038,Ennelin,"47.555,7.590",1469,start
167,P039,Hanns Peyger,"47.555,7.590",1452,end
168,P039,Hanns Meyger,"47.555,7.590",1452,end
169,P039,Hanns peyer,"47.555,7.590",1454,end
170,P039,Hanss Meyger,"47.555,7.590",1454,end
171,P039,Hannsen Meyer,"47.555,7.590",1457,start
172,P039,Hannsen Meyer,"47.555,7.590",1458,start
173,P039,Hans Meygers,"47.555,7.590",1458,present
174,P039,Hans Meygers,"47.555,7.590",1458,present
175,P039,Hanns Meyer,"47.555,7.590",1461,end
176,P039,Hans Egers,"47.555,7.590",1461,present
177,P039,Hannsen Peyer,"47.555,7.590",1461,start
178,P040,Jacob von Senscham,"47.555,7.590",1460,present
179,P041,Rudolf von Ramstein,"47.555,7.590",1453,present
180,P041,Rudolf von Ramstein,"47.555,7.590",1453,end
181,P041,Rudolf von Ramstein,"47.555,7.590",1455,start
182,P041,Rudolf von Ramstein,"47.555,7.590",1455,present
183,P042,Hausen von Hertzbach,"47.555,7.590",1455,end
184,P042,hansen von Hertzbach,"47.555,7.590",1455,end
185,P042,hansen von hirtzbach,"47.555,7.590",1455,present
186,P042,Hansen von Hirzbach,"47.555,7.590",1455,end
187,P043,Hanns Böklin,"47.555,7.590",1472,end
188,P043,Hanns boklin,"47.555,7.590",1472,end
189,P043,Hanns boklin,"47.555,7.590",1472,present
190,P044,Heinrich Böflin,"47.555,7.590",1472,end
191,P044,Heinrich Bömlin,"47.555,7.590",1473,end
192,P045,Peter Herman,"47.555,7.590",1472,end
193,P045,Peter Herman,"47.555,7.590",1472,present
194,P046,Elsin Herman,"47.555,7.590",1472,end
195,P046,Elsin Hermann,"47.555,7.590",1472,present
196,P047,Conrat,"47.555,7.590",1472,start
197,P048,Ennelin trobachin,"47.555,7.590",1472,present
198,P049,ir basen,"47.555,7.590",1472,present
199,P050,Anthong Erlwin,"47.555,7.590",1462,end
200,P050,Antheng Erbwin,"47.555,7.590",1463,start
201,P051,Heinrich Egg,"47.555,7.590",1462,start
202,P052,Ennelin,"47.555,7.590",1462,start
203,P053,Naderz,"47.555,7.590",1457,present
204,P054,Freyen Fassbinderin,"47.555,7.590",1457,present
205,P055,Hansen von Münstral,"47.555,7.590",1463,present
206,P055,Hannsen von Münstrol,"47.555,7.590",1463,start
207,P055,Hansen von Münsteral,"47.555,7.590",1463,present
208,P055,Hanns von Münstral,"47.555,7.590",1463,present
209,P055,Hanns von Münstrol,"47.555,7.590",1463,end
210,P055,Hansen von Münstrol,"47.555,7.590",1464,start
211,P056,Johann von Laufenberg,"47.555,7.590",1451,present
212,P056,Johann von Laufenberg,"47.555,7.590",1451,present
213,P057,Hans Heiden,"47.555,7.590",1456,start
214,P057,Hanns Heiden,"47.555,7.590",1456,start
215,P058,Elsin,"47.555,7.590",1456,start
216,P059,Hansen Enwaltig,"47.555,7.590",1450,start
217,P059,Hannsen Envaltig,"47.555,7.590",1451,present
218,P059,Hannsen Einfaltigen,"47.555,7.590",1454,start
219,P059,Hanns Einfaltig,"47.555,7.590",1455,present
220,P059,Hanns Einfaltig,"47.555,7.590",1455,end
221,P059,Hansen Einfaltig,"47.555,7.590",1456,present
222,P059,Hans Einfaltig,"47.555,7.590",1456,present
223,P059,Hanssen Einfaltig,"47.555,7.590",1456,present
224,P059,Hanns Einfalti,"47.555,7.590",1458,end
225,P059,Hanns Einfaltig,"47.555,7.590",1458,end
226,P059,Hans Einfaltig,"47.555,7.590",1461,end
227,P059,Hansen Einfaltig,"47.555,7.590",1461,start
228,P059,Hanns Einfaltigs,"47.555,7.590",1461,present
229,P059,Hannsen Einfaltig,"47.555,7.590",1462,present
230,P059,Hannsen Einfaltig,"47.555,7.590",1464,present
231,P059,Hanns Einfaltig,"47.555,7.590",1464,end
232,P059,Hanns Einfaltig,"47.555,7.590",1464,start
233,P059,Hans Einfaltig,"47.555,7.590",1469,end
234,P060,Kungolt,"47.555,7.590",1461,end
235,P061,Hansen Wirtlin,"47.555,7.590",1461,start
236,P061,Hans Wirtlin,"47.555,7.590",1461,end
237,P061,Hans Wirtlin,"47.555,7.590",1464,end
238,P062,Elsen,"47.555,7.590",1461,start
239,P063,Eilse Veltzachin,"47.555,7.590",1455,end
240,P064,Johannsen Hirsinger,"47.555,7.590",1455,start
241,P065,Heinrich Harnesch,"47.555,7.590",1455,start
242,P065,Heinrich Harnesch,"47.555,7.590",1456,end
243,P066,Eglin Fryg,"47.555,7.590",1452,end
244,P067,Agnes,"47.555,7.590",1452,end
245,P068,Jacoben Langenower,"47.555,7.590",1452,start
246,P069,Agnes,"47.555,7.590",1452,start
247,P070,M von Utingen,"47.555,7.590",1463,start
248,P071,Ennelin Sittingerin,"47.555,7.590",1457,present
249,P072,Hansen Sittingers,"47.555,7.590",1457,present
250,P072,"Hannsen , Sittinger","47.555,7.590",1457,present
251,P073,Sittinger,"47.555,7.590",1457,present
252,P074,Burckart Lapfengiessers,"47.555,7.590",1464,present
253,P074,Burckart Lapfengiessers,"47.555,7.590",1464,present
254,P075,Ully Hutmachers,"47.555,7.590",1464,present
255,P076,Hans Obrost,"47.555,7.590",1461,end
256,P077,Lienharten Roglin,"47.555,7.590",1461,start
257,P078,Ennelin,"47.555,7.590",1461,start
258,P079,Andres Fürlin,"47.555,7.590",1452,start
259,P079,Andres Fürlin,"47.555,7.590",1456,start
260,P080,Elsen,"47.555,7.590",1452,start
261,P081,Hannsen Glaser,"47.555,7.590",1457,start
262,P081,Hanns Glaser,"47.555,7.590",1461,end
263,P082,Dietrich Muren,"47.555,7.590",1470,present
264,P082,Dieterich Mürern,"47.555,7.590",1470,present
265,P082,Dieterich Muren,"47.555,7.590",1474,present
266,P082,Dieterich Mürer,"47.555,7.590",1475,start
267,P082,Dietrich Murern,"47.555,7.590",1475,start
268,P083,Hans Wittken,"47.555,7.590",1472,present
269,P084,Ulrich,"47.555,7.590",1455,end
270,P085,Hannsen Utinger,"47.555,7.590",1455,start
271,P086,Hannsen von Louffen,"47.555,7.590",1466,present
272,P087,Jerg vom Roten,"47.555,7.590",1451,end
273,P088,Jacob,"47.555,7.590",1451,start
274,P089,,"47.555,7.590",1451,start
275,P090,Claus Seger,"47.555,7.590",1468,start
276,P090,Claus Seger,"47.555,7.590",1471,end
277,P091,Ast,"47.555,7.590",1471,end
278,P092,Jost Welss,"47.555,7.590",1471,start
279,P093,Hass,"47.555,7.590",1471,present
280,P094,Heylprin,"47.555,7.590",1471,present
281,P095,Thiebold Lüpfrid,"47.555,7.590",1450,end
282,P095,Thiebolden Lütpfrid,"47.555,7.590",1454,present
283,P095,Thiebolden Lütpfrid,"47.555,7.590",1454,present
284,P095,Thiebolden Lutpfrid,"47.555,7.590",1454,present
285,P096,Angnes Rennerin,"47.555,7.590",1450,end
286,P097,Hansen,"47.555,7.590",1450,start
287,P098,Elsen,"47.555,7.590",1450,start
288,P099,Heinrichs von Hestlach,"47.555,7.590",1450,present
289,P100,Hansen Spenglers,"47.555,7.590",1450,present
290,P1000,Ennelin,"47.555,7.590",1462,start
291,P1001,Clewi Füfel,"47.555,7.590",1453,end
292,P1001,Clewin Tüfel,"47.555,7.590",1454,end
293,P1002,Adelheil Tüfelin,"47.555,7.590",1453,end
294,P1003,sti Tufels,"47.555,7.590",1453,start
295,P1004,Karhing crutz,"47.555,7.590",1450,present
296,P1005,Bartholome Rübsam,"47.555,7.590",1451,end
297,P1006,Adelheit von Strassburg,"47.555,7.590",1451,start
298,P1006,Adelheit von Strassburg,"47.555,7.590",1451,end
299,P1007,heinrich halb,"47.555,7.590",1467,present
300,P1008,Agnesen,"47.555,7.590",1467,present
301,P1009,Grede,"47.555,7.590",1463,end
302,P101,Stoffel Lüdin,"47.555,7.590",1457,present
303,P101,Stoffel Ludi,"47.555,7.590",1462,start
304,P101,Stoffel Ludin,"47.555,7.590",1462,start
305,P1010,Heuslin tüber,"47.555,7.590",1463,start
306,P1011,Katherin,"47.555,7.590",1463,start
307,P1012,Ennelin Zollerin,"47.555,7.590",1457,end
308,P1012,Ennelin Kollerin,"47.555,7.590",1458,end
309,P1012,Ennelin molerin,"47.555,7.590",1461,end
310,P1013,Conrat Mornach,"47.555,7.590",1470,present
311,P1013,Conrat Mornach,"47.555,7.590",1471,end
312,P1013,Conrat Mornach,"47.555,7.590",1471,end
313,P1014,Peter schlichhernach,"47.555,7.590",1471,start
314,P1014,Peter Schlichernach,"47.555,7.590",1471,start
315,P1014,Peter Schlichernach,"47.555,7.590",1471,start
316,P1014,Peter schlichernach,"47.555,7.590",1474,end
317,P1015,Elsa,"47.555,7.590",1471,start
318,P1016,Osswalten Strölin,"47.555,7.590",1462,end
319,P1016,Oswalden Strowlin,"47.555,7.590",1464,present
320,P1017,Dietrich pregen,"47.555,7.590",1459,end
321,P1017,Dietrich pregen,"47.555,7.590",1459,end
322,P1018,Hanss Gisli,"47.555,7.590",1461,end
323,P1019,Claus Seckinger,"47.555,7.590",1461,end
324,P102,Jacop Joner,"47.555,7.590",1457,present
325,P1020,Heinrichen Hünenberg,"47.555,7.590",1461,start
326,P1020,Heinrich Hünenberg,"47.555,7.590",1461,start
327,P1021,Kraft Büntzlin,"47.555,7.590",1460,start
328,P1022,Gerhart Megkings v Buchhatz,"47.555,7.590",1460,start
329,P1023,Conrat Mentprots,"47.555,7.590",1460,end
330,P1024,Peter Offenburg,"47.555,7.590",1460,end
331,P1024,"Peter , Offenburg","47.555,7.590",1460,end
332,P1024,Peter Offenburg,"47.555,7.590",1462,end
333,P1024,Peter Offenburg,"47.555,7.590",1462,end
334,P1025,Gerharts,"47.555,7.590",1460,present
335,P1026,Ulrichs zem Lufft,"47.555,7.590",1460,present
336,P1027,Peter von Andela,"47.555,7.590",1460,start
337,P1027,Peters von Andels,"47.555,7.590",1460,start
338,P1028,Engellinen,"47.555,7.590",1460,start
339,P1029,Elsbethen von Andels,"47.555,7.590",1472,present
340,P103,Claus Herre,"47.555,7.590",1450,end
341,P103,Claus Herre,"47.555,7.590",1450,end
342,P103,Claus Herren,"47.555,7.590",1452,end
343,P103,Claus Herren,"47.555,7.590",1452,start
344,P103,Claus Herre,"47.555,7.590",1455,end
345,P103,Claus Herre,"47.555,7.590",1457,present
346,P103,Claus Herr,"47.555,7.590",1460,end
347,P1030,Frauezen,"47.555,7.590",1472,present
348,P1031,Erhart,"47.555,7.590",1472,present
349,P1032,Conrat Haberman,"47.555,7.590",1469,end
350,P1033,Adelheit,"47.555,7.590",1469,end
351,P1034,Conrat Herb,"47.555,7.590",1469,start
352,P1035,Elsin,"47.555,7.590",1469,start
353,P1036,Sidli Hanns Fri,"47.555,7.590",1451,start
354,P1037,Götz Heinrichen Scherman,"47.555,7.590",1451,start
355,P1038,Lienhart Müllers,"47.555,7.590",1451,start
356,P1038,Lienhat Müllers,"47.555,7.590",1451,end
357,P1038,Lienhart Müllers,"47.555,7.590",1451,end
358,P1039,Steselin,"47.555,7.590",1454,end
359,P104,Peter Hanns Ryat,"47.555,7.590",1455,start
360,P104,Peterhanns Ryat,"47.555,7.590",1457,end
361,P104,Peter Hanns Ryat,"47.555,7.590",1457,end
362,P1040,Thoman Sürlin,"47.555,7.590",1454,end
363,P1040,Thoman Sürlin,"47.555,7.590",1454,end
364,P1040,Thoman Sürlin,"47.555,7.590",1454,end
365,P1041,Jerg zer Sumen,"47.555,7.590",1454,start
366,P1041,Joergen zer Smmen,"47.555,7.590",1454,start
367,P1042,Barbaren,"47.555,7.590",1454,start
368,P1043,Vrsulen Kindin,"47.555,7.590",1469,end
369,P1044,Heinrich Guldinknopff,"47.555,7.590",1469,start
370,P1045,Johannes brunegk,"47.555,7.590",1458,start
371,P1046,Jos Mertz,"47.555,7.590",1462,start
372,P1046,Jos Mertz,"47.555,7.590",1462,start
373,P1046,Jos Mertz,"47.555,7.590",1463,end
374,P1046,Jos Mertz,"47.555,7.590",1463,end
375,P1047,Katherin,"47.555,7.590",1463,end
376,P1048,Adelheiten Langenhartin,"47.555,7.590",1463,start
377,P1048,Adelheiten Langenhartin,"47.555,7.590",1463,start
378,P1049,Kuezlin Krafften,"47.555,7.590",1458,start
379,P1049,Kunezlin crafften,"47.555,7.590",1458,present
380,P105,Agnes,"47.555,7.590",1457,end
381,P1050,Ennelin Frygm,"47.555,7.590",1454,end
382,P1051,Liech Munchs,"47.555,7.590",1454,start
383,P1052,,"47.555,7.590",1454,start
384,P1053,Greden,"47.555,7.590",1454,start
385,P1054,Ennelin Frygin,"47.555,7.590",1450,end
386,P1054,Ennelin Frygin,"47.555,7.590",1450,end
387,P1054,Ennelin Frygin,"47.555,7.590",1453,end
388,P1054,Ennelin Frysin,"47.555,7.590",1453,start
389,P1054,Ennelin Freygin,"47.555,7.590",1453,end
390,P1054,Enelin Frygin,"47.555,7.590",1453,start
391,P1054,Ennelin Frygin,"47.555,7.590",1454,end
392,P1055,Heinrich Brümli,"47.555,7.590",1453,end
393,P1056,Elsin,"47.555,7.590",1453,end
394,P1057,Erhart Stützen13,"47.555,7.590",1453,start
395,P1058,Conrat Haseler,"47.555,7.590",1455,start
396,P1058,Conrat Haseler,"47.555,7.590",1455,start
397,P1059,Margreth,"47.555,7.590",1455,start
398,P106,Claus Berger,"47.555,7.590",1457,start
399,P106,Clausen berzer,"47.555,7.590",1457,start
400,P106,Claus Bergers,"47.555,7.590",1460,present
401,P1060,Burkart Roderdorff,"47.555,7.590",1470,start
402,P1061,Elsin,"47.555,7.590",1470,start
403,P1062,Briden,"47.555,7.590",1457,present
404,P1063,Ennelin Streessin,"47.555,7.590",1450,end
405,P1064,Thiebold Rynows,"47.555,7.590",1450,end
406,P1065,Hartung crützer,"47.555,7.590",1450,end
407,P1066,Johansen Crützer,"47.555,7.590",1450,start
408,P1067,Jerg antzer,"47.555,7.590",1450,start
409,P1068,Steffan de Vasis,"47.555,7.590",1463,present
410,P1068,Steffan de Basis,"47.555,7.590",1463,present
411,P1069,Brigide,"47.555,7.590",1465,present
412,P107,Magdalenen,"47.555,7.590",1457,start
413,P1070,Fretrich Freyg,"47.555,7.590",1453,end
414,P1071,Heinrich Ysenlin,"47.555,7.590",1453,start
415,P1072,Lienhart Löwlin,"47.555,7.590",1471,end
416,P1073,Agnes,"47.555,7.590",1471,end
417,P1074,Elsin fischerin,"47.555,7.590",1471,start
418,P1075,Conrat pfrunder,"47.555,7.590",1451,start
419,P1075,Conrat phrunder,"47.555,7.590",1453,end
420,P1075,Conat Phunder,"47.555,7.590",1453,start
421,P1075,Conrat phrunder,"47.555,7.590",1453,end
422,P1075,Conrat Pfrunder,"47.555,7.590",1456,end
423,P1075,Conrat Pfrunder,"47.555,7.590",1461,present
424,P1075,Conrat pfrunder,"47.555,7.590",1463,end
425,P1075,Conrat Pfrunder,"47.555,7.590",1463,end
426,P1075,Conrat pfrunder,"47.555,7.590",1464,end
427,P1075,Conrat Pfrander,"47.555,7.590",1466,end
428,P1075,Conrat Pfrönder,"47.555,7.590",1470,end
429,P1075,Conrat Pfrönder,"47.555,7.590",1470,end
430,P1076,Rudy Sprengysen,"47.555,7.590",1466,start
431,P1077,Tenthely von Lebenstein,"47.555,7.590",1466,present
432,P1078,Clewi Krusers,"47.555,7.590",1466,present
433,P1079,Elsin buchbartin,"47.555,7.590",1454,end
434,P1079,Elsin buchbertin,"47.555,7.590",1458,end
435,P108,Erhart pferter,"47.555,7.590",1472,end
436,P1080,Werlin Wagner,"47.555,7.590",1454,start
437,P1080,Werlin Wagner,"47.555,7.590",1458,start
438,P1081,Stönlin,"47.555,7.590",1461,start
439,P1082,Strönlin,"47.555,7.590",1461,start
440,P1083,Friderich Nägeler,"47.555,7.590",1451,start
441,P1084,Elsin von Leymen,"47.555,7.590",1451,end
442,P1085,Heman Giger,"47.555,7.590",1455,end
443,P1086,Elsin,"47.555,7.590",1455,end
444,P1087,Elsner,"47.555,7.590",1455,present
445,P1088,Jacob Strussen,"47.555,7.590",1458,present
446,P1088,Jacob Strussen,"47.555,7.590",1463,present
447,P1089,Claus von Strassburg,"47.555,7.590",1458,present
448,P1089,Clausen von Strassburg,"47.555,7.590",1463,present
449,P109,Anna,"47.555,7.590",1472,end
450,P1090,zem Rechenund,"47.555,7.590",1461,present
451,P1091,Dretrich Krebsen,"47.555,7.590",1458,start
452,P1091,Dieterich Krebs,"47.555,7.590",1459,start
453,P1091,Diether Krebsen,"47.555,7.590",1461,present
454,P1091,Dretherich Krebsen,"47.555,7.590",1463,start
455,P1091,Dietherich Boebser,"47.555,7.590",1465,present
456,P1091,Dietherich Brebser,"47.555,7.590",1465,present
457,P1091,Dietherich Krebser,"47.555,7.590",1465,present
458,P1091,Rethrich Krebser,"47.555,7.590",1468,present
459,P1092,Gilg Burginder,"47.555,7.590",1451,end
460,P1093,Gred Tegerfeldin,"47.555,7.590",1451,end
461,P1094,Niclausen,"47.555,7.590",1451,start
462,P1095,Thoman Hafengiessen,"47.555,7.590",1451,present
463,P1095,Thoman hafengiesser,"47.555,7.590",1451,present
464,P1096,Peter Rote,"47.555,7.590",1459,end
465,P1096,Peter Rot,"47.555,7.590",1463,present
466,P1096,Peter Roth,"47.555,7.590",1465,start
467,P1096,Peter Rot,"47.555,7.590",1470,end
468,P1097,Bernhart von Efringen,"47.555,7.590",1453,start
469,P1097,Bernhart von Efringen,"47.555,7.590",1453,start
470,P1097,Bernhart von Eptingen,"47.555,7.590",1456,start
471,P1097,Bernhart von Efringen,"47.555,7.590",1458,start
472,P1097,Bernhart von Efringen,"47.555,7.590",1458,start
473,P1097,Bernhard von Effringen,"47.555,7.590",1459,end
474,P1097,Bernhard von Efringen,"47.555,7.590",1459,end
475,P1097,Bernhart von Eptingen,"47.555,7.590",1460,end
476,P1098,"Clausen , Blattner","47.555,7.590",1464,start
477,P1098,Clausen Blattner,"47.555,7.590",1464,start
478,P1099,Eilsin,"47.555,7.590",1464,start
479,P110,Ennelin,"47.555,7.590",1472,end
480,P1100,Hannsen Schmagels,"47.555,7.590",1464,present
481,P1101,Peter fresch,"47.555,7.590",1455,start
482,P1102,Ennelin,"47.555,7.590",1455,start
483,P1103,Hanns Kibwass,"47.555,7.590",1455,present
484,P1104,Heintzen Degers,"47.555,7.590",1455,present
485,P1105,Peter Seylers,"47.555,7.590",1455,present
486,P1106,Anna Winterlingerin,"47.555,7.590",1463,end
487,P1107,Wernher Wolfflin,"47.555,7.590",1463,start
488,P1108,Margreden,"47.555,7.590",1463,start
489,P1109,heinrich Schaler,"47.555,7.590",1456,present
490,P1109,Heinrich Schaler,"47.555,7.590",1456,present
491,P1109,Heinrich Schaler,"47.555,7.590",1457,present
492,P111,Rudolf,"47.555,7.590",1472,start
493,P1110,Oswalden Stehelin,"47.555,7.590",1457,present
494,P1111,Hannsen von Spigt,"47.555,7.590",1474,end
495,P1112,Kathrina,"47.555,7.590",1474,start
496,P1113,Mezins fryen,"47.555,7.590",1469,start
497,P1114,Agnes,"47.555,7.590",1469,start
498,P1115,Hanns von Flachslanden,"47.555,7.590",1451,start
499,P1115,Hannsen von Flachslanden,"47.555,7.590",1451,start
500,P1116,Heinrich von Benhein,"47.555,7.590",1451,end
501,P1116,Heinrichs von Beinhein,"47.555,7.590",1452,present
502,P1116,Heinrich von Beinhein,"47.555,7.590",1455,end
503,P1116,Heinrich von Beinhein Serer,"47.555,7.590",1458,present
504,P1116,Heinrich von Beinhein Serer,"47.555,7.590",1458,present
505,P1117,Hanns topler,"47.555,7.590",1461,end
506,P1117,Hannsen Dopler,"47.555,7.590",1462,start
507,P1118,Otten Sumerisen,"47.555,7.590",1461,start
508,P1119,Martin Hofer,"47.555,7.590",1463,end
509,P1119,Martin Hofer,"47.555,7.590",1464,start
510,P112,Claus von Brandenburg,"47.555,7.590",1451,end
511,P112,Clausen von Waldenburg,"47.555,7.590",1453,start
512,P1120,Einfaltig,"47.555,7.590",1454,present
513,P1121,Gredly Hartmans,"47.555,7.590",1457,end
514,P1122,Annen,"47.555,7.590",1463,start
515,P1123,Löwlins,"47.555,7.590",1463,present
516,P1124,Gredlins Büblins,"47.555,7.590",1463,present
517,P1124,Gredlin bublins,"47.555,7.590",1463,present
518,P1124,Gredlin bublis,"47.555,7.590",1463,present
519,P1125,Hanns Ost,"47.555,7.590",1474,end
520,P1126,Hanns Rindermann,"47.555,7.590",1473,end
521,P1126,Hannsen Bidermann,"47.555,7.590",1474,start
522,P1127,Gredlin,"47.555,7.590",1474,start
523,P1128,Haus Hüsling,"47.555,7.590",1474,present
524,P1129,Elsen,"47.555,7.590",1456,start
525,P113,Else,"47.555,7.590",1451,end
526,P1130,Johann Bömlin,"47.555,7.590",1457,present
527,P1131,Ulrich Vegelin,"47.555,7.590",1457,present
528,P1132,Hansen Zubers,"47.555,7.590",1457,present
529,P1133,Weberin,"47.555,7.590",1457,present
530,P1134,Heinrichen,"47.555,7.590",1466,present
531,P1135,Bartlome sit,"47.555,7.590",1458,end
532,P1136,Elsin Bossen,"47.555,7.590",1458,start
533,P1137,Lienhart Wagner,"47.555,7.590",1458,start
534,P1138,Hanns Kirsers,"47.555,7.590",1458,present
535,P1139,Hanns nenen,"47.555,7.590",1458,present
536,P114,Herman Wergker,"47.555,7.590",1451,start
537,P1140,Hannsen Custan,"47.555,7.590",1463,start
538,P1141,Annen,"47.555,7.590",1463,start
539,P1142,Löwlins,"47.555,7.590",1463,present
540,P1143,Mathis Spanring,"47.555,7.590",1463,end
541,P1144,Hanns Walchen,"47.555,7.590",1463,start
542,P1145,Margret Sunen,"47.555,7.590",1457,end
543,P1146,Eselin von tossel,"47.555,7.590",1457,start
544,P1147,Andres Byrbomer,"47.555,7.590",1472,present
545,P1148,Hans von Bunsel,"47.555,7.590",1472,present
546,P1149,Mars Helffant,"47.555,7.590",1455,end
547,P115,Greden,"47.555,7.590",1451,start
548,P1150,Hans Kompff,"47.555,7.590",1460,start
549,P1151,,"47.555,7.590",1460,start
550,P1152,,"47.555,7.590",1460,start
551,P1153,Ennelin,"47.555,7.590",1460,end
552,P1154,Hannsen Kuttler,"47.555,7.590",1460,start
553,P1154,Hannsen Kuttlers,"47.555,7.590",1461,present
554,P1154,Hannsen Kuttlers,"47.555,7.590",1464,present
555,P1154,Hanns Kuttler,"47.555,7.590",1469,end
556,P1154,Hans Kuttler,"47.555,7.590",1469,end
557,P1155,Elsin schicklin,"47.555,7.590",1460,start
558,P1156,Stahels,"47.555,7.590",1460,present
559,P1157,Minchlinen derbrotbeckinen,"47.555,7.590",1460,present
560,P1158,Hanns von Than,"47.555,7.590",1461,end
561,P1159,Ursulin,"47.555,7.590",1461,end
562,P116,Angnese,"47.555,7.590",1451,present
563,P1160,Johanns alten,"47.555,7.590",1461,start
564,P1161,Hanns Winderlich,"47.555,7.590",1463,end
565,P1161,Hannsen Winderlich,"47.555,7.590",1463,start
566,P1161,Hanns Winderlich,"47.555,7.590",1463,end
567,P1162,,"47.555,7.590",1463,end
568,P1163,Hansen Kingel,"47.555,7.590",1463,start
569,P1164,Gredlin,"47.555,7.590",1463,start
570,P1165,Henman Offenburg,"47.555,7.590",1451,end
571,P1166,von Flachsland,"47.555,7.590",1451,start
572,P1167,Dorothe Grenzingerin,"47.555,7.590",1458,end
573,P1168,Hannsen Platter,"47.555,7.590",1458,start
574,P1169,Custina,"47.555,7.590",1470,end
575,P117,Wolffin,"47.555,7.590",1451,present
576,P1170,Hanns tannhuser,"47.555,7.590",1470,end
577,P1171,Clowine Kupffel,"47.555,7.590",1470,start
578,P1172,Verena,"47.555,7.590",1470,start
579,P1173,Kathrin,"47.555,7.590",1463,end
580,P1174,kofferin,"47.555,7.590",1463,start
581,P1175,Hanns Conratt Sürlin,"47.555,7.590",1452,end
582,P1175,Hanns Conrat Sürlin,"47.555,7.590",1452,present
583,P1175,Hanns Conrat Sürlin,"47.555,7.590",1455,start
584,P1176,Sudelin,"47.555,7.590",1452,end
585,P1177,Stephan Scherman,"47.555,7.590",1452,start
586,P1178,Heinzi Dietschi,"47.555,7.590",1450,end
587,P1178,Heinzi Dietschi,"47.555,7.590",1451,end
588,P1179,Ullin Dietschi,"47.555,7.590",1451,end
589,P118,Joss betz,"47.555,7.590",1454,end
590,P1180,Bartholome Schmitts,"47.555,7.590",1450,start
591,P1180,Bartholome Schmids,"47.555,7.590",1451,start
592,P1181,Elsen,"47.555,7.590",1451,start
593,P1182,haus von Richenstem,"47.555,7.590",1450,present
594,P1183,Hans Wannenmacher,"47.555,7.590",1450,present
595,P1184,Bernhart von Löffen,"47.555,7.590",1453,start
596,P1184,Bernhart von Louffen,"47.555,7.590",1454,start
597,P1184,Bernhart von Louffen,"47.555,7.590",1454,start
598,P1185,Wernlins von Kilchen,"47.555,7.590",1451,present
599,P1186,Peter Hanns Mini,"47.555,7.590",1458,end
600,P1187,Clevir Krütlin,"47.555,7.590",1458,start
601,P1188,Claren,"47.555,7.590",1458,start
602,P1189,Ennelin Malerin,"47.555,7.590",1473,end
603,P119,Agnes,"47.555,7.590",1454,end
604,P1190,Andres Bischoff,"47.555,7.590",1468,start
605,P1190,Andreas Bischoff,"47.555,7.590",1473,start
606,P1191,Barbara,"47.555,7.590",1473,start
607,P1192,Hanns Gilgenberg,"47.555,7.590",1473,end
608,P1193,Magdalena,"47.555,7.590",1473,end
609,P1194,Hannsen von Gengenbach,"47.555,7.590",1473,start
610,P1195,Ennelin von Moss,"47.555,7.590",1456,present
611,P1195,Ennelin von closs,"47.555,7.590",1458,present
612,P1195,Ennelin von Moss,"47.555,7.590",1458,end
613,P1195,Ennelin von Moss,"47.555,7.590",1459,present
614,P1195,Ennelin von Moss,"47.555,7.590",1459,present
615,P1195,Ennelin von Moss,"47.555,7.590",1459,end
616,P1196,Hannsen Schumacher,"47.555,7.590",1461,start
617,P1196,Hanns Schumacher,"47.555,7.590",1462,end
618,P1197,Barbel Hannsen von Münstal,"47.555,7.590",1462,end
619,P1198,Hen Rudis,"47.555,7.590",1450,present
620,P1198,Hein Rudis,"47.555,7.590",1450,start
621,P1198,Hennin Rudin,"47.555,7.590",1452,start
622,P1199,Hanns Herzbrecher,"47.555,7.590",1471,end
623,P1199,Hanns Herzbrech,"47.555,7.590",1471,end
624,P120,Hannsen Wagner,"47.555,7.590",1454,start
625,P120,Hannsen Wagner,"47.555,7.590",1457,end
626,P1200,Zschan von Mecz,"47.555,7.590",1471,start
627,P1201,Margret,"47.555,7.590",1471,start
628,P1202,Bride,"47.555,7.590",1461,end
629,P1203,Jacob Hosser,"47.555,7.590",1461,end
630,P1204,Ennelin Grescher,"47.555,7.590",1454,end
631,P1204,Ennelin Greschers,"47.555,7.590",1454,start
632,P1205,Peter Ruch,"47.555,7.590",1454,end
633,P1205,Peter Ruch,"47.555,7.590",1454,start
634,P1206,Heinrichen Wengner,"47.555,7.590",1454,start
635,P1207,Dorotheen,"47.555,7.590",1454,start
636,P1208,Henni Segers,"47.555,7.590",1461,present
637,P1209,Conrat Wellen,"47.555,7.590",1460,start
638,P121,Grofinen,"47.555,7.590",1458,present
639,P1210,Elsine,"47.555,7.590",1460,start
640,P1211,Ludman,"47.555,7.590",1470,start
641,P1212,Stoffel Endinger,"47.555,7.590",1458,end
642,P1213,Gredlmelin,"47.555,7.590",1458,end
643,P1214,Peter Flichumach,"47.555,7.590",1458,start
644,P1215,Elsin,"47.555,7.590",1458,start
645,P1216,Adam mits,"47.555,7.590",1461,present
646,P1217,Wilhelm Krepser,"47.555,7.590",1471,end
647,P1218,Adelheit Sanmennin,"47.555,7.590",1471,start
648,P1219,Vrsellen Gottschalckin,"47.555,7.590",1464,present
649,P122,Heinrich von Rümelden,"47.555,7.590",1463,end
650,P1220,Hans Hoffman,"47.555,7.590",1468,present
651,P1221,,"47.555,7.590",1455,start
652,P1222,Heinrich von Thorstrasse Beinwilr,"47.555,7.590",1458,present
653,P1223,Claus Lupold,"47.555,7.590",1452,end
654,P1224,Elsin,"47.555,7.590",1452,end
655,P1225,Rechbergerin,"47.555,7.590",1452,end
656,P1226,Heinrich,"47.555,7.590",1474,start
657,P1227,Dorothea,"47.555,7.590",1474,start
658,P1228,Ursulin,"47.555,7.590",1460,start
659,P1229,Clemer Mathisen,"47.555,7.590",1460,present
660,P123,Hannsen Rorenberg,"47.555,7.590",1463,start
661,P123,Hanns Rorenberg,"47.555,7.590",1463,start
662,P1230,Erhart Brisacher,"47.555,7.590",1471,end
663,P1231,Claus Gebharten,"47.555,7.590",1471,start
664,P1232,Elsin,"47.555,7.590",1471,start
665,P1233,Margret Howenstein,"47.555,7.590",1473,end
666,P1234,Hans Ludwig,"47.555,7.590",1473,start
667,P1235,Dröschen,"47.555,7.590",1463,present
668,P1236,Brunlis,"47.555,7.590",1463,present
669,P1237,Bernhart Müller,"47.555,7.590",1475,start
670,P1238,Andres Sachsen,"47.555,7.590",1475,end
671,P1239,Clausen,"47.555,7.590",1458,present
672,P124,Closa,"47.555,7.590",1463,start
673,P1240,Lienhart Goltsmit,"47.555,7.590",1463,end
674,P1241,,"47.555,7.590",1463,start
675,P1242,Reblüten,"47.555,7.590",1466,present
676,P1243,Ullin von Münster,"47.555,7.590",1463,present
677,P1244,Clausen von Breutpach,"47.555,7.590",1463,present
678,P1245,Johanns Bömli,"47.555,7.590",1451,start
679,P1246,Eberhart von Willbach,"47.555,7.590",1471,end
680,P1247,Elsin,"47.555,7.590",1471,end
681,P1248,Johes Meistern,"47.555,7.590",1471,start
682,P1249,Elsin,"47.555,7.590",1471,start
683,P125,Ennelin Kochs,"47.555,7.590",1450,end
684,P1250,Clausen Sprenger,"47.555,7.590",1451,start
685,P1251,Grede,"47.555,7.590",1451,start
686,P1252,Johannes Kamerer,"47.555,7.590",1460,present
687,P1253,Else,"47.555,7.590",1461,end
688,P1254,Rungolten,"47.555,7.590",1461,start
689,P1255,Lienhart Wildysen,"47.555,7.590",1452,end
690,P1256,Ennelin,"47.555,7.590",1452,end
691,P1257,Jacoben Stollen,"47.555,7.590",1452,start
692,P1257,Jacoben Stollen,"47.555,7.590",1456,start
693,P1257,Jacoben Stollin,"47.555,7.590",1456,start
694,P1257,Jacoben Stoll,"47.555,7.590",1457,present
695,P1258,Greden zem Kempfen,"47.555,7.590",1452,start
696,P1259,Enelin zem Kempfen,"47.555,7.590",1452,start
697,P126,Clausen Aeschenvorstaden Andela,"47.555,7.590",1450,start
698,P1260,Conrat Krepser,"47.555,7.590",1473,end
699,P1261,Bernhart Röwlin,"47.555,7.590",1471,end
700,P1261,Bernhart Röwlin,"47.555,7.590",1473,start
701,P1262,Elsin,"47.555,7.590",1473,start
702,P1263,Güon,"47.555,7.590",1459,present
703,P1264,Peter Scherman,"47.555,7.590",1451,end
704,P1264,Peter Scherman,"47.555,7.590",1451,end
705,P1265,Margreth,"47.555,7.590",1451,end
706,P1266,Stephan Wyssin,"47.555,7.590",1451,start
707,P1267,Vlrich Sattler,"47.555,7.590",1456,end
708,P1268,Hannsen Forster,"47.555,7.590",1456,start
709,P1269,Ennelin,"47.555,7.590",1456,start
710,P127,Ennelin,"47.555,7.590",1450,start
711,P1270,Hans Karst,"47.555,7.590",1450,end
712,P1271,Ennelin,"47.555,7.590",1450,start
713,P1272,Caspar Schleher,"47.555,7.590",1450,start
714,P1273,Enneline,"47.555,7.590",1450,start
715,P1274,Hansen Götzen,"47.555,7.590",1450,start
716,P1275,Ennelin,"47.555,7.590",1450,start
717,P1276,Rudolf Wannenmacher,"47.555,7.590",1464,end
718,P1277,Gertrut,"47.555,7.590",1464,end
719,P1278,,"47.555,7.590",1464,start
720,P1279,Margreten,"47.555,7.590",1464,start
721,P128,Hanns Gründelin,"47.555,7.590",1453,end
722,P1280,Else Kellerin,"47.555,7.590",1462,end
723,P1281,Hansen Roglin,"47.555,7.590",1462,start
724,P1282,Hannsen Tollingers,"47.555,7.590",1454,present
725,P1282,Hansen Dollingers,"47.555,7.590",1454,present
726,P1283,Gerstern,"47.555,7.590",1454,present
727,P1284,Peter Vesslin,"47.555,7.590",1475,start
728,P1285,Clara,"47.555,7.590",1475,start
729,P1286,Hanns,"47.555,7.590",1466,present
730,P1287,Verenen,"47.555,7.590",1473,start
731,P1288,Elssbethen,"47.555,7.590",1473,start
732,P1289,Engelhart Junamen,"47.555,7.590",1458,start
733,P129,Claus von Baden,"47.555,7.590",1451,start
734,P129,Clausen von Baden,"47.555,7.590",1453,start
735,P1290,Anna,"47.555,7.590",1461,end
736,P1291,Reinharden burckler,"47.555,7.590",1461,start
737,P1292,Reinhart,"47.555,7.590",1461,start
738,P1293,Heinrich Harndsch,"47.555,7.590",1463,end
739,P1293,Heinrico Harnasch,"47.555,7.590",1463,start
740,P1294,Emelin,"47.555,7.590",1463,end
741,P1295,Burckart Schaffner,"47.555,7.590",1458,end
742,P1295,Burckart Schaffner,"47.555,7.590",1458,start
743,P1295,Burkart Schaffner,"47.555,7.590",1458,end
744,P1295,Burkart Schaffner,"47.555,7.590",1460,end
745,P1296,Angnesen Kupferschmidin,"47.555,7.590",1450,present
746,P1297,Clexins Hechinger,"47.555,7.590",1470,end
747,P1297,Cler ins Hechinger,"47.555,7.590",1470,present
748,P1297,Clexins Hechniger,"47.555,7.590",1470,end
749,P1298,Ennelin,"47.555,7.590",1470,end
750,P1299,Peter Krieg,"47.555,7.590",1470,start
751,P130,Michel Rafe,"47.555,7.590",1453,end
752,P1300,Margret,"47.555,7.590",1470,start
753,P1301,Angnes Tunower,"47.555,7.590",1466,present
754,P1302,Heinrichen Keller,"47.555,7.590",1461,start
755,P1302,Heinrich Keller,"47.555,7.590",1463,end
756,P1302,heinrich Keller,"47.555,7.590",1466,start
757,P1303,hans Syff,"47.555,7.590",1466,start
758,P1304,Agnes,"47.555,7.590",1458,end
759,P1305,Michel Eigen,"47.555,7.590",1458,start
760,P1305,Michel Egen,"47.555,7.590",1458,start
761,P1306,Ludwig,"47.555,7.590",1450,end
762,P1307,Hans Veltperg,"47.555,7.590",1450,end
763,P1308,Hansen Lupolt,"47.555,7.590",1450,start
764,P1309,Ennelin,"47.555,7.590",1450,start
765,P131,Ennelin,"47.555,7.590",1453,end
766,P1310,Lux Müller,"47.555,7.590",1470,end
767,P1311,"Berbelin , Zwiglis","47.555,7.590",1470,end
768,P1312,Heinrich Walther,"47.555,7.590",1469,end
769,P1312,Heinrich Walther,"47.555,7.590",1469,end
770,P1312,Heinrich Walther,"47.555,7.590",1470,end
771,P1312,Heinrich Walther,"47.555,7.590",1473,end
772,P1313,Burken Zschupp,"47.555,7.590",1470,end
773,P1314,Hanns igen,"47.555,7.590",1470,start
774,P1315,Agnesen,"47.555,7.590",1470,start
775,P1316,Claus Mürer,"47.555,7.590",1474,end
776,P1317,Hanns,"47.555,7.590",1474,end
777,P1318,Heinrich,"47.555,7.590",1474,end
778,P1319,Ennelin,"47.555,7.590",1474,start
779,P132,,"47.555,7.590",1453,start
780,P1320,Bernhard Schilling,"47.555,7.590",1474,end
781,P1320,Bernhart schilling,"47.555,7.590",1474,end
782,P1321,Dorothea Offenburgin,"47.555,7.590",1474,end
783,P1321,Dorothea Offenburgin,"47.555,7.590",1474,end
784,P1322,Erkenbolt von Schönen berg,"47.555,7.590",1474,end
785,P1323,Margreten,"47.555,7.590",1474,start
786,P1324,Frenen Albenvorstadt Schalerin,"47.555,7.590",1467,present
787,P1325,Ursel,"47.555,7.590",1463,end
788,P1326,Enneline,"47.555,7.590",1463,start
789,P1327,Peter Hanns Heidelberg,"47.555,7.590",1475,end
790,P1328,Bastion Glaser,"47.555,7.590",1473,end
791,P1328,Bastian Glaser,"47.555,7.590",1475,start
792,P1329,Verena,"47.555,7.590",1475,start
793,P133,Ennelin Berchtoltin,"47.555,7.590",1453,start
794,P1330,Elsin,"47.555,7.590",1463,end
795,P1331,Rudolfen Symon,"47.555,7.590",1463,start
796,P1332,Heini Rudi,"47.555,7.590",1459,end
797,P1332,Heini Rudi,"47.555,7.590",1461,end
798,P1332,Heini rudis,"47.555,7.590",1462,present
799,P1333,,"47.555,7.590",1459,start
800,P1334,Friderich ekerman,"47.555,7.590",1469,start
801,P1335,Ursalen,"47.555,7.590",1469,start
802,P1336,Rudolf Meders,"47.555,7.590",1459,present
803,P1336,Rudolfen Meder,"47.555,7.590",1460,present
804,P1336,Rudolfen Meder,"47.555,7.590",1460,present
805,P1336,Rudolf Meder,"47.555,7.590",1460,end
806,P1336,Rudolfen Meder,"47.555,7.590",1460,present
807,P1337,Ursule,"47.555,7.590",1460,present
808,P1338,Cunezlin Grellinger,"47.555,7.590",1470,end
809,P1339,Margrel,"47.555,7.590",1470,end
810,P134,Hanns Jsenli,"47.555,7.590",1452,end
811,P134,Hanns Jsenli,"47.555,7.590",1453,end
812,P134,Hanns Ysenlin,"47.555,7.590",1453,start
813,P134,Hans Jsennlin,"47.555,7.590",1454,end
814,P134,hansen Jselin,"47.555,7.590",1459,start
815,P134,Johannsen Jselin,"47.555,7.590",1461,start
816,P134,Hannsen Ysenlin,"47.555,7.590",1464,start
817,P134,Hannsen Jsenlin,"47.555,7.590",1464,start
818,P134,Hanns Jsenlin,"47.555,7.590",1466,end
819,P134,Hans Jsenlin,"47.555,7.590",1466,present
820,P134,Hans Ysenlin,"47.555,7.590",1466,end
821,P134,Hans Jselin,"47.555,7.590",1469,start
822,P134,Hanns Jselin,"47.555,7.590",1470,present
823,P134,Hanns Jselin,"47.555,7.590",1470,end
824,P134,Hanns Jselin,"47.555,7.590",1471,present
825,P134,Hanns Jselin,"47.555,7.590",1471,present
826,P134,Hanns Jselin,"47.555,7.590",1471,present
827,P134,Hanns Jselin,"47.555,7.590",1473,present
828,P1340,Conrat Remissfeld,"47.555,7.590",1470,start
829,P1341,Elsin,"47.555,7.590",1470,start
830,P1342,Margret,"47.555,7.590",1475,end
831,P1343,Ludwig Zschekaburlin,"47.555,7.590",1472,start
832,P1343,Ludwig Zschekapurlin,"47.555,7.590",1475,start
833,P1344,Ursal,"47.555,7.590",1475,start
834,P1345,Elsin von leymen,"47.555,7.590",1474,end
835,P1346,Hanns Kepplin,"47.555,7.590",1474,start
836,P1347,egnes,"47.555,7.590",1474,start
837,P1348,Peter Sager,"47.555,7.590",1460,present
838,P1348,Petern Tager,"47.555,7.590",1460,start
839,P1348,Peter Sagen,"47.555,7.590",1460,start
840,P1348,Peter sager,"47.555,7.590",1460,present
841,P1348,Peter Jager,"47.555,7.590",1464,end
842,P1348,Petter Jeger,"47.555,7.590",1466,present
843,P1348,Peter Jager,"47.555,7.590",1467,present
844,P1349,harsten,"47.555,7.590",1460,present
845,P135,Ennelin benkin,"47.555,7.590",1453,end
846,P1350,Wilhelm Stegreiff,"47.555,7.590",1453,end
847,P1351,Sti,"47.555,7.590",1453,end
848,P1352,Lienh Stegreiff,"47.555,7.590",1453,end
849,P1353,Caspar von Regishein,"47.555,7.590",1473,start
850,P1354,Hanns Brattalen,"47.555,7.590",1469,present
851,P1354,Hans Brataler,"47.555,7.590",1473,end
852,P1354,Hans Brattalern,"47.555,7.590",1473,start
853,P1355,Caspar,"47.555,7.590",1473,start
854,P1356,jungen Hubenschmidt,"47.555,7.590",1463,present
855,P1357,Rotgebs von Rinwilr,"47.555,7.590",1463,present
856,P1358,Conrat Brotbegk,"47.555,7.590",1462,start
857,P1358,Conrat Brotbeck,"47.555,7.590",1464,end
858,P1359,,"47.555,7.590",1464,end
859,P136,Clewin Ysenlin,"47.555,7.590",1453,start
860,P136,Clewin Jsenlin,"47.555,7.590",1454,end
861,P136,Clewin Jsenlin,"47.555,7.590",1454,present
862,P136,Clewin Ysenli,"47.555,7.590",1454,end
863,P136,Clewin Ysenlin,"47.555,7.590",1454,present
864,P136,Clewin Jsenlin,"47.555,7.590",1458,end
865,P136,Clewi Jselin,"47.555,7.590",1458,end
866,P136,Clewin Jselin,"47.555,7.590",1460,end
867,P1360,Andres ingen,"47.555,7.590",1464,start
868,P1361,Lampfinen,"47.555,7.590",1464,present
869,P1362,Burckart Kaufstengel,"47.555,7.590",1456,end
870,P1362,Burckart Kaufstengel,"47.555,7.590",1458,end
871,P1363,Peter Seiler,"47.555,7.590",1456,start
872,P1364,Grede,"47.555,7.590",1456,start
873,P1365,Bentzen,"47.555,7.590",1452,present
874,P1366,Heintzi Fritschi,"47.555,7.590",1450,end
875,P1366,Heintzi Fritschi,"47.555,7.590",1450,end
876,P1366,Heintzi Fritschi,"47.555,7.590",1450,end
877,P1367,Elsin,"47.555,7.590",1450,end
878,P1368,Heinher Byschoff,"47.555,7.590",1450,start
879,P1369,Margarethen,"47.555,7.590",1450,start
880,P137,Henrich Huberschmids,"47.555,7.590",1453,present
881,P1370,klein Henin,"47.555,7.590",1450,present
882,P1371,Ullin Wylers,"47.555,7.590",1450,present
883,P1372,Hanns Frölicher,"47.555,7.590",1454,start
884,P1373,Hannsen Berchtolten,"47.555,7.590",1454,start
885,P1374,Hanns von Hall,"47.555,7.590",1471,end
886,P1374,Hanns von Hall,"47.555,7.590",1472,end
887,P1375,Gret,"47.555,7.590",1472,end
888,P1376,Hanns Rorenberg,"47.555,7.590",1470,start
889,P1376,Hanns frowenberg,"47.555,7.590",1471,end
890,P1376,Hanns frowenberg,"47.555,7.590",1471,end
891,P1376,Hanns Rorenberg,"47.555,7.590",1471,start
892,P1376,Hanns Löwenberg,"47.555,7.590",1472,start
893,P1376,Hanns Lowenberg,"47.555,7.590",1472,start
894,P1377,Urselin,"47.555,7.590",1472,start
895,P1378,Hanns Otlin,"47.555,7.590",1469,end
896,P1378,Hans Otlin,"47.555,7.590",1469,present
897,P1379,Hanns topplern,"47.555,7.590",1469,start
898,P138,Hannsen Silberbergs,"47.555,7.590",1453,present
899,P1380,Hanns Custa,"47.555,7.590",1470,end
900,P1381,Anna,"47.555,7.590",1470,end
901,P1382,Hanns von Mecken,"47.555,7.590",1470,start
902,P1383,Agata,"47.555,7.590",1470,start
903,P1384,Johannes zum Bilgerstat,"47.555,7.590",1467,present
904,P1385,Wilhelm Scherers,"47.555,7.590",1467,present
905,P1386,Bartholomee Studlin,"47.555,7.590",1450,start
906,P1386,Bartholome Stüdlin,"47.555,7.590",1452,start
907,P1386,Bartholome Studlin,"47.555,7.590",1456,present
908,P1386,Bartholome Studlin,"47.555,7.590",1456,end
909,P1387,Gute,"47.555,7.590",1461,end
910,P1388,Hanns Conrat Ludwig Ulrich,"47.555,7.590",1461,end
911,P1389,Fridrich,"47.555,7.590",1461,end
912,P139,Claus Kempf,"47.555,7.590",1475,start
913,P139,Claus Kempf,"47.555,7.590",1475,start
914,P1390,Reinharten Burcklin,"47.555,7.590",1461,start
915,P1391,büblis,"47.555,7.590",1461,present
916,P1392,Conrat Jhawen,"47.555,7.590",1461,present
917,P1393,Cnezlin Ysellinger,"47.555,7.590",1458,start
918,P1394,Hanns Ryatt,"47.555,7.590",1451,end
919,P1394,Hanns Ryat,"47.555,7.590",1452,end
920,P1394,Hanns Ryat,"47.555,7.590",1453,end
921,P1394,Hans Ryat,"47.555,7.590",1454,end
922,P1395,Ennelin,"47.555,7.590",1451,end
923,P1396,Bartholome Güntherfeyger,"47.555,7.590",1450,end
924,P1396,Bartholome ginterfeyger,"47.555,7.590",1451,start
925,P1397,Thinen,"47.555,7.590",1454,end
926,P1398,Uhlin Haberthur,"47.555,7.590",1454,start
927,P1398,Ullin Haberthur,"47.555,7.590",1454,present
928,P1399,Hanns Wolleb,"47.555,7.590",1454,start
929,P140,Mathis Küffer,"47.555,7.590",1462,end
930,P1400,Michel Arnolt,"47.555,7.590",1473,present
931,P1400,Michel Arnolt,"47.555,7.590",1473,present
932,P1401,Andris Mugy,"47.555,7.590",1475,end
933,P1402,Agerta,"47.555,7.590",1475,start
934,P1403,Margred,"47.555,7.590",1459,end
935,P1404,Claus Mürer,"47.555,7.590",1458,end
936,P1404,Claus Mürer,"47.555,7.590",1458,end
937,P1404,Claus Murer,"47.555,7.590",1458,end
938,P1404,Clausen Murer,"47.555,7.590",1459,start
939,P1404,Clausen Mürer,"47.555,7.590",1460,start
940,P1404,Claus Mürer,"47.555,7.590",1460,end
941,P1404,Clans Mürer,"47.555,7.590",1464,end
942,P1404,Clausen Mürer,"47.555,7.590",1464,present
943,P1404,Claus Murer,"47.555,7.590",1466,end
944,P1405,Enelin,"47.555,7.590",1459,start
945,P1406,Ennelin Widmen,"47.555,7.590",1455,end
946,P1407,Ulrich Drugkler,"47.555,7.590",1455,start
947,P1408,Oswald Walcher,"47.555,7.590",1450,start
948,P1408,Oswald Walther,"47.555,7.590",1450,present
949,P1408,Oswald Walcher,"47.555,7.590",1451,end
950,P1409,,"47.555,7.590",1450,present
951,P141,Elsin,"47.555,7.590",1462,end
952,P1410,Werlin Kümmuff,"47.555,7.590",1458,start
953,P1411,Agneten,"47.555,7.590",1458,start
954,P1412,Ulrich Schön,"47.555,7.590",1452,end
955,P1413,Gred,"47.555,7.590",1452,end
956,P1414,Hannsen Tegerfelden,"47.555,7.590",1452,start
957,P1415,Ennelin,"47.555,7.590",1452,end
958,P1416,Ulrich Seyger,"47.555,7.590",1452,start
959,P1417,Gredli,"47.555,7.590",1452,start
960,P1418,Hanns Trogand,"47.555,7.590",1460,end
961,P1418,Hanns Progant,"47.555,7.590",1460,end
962,P1418,Hanns Progand,"47.555,7.590",1461,end
963,P1419,Lienh Progand,"47.555,7.590",1460,end
964,P1419,Lienh Progantz,"47.555,7.590",1460,end
965,P142,Clausen Bassler,"47.555,7.590",1462,start
966,P1420,Johanen von Busch,"47.555,7.590",1460,start
967,P1421,Hannsen Steinsuler,"47.555,7.590",1451,start
968,P1421,Hanns Steinsultz,"47.555,7.590",1453,start
969,P1422,Tylgen,"47.555,7.590",1453,start
970,P1423,Berchtolden Müller,"47.555,7.590",1465,start
971,P1423,Berchtold Müller,"47.555,7.590",1465,start
972,P1423,Berchtolt Müller,"47.555,7.590",1466,end
973,P1424,Zschekalmlin,"47.555,7.590",1465,end
974,P1425,Ennelin,"47.555,7.590",1455,end
975,P1426,Barban,"47.555,7.590",1455,start
976,P1427,Hannsen scherer,"47.555,7.590",1457,start
977,P1427,Hanns Schürer,"47.555,7.590",1461,end
978,P1427,Hannsen Scherer,"47.555,7.590",1461,start
979,P1427,Hannsen Schreyer,"47.555,7.590",1462,start
980,P1427,Hannsen schreyger,"47.555,7.590",1462,start
981,P1427,Hansen Scherners,"47.555,7.590",1465,present
982,P1428,Grede friesenin,"47.555,7.590",1461,start
983,P1429,Cristen,"47.555,7.590",1461,end
984,P143,Clausen Bawart,"47.555,7.590",1456,start
985,P1430,Blesien Rotgeb,"47.555,7.590",1461,start
986,P1431,Hannsen Käslin,"47.555,7.590",1459,start
987,P1432,Elsin,"47.555,7.590",1459,start
988,P1433,Hansen Gremper,"47.555,7.590",1474,present
989,P1434,Habchmacher,"47.555,7.590",1474,present
990,P1435,Hanns Schreiger,"47.555,7.590",1474,end
991,P1436,Ennelin,"47.555,7.590",1474,end
992,P1437,Hannsen von Wissenburg,"47.555,7.590",1474,start
993,P1438,Margreten,"47.555,7.590",1474,start
994,P1439,Clausen Mentzer,"47.555,7.590",1453,start
995,P144,Agnesen,"47.555,7.590",1456,start
996,P1440,Margrethen,"47.555,7.590",1453,start
997,P1441,Barbel,"47.555,7.590",1456,end
998,P1442,Johanns Friderich,"47.555,7.590",1455,start
999,P1443,Elsin,"47.555,7.590",1455,start
1000,P1444,Else,"47.555,7.590",1464,end
1001,P1445,Heinrichen,"47.555,7.590",1464,start
1002,P1446,Ennelin,"47.555,7.590",1464,start
1003,P1447,Peterhans Schaler,"47.555,7.590",1463,end
1004,P1448,Hansen Diethelm,"47.555,7.590",1462,start
1005,P1448,Hans Diethelm,"47.555,7.590",1463,end
1006,P1448,Hans Diethelm,"47.555,7.590",1468,end
1007,P1449,Techslinen,"47.555,7.590",1463,present
1008,P145,Burcki Kouffman,"47.555,7.590",1454,start
1009,P1450,,"47.555,7.590",1463,present
1010,P1451,Bastion prosser,"47.555,7.590",1475,start
1011,P1452,Anastasia,"47.555,7.590",1475,start
1012,P1453,Heinrich von Münstal,"47.555,7.590",1474,end
1013,P1454,Dorothea,"47.555,7.590",1474,end
1014,P1455,Henrich Scheltner,"47.555,7.590",1473,start
1015,P1455,Heinrichen Scherler,"47.555,7.590",1474,start
1016,P1456,Elsin,"47.555,7.590",1474,start
1017,P1457,Grede Hauoldin,"47.555,7.590",1461,end
1018,P1457,Grede Hauoldin,"47.555,7.590",1463,end
1019,P1458,Henrich berunger,"47.555,7.590",1463,start
1020,P1459,Elsme,"47.555,7.590",1463,start
1021,P146,Ulsal Brennerin,"47.555,7.590",1471,start
1022,P1460,Claus Rogly,"47.555,7.590",1465,start
1023,P1461,Friden sturm,"47.555,7.590",1455,end
1024,P1462,Benedicten Lesser,"47.555,7.590",1455,start
1025,P1463,Adelber,"47.555,7.590",1455,start
1026,P1464,Crista Görz,"47.555,7.590",1470,end
1027,P1465,Margret,"47.555,7.590",1470,end
1028,P1466,Reblüten,"47.555,7.590",1453,present
1029,P1467,Conrat Bücheller,"47.555,7.590",1454,end
1030,P1468,Engellinen von Ratperg,"47.555,7.590",1454,end
1031,P1469,Heinrichen Mürer,"47.555,7.590",1454,start
1032,P147,Ulrich zem Rufft,"47.555,7.590",1450,end
1033,P147,Ulrich zum Lufft,"47.555,7.590",1451,start
1034,P147,Ulrichen zem Lufft,"47.555,7.590",1451,present
1035,P147,Ulrich zem Lufft,"47.555,7.590",1451,end
1036,P147,Ulrich zem Lufft,"47.555,7.590",1452,start
1037,P147,Ulrich zem Lufft,"47.555,7.590",1452,start
1038,P1470,Hans Winderlich,"47.555,7.590",1454,end
1039,P1470,Hanns Winderlich,"47.555,7.590",1456,start
1040,P1470,Hanns Winderlich,"47.555,7.590",1456,start
1041,P1471,Adam von Third,"47.555,7.590",1454,start
1042,P1472,Ulrich,"47.555,7.590",1458,end
1043,P1473,Hannsen Brendlin,"47.555,7.590",1458,start
1044,P1474,Adelheiden,"47.555,7.590",1458,start
1045,P1475,Dietschi Ressi,"47.555,7.590",1454,end
1046,P1475,Dietschi Resi,"47.555,7.590",1455,end
1047,P1476,Esslin Banwartin,"47.555,7.590",1454,start
1048,P1477,Hannsen Husenschiesser,"47.555,7.590",1454,start
1049,P1478,Johanns Schaltenbrand,"47.555,7.590",1460,start
1050,P1478,Johann Schaltenbrandt,"47.555,7.590",1461,end
1051,P1479,Claus Swoben,"47.555,7.590",1456,present
1052,P1479,Claus Swoben,"47.555,7.590",1461,start
1053,P1479,Claus swoben,"47.555,7.590",1461,start
1054,P1479,Clausen swoben,"47.555,7.590",1461,start
1055,P1479,Clausen Swoben,"47.555,7.590",1461,start
1056,P148,Lienhart Ziegler,"47.555,7.590",1450,end
1057,P148,Lienhart Ziegler,"47.555,7.590",1452,end
1058,P148,Lienhart Ziegler,"47.555,7.590",1454,end
1059,P148,Lienhart Ziegler,"47.555,7.590",1454,end
1060,P148,Lienhart Ziegler,"47.555,7.590",1454,end
1061,P1480,Conrat Weber,"47.555,7.590",1456,start
1062,P1480,Conrat Weber,"47.555,7.590",1461,present
1063,P1480,Conrat Weber,"47.555,7.590",1461,present
1064,P1481,Barbellen,"47.555,7.590",1461,present
1065,P1482,Ulrich Eygen,"47.555,7.590",1450,end
1066,P1482,Ulrich Eygen,"47.555,7.590",1450,start
1067,P1483,Hansen Tosser,"47.555,7.590",1450,start
1068,P1484,Greden,"47.555,7.590",1450,start
1069,P1485,Hanns von Hersingen,"47.555,7.590",1456,end
1070,P1485,Hannsen von Finstingen,"47.555,7.590",1456,start
1071,P1485,Hannsen von Hirsingen,"47.555,7.590",1457,end
1072,P1486,Greder,"47.555,7.590",1456,end
1073,P1487,Agnes,"47.555,7.590",1456,start
1074,P1488,Hanns Oberst,"47.555,7.590",1455,start
1075,P1489,Hanns Melchior,"47.555,7.590",1462,end
1076,P1489,Hanns Melcher,"47.555,7.590",1464,end
1077,P149,Hansen Geisten,"47.555,7.590",1450,start
1078,P1490,Ennelin,"47.555,7.590",1464,end
1079,P1491,Heinrich von Hirffeld,"47.555,7.590",1464,start
1080,P1492,Johanns Gengenbach,"47.555,7.590",1474,end
1081,P1493,Kathrina,"47.555,7.590",1474,start
1082,P1494,Blezmags,"47.555,7.590",1474,present
1083,P1495,Hans Schilling,"47.555,7.590",1468,end
1084,P1495,Hans Schillingen,"47.555,7.590",1468,end
1085,P1495,Hans Schilling,"47.555,7.590",1468,end
1086,P1495,Hans Schilling,"47.555,7.590",1468,present
1087,P1496,Jörgen Heim,"47.555,7.590",1468,present
1088,P1496,Jörgen Heim,"47.555,7.590",1468,present
1089,P1497,Ennelin Wechterin,"47.555,7.590",1468,start
1090,P1498,Conrat Bittelmand,"47.555,7.590",1474,end
1091,P1499,Ennelin Swarcz,"47.555,7.590",1474,start
1092,P150,Angnesen,"47.555,7.590",1450,start
1093,P1500,Martin Grönsch,"47.555,7.590",1468,end
1094,P1501,Andres Grösch,"47.555,7.590",1468,end
1095,P1502,Peter Untz von Zumersheum,"47.555,7.590",1468,end
1096,P1503,Gredlin Gröschin,"47.555,7.590",1468,end
1097,P1504,Ennelin Grönschin Jacob Brisser,"47.555,7.590",1468,end
1098,P1505,Clara Wyachin,"47.555,7.590",1468,end
1099,P1506,Peter testor,"47.555,7.590",1453,start
1100,P1507,,"47.555,7.590",1453,start
1101,P1508,Heini Senner,"47.555,7.590",1453,end
1102,P1509,Elsi,"47.555,7.590",1453,end
1103,P151,Ottman Graffen,"47.555,7.590",1473,present
1104,P151,Ottman Grafen,"47.555,7.590",1475,present
1105,P1510,Hans Bockhen,"47.555,7.590",1453,start
1106,P1511,Ennelin,"47.555,7.590",1451,end
1107,P1512,Hans Suell,"47.555,7.590",1451,start
1108,P1513,Hanns von Landen,"47.555,7.590",1463,end
1109,P1513,Hanns von Landow,"47.555,7.590",1463,end
1110,P1513,Hannsen von Labern,"47.555,7.590",1464,present
1111,P1514,delheit von Loffen,"47.555,7.590",1472,end
1112,P1514,Adelheit von Loffen,"47.555,7.590",1472,present
1113,P1515,Conrat von Loben,"47.555,7.590",1470,end
1114,P1515,Conrat von Loffen,"47.555,7.590",1472,end
1115,P1516,Hanns Clemer,"47.555,7.590",1472,start
1116,P1517,Margret,"47.555,7.590",1472,start
1117,P1518,Elsine,"47.555,7.590",1455,end
1118,P1519,Hanns,"47.555,7.590",1455,start
1119,P152,Elsin,"47.555,7.590",1475,present
1120,P1520,Agthen,"47.555,7.590",1455,start
1121,P1521,alten Howenstein,"47.555,7.590",1463,start
1122,P1522,Hannsen Frytag,"47.555,7.590",1450,start
1123,P1522,Hansen Frytag,"47.555,7.590",1450,end
1124,P1522,Hannsen Fritag,"47.555,7.590",1453,start
1125,P1523,Ennelin,"47.555,7.590",1453,start
1126,P1524,Tüdelin von Utingen,"47.555,7.590",1455,start
1127,P1525,Heinrich Höflin,"47.555,7.590",1450,start
1128,P1526,Johannes Rasoris,"47.555,7.590",1460,present
1129,P1527,Gersteren,"47.555,7.590",1454,present
1130,P1528,Bartholome zem Wind,"47.555,7.590",1453,present
1131,P1529,Elsin,"47.555,7.590",1459,start
1132,P153,Mathy,"47.555,7.590",1457,start
1133,P1530,Clewi Mugg,"47.555,7.590",1460,end
1134,P1531,Else,"47.555,7.590",1460,end
1135,P1532,Jacob von Sennheim,"47.555,7.590",1460,start
1136,P1533,Bartholome Kudly,"47.555,7.590",1465,end
1137,P1534,Wilhelmen tulkens,"47.555,7.590",1465,start
1138,P1535,Niclaus Rüsch,"47.555,7.590",1461,end
1139,P1535,Niclaus Rusch,"47.555,7.590",1461,end
1140,P1536,Clausen blowenstein,"47.555,7.590",1461,start
1141,P1537,Mechilten,"47.555,7.590",1461,start
1142,P1538,Elsin,"47.555,7.590",1461,start
1143,P1539,Urssel,"47.555,7.590",1450,present
1144,P154,Verenen,"47.555,7.590",1457,start
1145,P1540,Walther Karr,"47.555,7.590",1463,present
1146,P1541,Hene Segers,"47.555,7.590",1463,present
1147,P1542,Merstes,"47.555,7.590",1451,start
1148,P1543,Johannsen Simentag,"47.555,7.590",1458,start
1149,P1544,Heinrich von Vold,"47.555,7.590",1470,end
1150,P1544,Heinrich von Told,"47.555,7.590",1470,end
1151,P1545,Margreth Scherern,"47.555,7.590",1470,start
1152,P1545,Margret Schererin,"47.555,7.590",1470,start
1153,P1545,Margreth schererin,"47.555,7.590",1473,present
1154,P1545,Margret Schererin,"47.555,7.590",1473,end
1155,P1546,Agnes von Vach,"47.555,7.590",1465,end
1156,P1547,Ulman Mornach,"47.555,7.590",1465,start
1157,P1548,Claus Sternenberg,"47.555,7.590",1461,end
1158,P1549,Grede,"47.555,7.590",1461,start
1159,P155,,"47.555,7.590",1471,present
1160,P1550,Ursula,"47.555,7.590",1457,present
1161,P1551,Henrico Merstein,"47.555,7.590",1463,start
1162,P1552,Greden Roglis,"47.555,7.590",1463,start
1163,P1553,Merze Hartlieben,"47.555,7.590",1455,end
1164,P1554,Hanns Rönblin,"47.555,7.590",1455,start
1165,P1555,Peter Ryffen,"47.555,7.590",1455,end
1166,P1556,Burkin zembolt,"47.555,7.590",1455,end
1167,P1557,Hanns Ulrich Reyg,"47.555,7.590",1474,end
1168,P1558,Ennelin Reig,"47.555,7.590",1474,end
1169,P1559,Heinrich Schriber,"47.555,7.590",1473,start
1170,P1559,Heinrich Schriber,"47.555,7.590",1474,start
1171,P156,Clewy Schum,"47.555,7.590",1474,end
1172,P1560,Elsin,"47.555,7.590",1474,start
1173,P1561,Boner,"47.555,7.590",1474,present
1174,P1562,Niklin,"47.555,7.590",1474,present
1175,P1563,Urselin,"47.555,7.590",1459,start
1176,P1564,Heinrichen Wirtz,"47.555,7.590",1459,start
1177,P1564,Heinrich Wirtz,"47.555,7.590",1462,end
1178,P1565,Stempfers,"47.555,7.590",1456,start
1179,P1566,Stempfer,"47.555,7.590",1456,start
1180,P1567,Würtzler,"47.555,7.590",1456,end
1181,P1568,Symon Tant,"47.555,7.590",1462,end
1182,P1569,Dorothe,"47.555,7.590",1462,start
1183,P157,Hanns Jörgen,"47.555,7.590",1474,start
1184,P1570,Wernlin Syfrid,"47.555,7.590",1461,end
1185,P1570,Wernlin Syfrd,"47.555,7.590",1462,start
1186,P1571,Hansen Grundelling,"47.555,7.590",1462,present
1187,P1571,Hans Grundellin,"47.555,7.590",1462,end
1188,P1572,Cantzman Moris,"47.555,7.590",1462,present
1189,P1573,Peter Sebaler,"47.555,7.590",1475,end
1190,P1574,Hannsen von Vallner,"47.555,7.590",1475,start
1191,P1575,Margret,"47.555,7.590",1475,start
1192,P1576,Urssel,"47.555,7.590",1450,present
1193,P1577,,"47.555,7.590",1450,present
1194,P1578,Gilg Wygands,"47.555,7.590",1453,present
1195,P1578,Gilg Wygand,"47.555,7.590",1453,end
1196,P1579,Thürlin Mertin,"47.555,7.590",1453,present
1197,P158,Elsy Lieglerin,"47.555,7.590",1474,start
1198,P1580,Heinrich Guldinknopff,"47.555,7.590",1450,end
1199,P1580,Heinrich Guldinknopff,"47.555,7.590",1451,end
1200,P1581,,"47.555,7.590",1451,end
1201,P1582,Wernlin Wald,"47.555,7.590",1451,end
1202,P1583,Hannsen von Waltenhein,"47.555,7.590",1451,start
1203,P1583,Hanns Waltenheim,"47.555,7.590",1455,end
1204,P1583,Hanns Waltenhein,"47.555,7.590",1456,start
1205,P1583,Hanns Waltenheim,"47.555,7.590",1459,start
1206,P1583,Hannsen von Waltenheins,"47.555,7.590",1460,present
1207,P1584,Waltpurg,"47.555,7.590",1451,start
1208,P1585,Anna Kleinen,"47.555,7.590",1464,end
1209,P1586,Balthasar Hutzschin,"47.555,7.590",1464,start
1210,P1587,Annen,"47.555,7.590",1464,start
1211,P1588,Barbelen,"47.555,7.590",1461,present
1212,P1589,hanten von Flachshanden,"47.555,7.590",1461,present
1213,P159,Lienhart Jergelt,"47.555,7.590",1454,start
1214,P159,Lienhart Jergelt,"47.555,7.590",1457,end
1215,P159,Lienhart Jergelt,"47.555,7.590",1457,present
1216,P1590,Hans Hüter,"47.555,7.590",1450,end
1217,P1590,Hanns Hüter,"47.555,7.590",1451,end
1218,P1591,Ennelin,"47.555,7.590",1451,end
1219,P1592,Hannsen Ulrichen Seyler,"47.555,7.590",1451,start
1220,P1593,Margrethen,"47.555,7.590",1451,start
1221,P1594,Hanns Zschaupirn,"47.555,7.590",1457,start
1222,P1595,Kungolden,"47.555,7.590",1457,start
1223,P1596,Zur Güller,"47.555,7.590",1469,end
1224,P1597,Claus Müller,"47.555,7.590",1469,start
1225,P1598,Agnesen,"47.555,7.590",1469,start
1226,P1599,Heinrich Meders,"47.555,7.590",1469,present
1227,P160,Elsin,"47.555,7.590",1457,end
1228,P1600,Hanns schmids,"47.555,7.590",1469,present
1229,P1600,Hanns Schmid,"47.555,7.590",1469,start
1230,P1601,Engel,"47.555,7.590",1470,end
1231,P1602,Andris Mathis,"47.555,7.590",1470,start
1232,P1602,Andres Mathis,"47.555,7.590",1470,start
1233,P1603,Claus Swab zem Kranct,"47.555,7.590",1474,end
1234,P1604,Greslin,"47.555,7.590",1474,start
1235,P1605,Diepolt zer Stralen,"47.555,7.590",1471,end
1236,P1605,Diebolt zer Stralen,"47.555,7.590",1472,end
1237,P1606,Hannsen Dittinger,"47.555,7.590",1472,start
1238,P1607,Ennelin,"47.555,7.590",1472,start
1239,P1608,Bieman,"47.555,7.590",1463,present
1240,P1609,Arnoltz von Rotperg,"47.555,7.590",1463,present
1241,P161,Heinrich Steinenbrin,"47.555,7.590",1454,end
1242,P161,Heinrichen Steinenbrunn,"47.555,7.590",1457,start
1243,P161,Heinrich Steinenbrune,"47.555,7.590",1457,end
1244,P161,Heinrich Steinenbrum,"47.555,7.590",1460,end
1245,P161,Heinrichen Steinenbrunn,"47.555,7.590",1462,start
1246,P1610,Reysers,"47.555,7.590",1463,present
1247,P1611,Hanns Zieher,"47.555,7.590",1474,start
1248,P1611,Hanns Zieher,"47.555,7.590",1475,end
1249,P1612,Kathrina Kreigenvöglin,"47.555,7.590",1475,end
1250,P1613,Ennelin Sitterin,"47.555,7.590",1475,start
1251,P1614,Burckartz,"47.555,7.590",1461,present
1252,P1615,Henmans von Ramstein,"47.555,7.590",1461,present
1253,P1616,Hanns Volig,"47.555,7.590",1465,start
1254,P1617,Peter Dampfum,"47.555,7.590",1465,end
1255,P1618,Ytlin,"47.555,7.590",1458,end
1256,P1619,Herman Heidellin,"47.555,7.590",1458,start
1257,P162,Ursule,"47.555,7.590",1457,start
1258,P1620,Eilse,"47.555,7.590",1458,start
1259,P1621,Erhart Flach,"47.555,7.590",1465,end
1260,P1621,Erhart Flach,"47.555,7.590",1465,end
1261,P1622,,"47.555,7.590",1465,start
1262,P1623,Heinrich Seltensperg,"47.555,7.590",1465,start
1263,P1624,Bartenhein,"47.555,7.590",1457,present
1264,P1625,Hans Herren,"47.555,7.590",1450,present
1265,P1625,Hans Herren,"47.555,7.590",1450,present
1266,P1625,Hanns Herren,"47.555,7.590",1452,start
1267,P1625,Hannsen Herren,"47.555,7.590",1455,start
1268,P1625,Hanns Herren,"47.555,7.590",1458,present
1269,P1626,Ennelin Scheidenmacherin,"47.555,7.590",1472,start
1270,P1627,Johannsen Ellenbogen,"47.555,7.590",1450,present
1271,P1628,Conrat Thorer,"47.555,7.590",1462,end
1272,P1629,Heinrichen leman,"47.555,7.590",1462,start
1273,P163,Hanns Bucks,"47.555,7.590",1458,present
1274,P1630,Elsin gigerin,"47.555,7.590",1462,present
1275,P1631,Elsin,"47.555,7.590",1473,start
1276,P1632,Cuonrat Metziger,"47.555,7.590",1464,start
1277,P1633,Ennelin,"47.555,7.590",1464,start
1278,P1634,Enelin,"47.555,7.590",1470,end
1279,P1635,Ludwig Weben,"47.555,7.590",1470,start
1280,P1635,Ludwig Weber,"47.555,7.590",1470,end
1281,P1636,Ursalen,"47.555,7.590",1470,start
1282,P1637,Burkharten Schaffner,"47.555,7.590",1473,present
1283,P1637,Burkart Schaffner,"47.555,7.590",1473,end
1284,P1637,Burkhart Schaffner,"47.555,7.590",1473,present
1285,P1638,Erhart Heberling,"47.555,7.590",1474,start
1286,P1639,Elsin von Nach,"47.555,7.590",1460,end
1287,P1639,Elsin von Vach,"47.555,7.590",1460,end
1288,P1639,Elsin von Nach,"47.555,7.590",1461,present
1289,P164,Ennelin Keysers,"47.555,7.590",1458,present
1290,P1640,Hannsen Volezen,"47.555,7.590",1460,start
1291,P1641,Casparn tinower,"47.555,7.590",1464,start
1292,P1642,Enneline,"47.555,7.590",1464,start
1293,P1643,Clewi Commgarter,"47.555,7.590",1456,present
1294,P1643,Clewi Bomgarter,"47.555,7.590",1456,present
1295,P1644,Adelheiten,"47.555,7.590",1456,present
1296,P1645,Gredunda von Grünenberg,"47.555,7.590",1462,present
1297,P1646,Claus Swob,"47.555,7.590",1474,end
1298,P1647,Ursal,"47.555,7.590",1474,end
1299,P1648,Laurencz Brukmüller,"47.555,7.590",1474,start
1300,P1649,Margreten,"47.555,7.590",1474,start
1301,P165,Hansen Fiersteins,"47.555,7.590",1451,present
1302,P1650,Agnese Luterbechin,"47.555,7.590",1459,end
1303,P1651,Hanns,"47.555,7.590",1459,end
1304,P1652,Adelheit zu Steinenthortochter,"47.555,7.590",1459,end
1305,P1653,Anthonie Galician,"47.555,7.590",1455,start
1306,P1653,Anthonen Calician,"47.555,7.590",1459,end
1307,P1654,Andresen frien,"47.555,7.590",1459,start
1308,P1655,Conr Lamprecht,"47.555,7.590",1462,end
1309,P1656,Ennelin Kinderbergerin,"47.555,7.590",1462,start
1310,P1657,Peter Malstein,"47.555,7.590",1464,end
1311,P1658,Margret,"47.555,7.590",1464,end
1312,P1659,Jocoben von Frauchfürt,"47.555,7.590",1464,start
1313,P166,Seichen,"47.555,7.590",1451,present
1314,P1660,Cloren,"47.555,7.590",1464,start
1315,P1661,Hanns von Löffenberg,"47.555,7.590",1452,start
1316,P1661,Hanns von Löffen,"47.555,7.590",1452,start
1317,P1661,Hannsen von Löffen,"47.555,7.590",1453,present
1318,P1662,Peter Damphrions,"47.555,7.590",1457,present
1319,P1662,Peter Damphrions,"47.555,7.590",1457,present
1320,P1663,Anna,"47.555,7.590",1463,start
1321,P1664,Ennelin Wilminen,"47.555,7.590",1464,end
1322,P1664,Ennelin Wilminen,"47.555,7.590",1464,end
1323,P1664,Ennelin Wilminen,"47.555,7.590",1464,present
1324,P1665,Burckart Hofmeister,"47.555,7.590",1464,start
1325,P1666,Adelheiten,"47.555,7.590",1464,start
1326,P1667,Ursula,"47.555,7.590",1460,start
1327,P1668,Claus Haffner,"47.555,7.590",1469,present
1328,P1669,,"47.555,7.590",1450,present
1329,P167,Wettingen,"47.555,7.590",1451,present
1330,P1670,Johanns Kempff,"47.555,7.590",1459,start
1331,P1670,Johanns Kempff,"47.555,7.590",1459,present
1332,P1670,Johanns Kempff,"47.555,7.590",1459,start
1333,P1671,Heusly Schürer,"47.555,7.590",1473,end
1334,P1671,Heusly schurer,"47.555,7.590",1473,start
1335,P1671,Heusly Schürer,"47.555,7.590",1473,end
1336,P1672,Ennelin,"47.555,7.590",1473,end
1337,P1673,Hansen,"47.555,7.590",1473,start
1338,P1674,Tragkenfels,"47.555,7.590",1473,present
1339,P1675,Murers,"47.555,7.590",1473,present
1340,P1676,Ennelin Wigandin,"47.555,7.590",1460,end
1341,P1677,Niclaus,"47.555,7.590",1460,end
1342,P1678,Ulrich Turnsen,"47.555,7.590",1460,start
1343,P1679,hensslin Koppen,"47.555,7.590",1460,present
1344,P168,Peter Husswirt,"47.555,7.590",1463,end
1345,P1680,Clausen Gunewaltz,"47.555,7.590",1460,present
1346,P1681,Elsin Banwartin,"47.555,7.590",1455,end
1347,P1682,Johanns Hertwig,"47.555,7.590",1457,start
1348,P1682,Johannsen Heitwig,"47.555,7.590",1457,start
1349,P1683,Jost Seiler,"47.555,7.590",1475,end
1350,P1684,Jacob Werdmeister,"47.555,7.590",1475,start
1351,P1685,Dorothe,"47.555,7.590",1475,start
1352,P1686,riechers,"47.555,7.590",1463,present
1353,P1687,Biegeler,"47.555,7.590",1463,present
1354,P1688,Claus Folmis,"47.555,7.590",1463,start
1355,P1689,Hanns Schöllis,"47.555,7.590",1464,present
1356,P169,Eilsin von Leymen,"47.555,7.590",1463,end
1357,P1690,,"47.555,7.590",1464,present
1358,P1691,Hanns Bernhart von Louffen,"47.555,7.590",1452,present
1359,P1692,Hans Lamprecht,"47.555,7.590",1473,end
1360,P1693,Urselin,"47.555,7.590",1473,end
1361,P1694,Anna Swebin,"47.555,7.590",1473,start
1362,P1695,Cristina,"47.555,7.590",1473,start
1363,P1696,Leidwig Koppen,"47.555,7.590",1456,start
1364,P1697,Peter fornussen,"47.555,7.590",1456,present
1365,P1698,Lienh Gernlers,"47.555,7.590",1456,present
1366,P1699,Hanns Heinr Grieben,"47.555,7.590",1464,present
1367,P170,Conrat fryermit,"47.555,7.590",1472,end
1368,P170,Conrat fryermit,"47.555,7.590",1472,start
1369,P1700,Hanns Götz,"47.555,7.590",1452,end
1370,P1700,Hanns Götz,"47.555,7.590",1457,end
1371,P1701,Enneli Brunli,"47.555,7.590",1452,end
1372,P1702,Ursulen,"47.555,7.590",1452,start
1373,P1703,Hanns Franck,"47.555,7.590",1468,end
1374,P1704,Hanns Thaffen,"47.555,7.590",1468,start
1375,P1705,Elsin,"47.555,7.590",1468,start
1376,P1706,Agnesen,"47.555,7.590",1470,present
1377,P1707,Agnesen,"47.555,7.590",1470,end
1378,P1708,Ennelin Mochlerin,"47.555,7.590",1470,present
1379,P1708,Ennelin Möchlerin,"47.555,7.590",1470,end
1380,P1709,Elsin,"47.555,7.590",1469,end
1381,P171,Elsa,"47.555,7.590",1472,end
1382,P1710,Elsin lampfan,"47.555,7.590",1469,start
1383,P1711,Margarethen von Louffen,"47.555,7.590",1454,start
1384,P1712,Hannsen Egman,"47.555,7.590",1459,start
1385,P1712,Hanns Egkman,"47.555,7.590",1459,start
1386,P1713,Clare,"47.555,7.590",1459,start
1387,P1714,Agnes Kilchmennin,"47.555,7.590",1456,end
1388,P1714,Angnesen Kilchmann,"47.555,7.590",1461,start
1389,P1714,Angnes Kilchmann,"47.555,7.590",1461,end
1390,P1715,Conrat Kilchman,"47.555,7.590",1451,start
1391,P1715,Conrat Kilchmanns,"47.555,7.590",1456,end
1392,P1716,Sebastianen Hauolt,"47.555,7.590",1456,start
1393,P1717,Greden,"47.555,7.590",1456,start
1394,P1718,Ulrich Side,"47.555,7.590",1456,present
1395,P1719,Hanns von Landow,"47.555,7.590",1472,start
1396,P172,Peter Schillings,"47.555,7.590",1456,present
1397,P172,Peter Schillings,"47.555,7.590",1459,present
1398,P172,Peters Schillings,"47.555,7.590",1459,end
1399,P172,Peter Schilling,"47.555,7.590",1462,start
1400,P172,Peter schilling,"47.555,7.590",1462,start
1401,P172,Peter Schilling,"47.555,7.590",1462,present
1402,P172,Peter Schilling,"47.555,7.590",1462,present
1403,P1720,Margreten,"47.555,7.590",1472,start
1404,P1721,Heinrich Bömmlin,"47.555,7.590",1461,end
1405,P1721,Heinrich Bommlin,"47.555,7.590",1463,end
1406,P1721,Heinrich Bömlin,"47.555,7.590",1465,end
1407,P1722,Ennelin,"47.555,7.590",1465,end
1408,P1723,,"47.555,7.590",1465,start
1409,P1724,Ennelin,"47.555,7.590",1465,start
1410,P1725,Johannsen von Hus,"47.555,7.590",1463,end
1411,P1726,Gredauen Maderin,"47.555,7.590",1463,end
1412,P1726,Gredauen Maderin,"47.555,7.590",1463,end
1413,P1727,Jörgen Wurmlin,"47.555,7.590",1463,start
1414,P1728,Barbel,"47.555,7.590",1452,start
1415,P1729,Johannsen Brittonelli,"47.555,7.590",1452,start
1416,P173,Jacob Hertisen,"47.555,7.590",1451,start
1417,P173,Jacob Hartisen,"47.555,7.590",1451,start
1418,P173,Jacob Hertysen,"47.555,7.590",1453,end
1419,P1730,Johannes Veringer,"47.555,7.590",1453,start
1420,P1731,Ulrichen roschen,"47.555,7.590",1454,start
1421,P1732,,"47.555,7.590",1458,present
1422,P1733,Hans Rysenlowlins,"47.555,7.590",1458,present
1423,P1734,Mathis,"47.555,7.590",1457,end
1424,P1735,Lienh Eberler,"47.555,7.590",1457,end
1425,P1736,Peter Hanns Struben,"47.555,7.590",1457,start
1426,P1736,Peter Hanns Struben,"47.555,7.590",1458,start
1427,P1737,Margrethen,"47.555,7.590",1457,start
1428,P1738,Burkin Rudin,"47.555,7.590",1450,start
1429,P1738,Burgkin Rudins,"47.555,7.590",1450,start
1430,P1739,Niclaus Blawenstein,"47.555,7.590",1463,present
1431,P174,Elsin,"47.555,7.590",1453,end
1432,P1740,Julaszers,"47.555,7.590",1453,present
1433,P1741,Gredlin Büblis,"47.555,7.590",1453,present
1434,P1742,Ludwig,"47.555,7.590",1473,present
1435,P1743,Henman Rudi,"47.555,7.590",1460,end
1436,P1744,Lienh Jergelt,"47.555,7.590",1460,end
1437,P1745,Hannsen Gotzen,"47.555,7.590",1460,start
1438,P1746,Rudolf,"47.555,7.590",1474,end
1439,P1747,Ludwig Schitt,"47.555,7.590",1472,end
1440,P1747,Ludwig Schmit,"47.555,7.590",1472,end
1441,P1747,Ludwig Sitt,"47.555,7.590",1474,start
1442,P1748,Clara,"47.555,7.590",1474,start
1443,P1749,Hanns Renner,"47.555,7.590",1473,end
1444,P175,Pfisters,"47.555,7.590",1463,present
1445,P1750,Andres Helmüt,"47.555,7.590",1473,start
1446,P1751,Ennelin,"47.555,7.590",1473,start
1447,P1752,Heinrich von des,"47.555,7.590",1475,end
1448,P1753,Josen Spalt,"47.555,7.590",1475,start
1449,P1754,Agnes,"47.555,7.590",1475,start
1450,P1755,Volmar Kunzis,"47.555,7.590",1456,end
1451,P1756,Marz von Wimpffen,"47.555,7.590",1454,end
1452,P1756,Marzen von Wumpffen,"47.555,7.590",1456,start
1453,P1757,Magdalena,"47.555,7.590",1456,start
1454,P1758,Hanns Gurly,"47.555,7.590",1464,end
1455,P1759,Clewi brotbecken,"47.555,7.590",1464,start
1456,P176,Scherners,"47.555,7.590",1463,present
1457,P1760,Agueten,"47.555,7.590",1464,start
1458,P1761,Ulrich Ammann,"47.555,7.590",1464,present
1459,P1762,Henslin Ramstein,"47.555,7.590",1451,start
1460,P1763,Vislen von Meydburg,"47.555,7.590",1451,start
1461,P1764,Hanns von Franckfort,"47.555,7.590",1454,end
1462,P1764,Hannsen von Frangkenfürt,"47.555,7.590",1454,start
1463,P1765,Tutichin almans,"47.555,7.590",1454,end
1464,P1766,Jergen von Altkilch,"47.555,7.590",1454,start
1465,P1767,Ennelin Hohenstecks,"47.555,7.590",1454,start
1466,P1768,Mörlins,"47.555,7.590",1454,present
1467,P1769,Lowen,"47.555,7.590",1454,present
1468,P177,Hanns Möchlin,"47.555,7.590",1465,end
1469,P1770,Heinrich Slierbach,"47.555,7.590",1456,present
1470,P1770,Heinrich Slierbach,"47.555,7.590",1456,end
1471,P1770,Heinrich Slierbach,"47.555,7.590",1457,start
1472,P1771,Johanns Brand,"47.555,7.590",1457,end
1473,P1771,Johanns Brand,"47.555,7.590",1459,present
1474,P1771,Johanns branden,"47.555,7.590",1459,present
1475,P1772,Ennelin Grescher,"47.555,7.590",1462,start
1476,P1773,Jörg Killing,"47.555,7.590",1471,start
1477,P1774,Elsin,"47.555,7.590",1471,start
1478,P1775,Peter Langenstein,"47.555,7.590",1475,end
1479,P1776,Ursal,"47.555,7.590",1475,end
1480,P1777,Hans Balduff,"47.555,7.590",1475,end
1481,P1778,Hanns beken,"47.555,7.590",1475,end
1482,P1779,Gerhart von Winsperg,"47.555,7.590",1475,start
1483,P178,Hannsen von Wintertur,"47.555,7.590",1465,start
1484,P1780,Caspar Eschenbach,"47.555,7.590",1475,start
1485,P1781,Hanns Sperrer,"47.555,7.590",1463,start
1486,P1781,Hannsen Sperrer,"47.555,7.590",1464,start
1487,P1781,Hanns Sperrer,"47.555,7.590",1464,present
1488,P1781,Hanns Sporerer,"47.555,7.590",1464,end
1489,P1782,Heinrichen Harwert,"47.555,7.590",1464,start
1490,P1783,Joss Cberer,"47.555,7.590",1456,end
1491,P1784,Gredlin,"47.555,7.590",1456,end
1492,P1785,Ulrichen müller,"47.555,7.590",1456,start
1493,P1786,Eilsme,"47.555,7.590",1456,start
1494,P1787,Car Dürrin,"47.555,7.590",1472,present
1495,P1788,Susambner der Zinsen,"47.555,7.590",1459,start
1496,P1789,Clare,"47.555,7.590",1459,start
1497,P179,Hansen Wegenstetz,"47.555,7.590",1451,present
1498,P1790,Margret Brenner,"47.555,7.590",1457,end
1499,P1791,Hannsen Sunders,"47.555,7.590",1457,end
1500,P1792,Heinrich Baumach,"47.555,7.590",1454,start
1501,P1792,Heinrich Baumach,"47.555,7.590",1454,start
1502,P1792,Heinrichen Bammach,"47.555,7.590",1457,start
1503,P1792,Heinrich Baumachs,"47.555,7.590",1458,present
1504,P1793,Margret,"47.555,7.590",1457,start
1505,P1794,Kleinhans Reyminger,"47.555,7.590",1471,start
1506,P1794,Kleinhans Reyminger,"47.555,7.590",1471,start
1507,P1794,Cleinhans Reynger,"47.555,7.590",1471,start
1508,P1794,Cleinhansen Reynger,"47.555,7.590",1471,start
1509,P1794,Kleinhaus Reynger,"47.555,7.590",1471,start
1510,P1794,Kleinhans Reynger,"47.555,7.590",1471,start
1511,P1795,Johann Knebel,"47.555,7.590",1471,start
1512,P1796,Andres Edelman,"47.555,7.590",1456,present
1513,P1796,Andresen Edelmann,"47.555,7.590",1457,present
1514,P1796,Andressen Edelman,"47.555,7.590",1460,present
1515,P1796,Andressen Edelman,"47.555,7.590",1460,present
1516,P1797,Desel Zschanni,"47.555,7.590",1472,end
1517,P1798,Hans Würzeler,"47.555,7.590",1471,start
1518,P1798,Hanns Würzelern,"47.555,7.590",1472,end
1519,P1799,Agnes Zschanni,"47.555,7.590",1472,end
1520,P1799,Agnes Zschann,"47.555,7.590",1472,end
1521,P180,Peter Wolgern,"47.555,7.590",1458,present
1522,P1800,Peter Rüken,"47.555,7.590",1472,end
1523,P1801,Peter Zschanen,"47.555,7.590",1469,start
1524,P1801,Peter Zschanen,"47.555,7.590",1469,start
1525,P1801,Peter Zschanen,"47.555,7.590",1472,start
1526,P1801,Peter Zschanen,"47.555,7.590",1472,start
1527,P1802,Agnes,"47.555,7.590",1472,start
1528,P1803,Clausen Rowlin,"47.555,7.590",1461,start
1529,P1804,Burckarten von Bürnkilch,"47.555,7.590",1450,present
1530,P1805,Herman Sattlers,"47.555,7.590",1463,present
1531,P1805,Herman Sattlers,"47.555,7.590",1463,present
1532,P1806,Zergeltin,"47.555,7.590",1463,present
1533,P1807,Claus,"47.555,7.590",1455,end
1534,P1808,Margret,"47.555,7.590",1455,end
1535,P1809,Hanns Heinrich,"47.555,7.590",1454,start
1536,P1809,Hanns Heinrich,"47.555,7.590",1455,start
1537,P1809,Hanns Heinrich,"47.555,7.590",1455,end
1538,P181,Peter Fridrich,"47.555,7.590",1454,start
1539,P1810,Ennelin,"47.555,7.590",1455,start
1540,P1811,Hem Rudis,"47.555,7.590",1461,end
1541,P1811,Heum Rudi,"47.555,7.590",1461,end
1542,P1812,Ursulen,"47.555,7.590",1461,start
1543,P1813,Claus Brum,"47.555,7.590",1473,end
1544,P1814,Ennelin,"47.555,7.590",1473,end
1545,P1815,burkhart umenmacher,"47.555,7.590",1473,start
1546,P1816,Adelheiten,"47.555,7.590",1473,start
1547,P1817,Conrat Keyser,"47.555,7.590",1452,end
1548,P1817,Conrat Keyser,"47.555,7.590",1452,end
1549,P1817,Conrat Keysers,"47.555,7.590",1452,end
1550,P1818,Elsin,"47.555,7.590",1452,end
1551,P1819,Swytzlin,"47.555,7.590",1452,start
1552,P182,Ennelin,"47.555,7.590",1454,start
1553,P1820,Ennelin,"47.555,7.590",1454,end
1554,P1821,Clemens Mathisen,"47.555,7.590",1454,start
1555,P1822,Verenendas,"47.555,7.590",1454,start
1556,P1823,Bernhart von Louffen,"47.555,7.590",1472,end
1557,P1823,Bernhart von Loffen,"47.555,7.590",1472,end
1558,P1824,,"47.555,7.590",1472,start
1559,P1825,Verena,"47.555,7.590",1472,start
1560,P1826,Hanns Fridlin Helum,"47.555,7.590",1452,start
1561,P1827,Ennelin,"47.555,7.590",1452,start
1562,P1828,Adelheid Johann Perria,"47.555,7.590",1451,end
1563,P1829,Hannsen,"47.555,7.590",1451,start
1564,P183,Gredam Maderin,"47.555,7.590",1463,end
1565,P1830,Adelheiten pfilmacherin,"47.555,7.590",1463,present
1566,P1831,Margret Merzerlerin,"47.555,7.590",1464,end
1567,P1831,Margrethen Eberlerin,"47.555,7.590",1465,start
1568,P1832,Ulrichen Bernhart,"47.555,7.590",1464,start
1569,P1833,Ursule,"47.555,7.590",1464,start
1570,P1834,Hans Schütz,"47.555,7.590",1466,end
1571,P1834,Hanns Schütz,"47.555,7.590",1470,end
1572,P1835,Agnes Sampfrion,"47.555,7.590",1470,end
1573,P1835,Agnes Bampfrion,"47.555,7.590",1470,end
1574,P1836,"Hannsen , Spengler","47.555,7.590",1470,start
1575,P1836,Hansen Spenglern,"47.555,7.590",1470,start
1576,P1837,Agnes zu Lipgeding,"47.555,7.590",1466,end
1577,P1837,Agnes zu Lipgeding,"47.555,7.590",1470,end
1578,P1838,Ulrich Meltinger,"47.555,7.590",1463,start
1579,P1838,Ulrich Meltinger,"47.555,7.590",1463,end
1580,P1838,Ulrich Meltinger,"47.555,7.590",1465,end
1581,P1839,Joachim Morower,"47.555,7.590",1461,start
1582,P1839,Joachin morower,"47.555,7.590",1461,start
1583,P1839,Joachin morewer,"47.555,7.590",1465,start
1584,P1839,Joachim Morawer,"47.555,7.590",1465,start
1585,P184,Ulrichen Spiegler,"47.555,7.590",1463,end
1586,P1840,Odilie,"47.555,7.590",1465,start
1587,P1841,Gesell Zscham,"47.555,7.590",1472,end
1588,P1842,Scholliss,"47.555,7.590",1472,present
1589,P1843,Hanns von Elkiss,"47.555,7.590",1472,present
1590,P1844,Hanns Ulrich Dampfrion,"47.555,7.590",1461,start
1591,P1845,Houptlins,"47.555,7.590",1461,present
1592,P1846,Hans Möch,"47.555,7.590",1472,present
1593,P1846,Hans Möchli,"47.555,7.590",1472,present
1594,P1847,Henrich Siden,"47.555,7.590",1474,present
1595,P1848,Henezman Hursaner,"47.555,7.590",1471,present
1596,P1849,Jacob Seilers,"47.555,7.590",1471,present
1597,P185,Grede,"47.555,7.590",1463,start
1598,P1850,Angnes Lemans,"47.555,7.590",1462,end
1599,P1851,Rippenlöwlin,"47.555,7.590",1460,start
1600,P1852,Peter Scherer,"47.555,7.590",1469,end
1601,P1852,Peter Scherer,"47.555,7.590",1469,present
1602,P1852,Peter scherer,"47.555,7.590",1469,start
1603,P1853,Conrat Stören,"47.555,7.590",1469,start
1604,P1854,Elsin schmid,"47.555,7.590",1472,end
1605,P1855,Ulrich Wolfferssen,"47.555,7.590",1472,end
1606,P1856,Jörgen Wilbelmen,"47.555,7.590",1472,start
1607,P1857,Hannsen Bischoff,"47.555,7.590",1472,present
1608,P1857,Hanns Bischoff,"47.555,7.590",1473,present
1609,P1857,Hannsen Bischoff,"47.555,7.590",1473,present
1610,P1857,Hanssen Bischoff,"47.555,7.590",1473,present
1611,P1857,Hanns Bischoff,"47.555,7.590",1475,end
1612,P1858,Anderis nigen,"47.555,7.590",1473,present
1613,P1859,Peter Hausman,"47.555,7.590",1471,start
1614,P1859,Peter Haussman,"47.555,7.590",1471,start
1615,P1859,Peter Hausmans,"47.555,7.590",1473,present
1616,P186,Enelin Gebhartin,"47.555,7.590",1459,present
1617,P1860,Ennelin,"47.555,7.590",1463,end
1618,P1861,Niclausen Rentz,"47.555,7.590",1463,start
1619,P1862,Heinricns Graß,"47.555,7.590",1463,start
1620,P1863,len Eberlinen,"47.555,7.590",1450,end
1621,P1864,Heinrich Sunner,"47.555,7.590",1450,end
1622,P1865,Margareth Eberliner,"47.555,7.590",1450,end
1623,P1866,Mathys Eberler,"47.555,7.590",1450,end
1624,P1867,Angnesen Eberliner,"47.555,7.590",1450,start
1625,P1868,Mathis Eberler,"47.555,7.590",1475,present
1626,P1869,Jkra Thoman Sürlin,"47.555,7.590",1463,present
1627,P187,Moraut,"47.555,7.590",1474,start
1628,P1870,Bocherlin,"47.555,7.590",1455,start
1629,P1871,Burkun Hoffman,"47.555,7.590",1454,start
1630,P1872,Anne,"47.555,7.590",1454,start
1631,P1873,Heinrich Wyslin,"47.555,7.590",1473,end
1632,P1873,Heinrich Wysslin,"47.555,7.590",1473,end
1633,P1874,Barbara Langensteing,"47.555,7.590",1473,end
1634,P1874,Barbara Langensteynen,"47.555,7.590",1473,end
1635,P1875,Agnes Schalerin,"47.555,7.590",1469,present
1636,P1875,Agnes Schalerin,"47.555,7.590",1473,start
1637,P1875,Agnes Schalerin,"47.555,7.590",1473,end
1638,P1875,Agnes Schalerin,"47.555,7.590",1473,start
1639,P1876,Gotz heinrich von Eptingen,"47.555,7.590",1467,present
1640,P1877,Hanns Eberstorff,"47.555,7.590",1464,start
1641,P1878,Elsine,"47.555,7.590",1464,start
1642,P1879,Conrat Tifel,"47.555,7.590",1452,end
1643,P188,Elsen,"47.555,7.590",1469,end
1644,P1880,Heinrich Tüfel,"47.555,7.590",1452,end
1645,P1881,Clausen köglin,"47.555,7.590",1465,start
1646,P1882,Henman Stegers,"47.555,7.590",1465,present
1647,P1883,Clar Ringglerin,"47.555,7.590",1465,present
1648,P1884,Mathys von Waltzach,"47.555,7.590",1451,start
1649,P1884,Mathys von Waltpach,"47.555,7.590",1451,start
1650,P1885,Hanns Wartenberg,"47.555,7.590",1451,end
1651,P1885,Hanns Wartenberg,"47.555,7.590",1451,end
1652,P1886,Claus Wertenberg,"47.555,7.590",1451,end
1653,P1886,Claus Wartenberg,"47.555,7.590",1451,end
1654,P1887,Joß Mertzen,"47.555,7.590",1461,start
1655,P1888,Kathrinen,"47.555,7.590",1461,start
1656,P1889,Seylers,"47.555,7.590",1450,present
1657,P189,Hanns von Walkilch,"47.555,7.590",1469,start
1658,P1890,Hannsen Wesselbachs,"47.555,7.590",1454,end
1659,P1891,Lutzman,"47.555,7.590",1454,start
1660,P1892,Hannsen Howenstein,"47.555,7.590",1456,start
1661,P1892,Hanns Howenstein,"47.555,7.590",1457,present
1662,P1893,Claus Drugkler,"47.555,7.590",1452,end
1663,P1893,Claus Drugkler,"47.555,7.590",1452,end
1664,P1894,Gredlin,"47.555,7.590",1452,end
1665,P1895,Conraten lichen,"47.555,7.590",1452,start
1666,P1895,Conraten Lichen,"47.555,7.590",1452,start
1667,P1896,Gredlin,"47.555,7.590",1452,start
1668,P1897,Margret,"47.555,7.590",1464,end
1669,P1898,Dorothee,"47.555,7.590",1464,start
1670,P1899,Herman Permenter,"47.555,7.590",1451,present
1671,P190,Hanns von Mecz,"47.555,7.590",1469,start
1672,P1900,Trinckfron,"47.555,7.590",1473,end
1673,P1901,Peter Merstein,"47.555,7.590",1473,start
1674,P1902,Elssen,"47.555,7.590",1473,start
1675,P1903,Cunrat,"47.555,7.590",1455,end
1676,P1904,Ulrich Mörnach,"47.555,7.590",1453,start
1677,P1904,Ulrich Mornach,"47.555,7.590",1455,end
1678,P1904,Ulrich Mornach,"47.555,7.590",1455,end
1679,P1905,Rüdi schoni,"47.555,7.590",1470,end
1680,P1906,Clowin Hefat,"47.555,7.590",1470,start
1681,P1907,Peter Rokenbach,"47.555,7.590",1470,start
1682,P1908,Laurentz Toffers,"47.555,7.590",1471,present
1683,P1909,Keppellerin,"47.555,7.590",1471,present
1684,P191,Margreten Walkilchin,"47.555,7.590",1469,start
1685,P1910,Lienhart schürer,"47.555,7.590",1455,start
1686,P1911,Burck Hoffmeister,"47.555,7.590",1454,end
1687,P1912,Adelheit,"47.555,7.590",1454,end
1688,P1913,Sisulen,"47.555,7.590",1454,start
1689,P1914,Wernlin Zwiglin,"47.555,7.590",1450,end
1690,P1915,Hanns Heidelberg,"47.555,7.590",1464,end
1691,P1915,Hanns Heidelberg,"47.555,7.590",1464,end
1692,P1916,Margreths,"47.555,7.590",1464,end
1693,P1917,Peter Hannsen Heidelberg,"47.555,7.590",1464,start
1694,P1917,Peter Hannsen Heidelberg,"47.555,7.590",1464,start
1695,P1918,Margret,"47.555,7.590",1462,end
1696,P1919,Ullin Wusten,"47.555,7.590",1462,start
1697,P192,Jacob von Walkilch,"47.555,7.590",1469,start
1698,P1920,Gredline,"47.555,7.590",1462,start
1699,P1921,Elsm Seittenmacherin,"47.555,7.590",1470,end
1700,P1922,Heinrich Yselis,"47.555,7.590",1470,start
1701,P1923,Susanna,"47.555,7.590",1470,start
1702,P1924,Rudolf,"47.555,7.590",1459,start
1703,P1925,Greden von Loffen,"47.555,7.590",1453,present
1704,P1926,Werlyn Wytolff,"47.555,7.590",1474,present
1705,P1926,Werlin Wysolff,"47.555,7.590",1474,present
1706,P1926,Werlin Wytolff,"47.555,7.590",1474,end
1707,P1927,Agnesen,"47.555,7.590",1470,present
1708,P1928,Thiebold Vögler,"47.555,7.590",1451,present
1709,P1929,Hannsen Myssner,"47.555,7.590",1451,start
1710,P193,sager,"47.555,7.590",1469,present
1711,P1930,Elsen gutgessellen,"47.555,7.590",1451,start
1712,P1931,Thieboltz,"47.555,7.590",1451,start
1713,P1932,Claus Lüpolt,"47.555,7.590",1453,end
1714,P1933,Elsin,"47.555,7.590",1453,end
1715,P1934,Elsine Rehbergin,"47.555,7.590",1453,start
1716,P1934,Eilsin Rechbergin,"47.555,7.590",1458,end
1717,P1935,Magret,"47.555,7.590",1455,start
1718,P1936,Henslin Koppen,"47.555,7.590",1453,start
1719,P1937,Ennelin,"47.555,7.590",1453,end
1720,P1938,Lienharden Petikofer,"47.555,7.590",1453,start
1721,P1939,Margareth,"47.555,7.590",1453,start
1722,P194,Johannsen von Eschemberg,"47.555,7.590",1459,present
1723,P194,Johannsen von Eschemberg,"47.555,7.590",1459,present
1724,P1940,Hanns von Crucz,"47.555,7.590",1452,end
1725,P1941,Ulrichen Kind,"47.555,7.590",1452,start
1726,P1942,Ursulen,"47.555,7.590",1452,start
1727,P1943,Hans Bruglinger,"47.555,7.590",1461,end
1728,P1943,Hans Bruglinger,"47.555,7.590",1463,end
1729,P1944,Hansen Garbach,"47.555,7.590",1461,start
1730,P1944,Hans Garbach,"47.555,7.590",1461,end
1731,P1945,Ennelin,"47.555,7.590",1472,present
1732,P1946,Ursule,"47.555,7.590",1460,present
1733,P1947,Sunenwolld Heidelbeck,"47.555,7.590",1464,end
1734,P1948,Michel Strussen,"47.555,7.590",1463,start
1735,P1948,Michel Strussen,"47.555,7.590",1464,start
1736,P1948,Michel Strusse,"47.555,7.590",1464,start
1737,P1949,Diebold Rotzel,"47.555,7.590",1450,present
1738,P195,Penthelin von Liebenstein,"47.555,7.590",1457,start
1739,P1950,Jacob Rüdin,"47.555,7.590",1450,present
1740,P1951,Barbara,"47.555,7.590",1457,end
1741,P1952,Hannsen von Lander,"47.555,7.590",1457,start
1742,P1953,Mechtilden,"47.555,7.590",1457,start
1743,P1954,Margredt Strübin,"47.555,7.590",1460,end
1744,P1955,Heinrich Veltheins,"47.555,7.590",1460,present
1745,P1956,Harsten,"47.555,7.590",1460,present
1746,P1957,Rinmülen,"47.555,7.590",1450,present
1747,P1958,Rosmüben,"47.555,7.590",1450,present
1748,P1959,Eilsin Hoffmeisterin,"47.555,7.590",1459,start
1749,P196,Agnesen,"47.555,7.590",1457,start
1750,P1960,Engelin von Rotperg,"47.555,7.590",1460,start
1751,P1961,Hausman Völlinger,"47.555,7.590",1454,present
1752,P1962,Gersterin,"47.555,7.590",1454,present
1753,P1963,Verich Kelwart,"47.555,7.590",1453,end
1754,P1964,Gertrut,"47.555,7.590",1453,end
1755,P1965,Bernhart Röwlin,"47.555,7.590",1453,start
1756,P1965,Bernhart Rölin,"47.555,7.590",1456,end
1757,P1966,Elsinen,"47.555,7.590",1453,start
1758,P1967,Hannsen Balduff,"47.555,7.590",1465,start
1759,P1968,Enneline,"47.555,7.590",1465,start
1760,P1969,Ludwig Vnken,"47.555,7.590",1452,present
1761,P197,Hanns Gürlin,"47.555,7.590",1471,end
1762,P197,Hans Gürlin,"47.555,7.590",1471,end
1763,P197,Hanns Gürlin,"47.555,7.590",1472,end
1764,P197,Hanns Gürlin,"47.555,7.590",1472,end
1765,P1970,Conraten in Sohn,"47.555,7.590",1454,start
1766,P1971,,"47.555,7.590",1451,end
1767,P1972,Ludwig Kauffstengel,"47.555,7.590",1474,start
1768,P1972,Ludwig Hauffstengeln,"47.555,7.590",1474,start
1769,P1973,Agnes,"47.555,7.590",1474,start
1770,P1974,Fridlin Heltzum,"47.555,7.590",1451,present
1771,P1975,krumb Diebolt,"47.555,7.590",1462,end
1772,P1976,Johannsen farnower,"47.555,7.590",1462,start
1773,P1977,Ennelin,"47.555,7.590",1457,end
1774,P1978,Oswalt von Kouffen,"47.555,7.590",1457,end
1775,P1979,Hermann Heilger,"47.555,7.590",1459,end
1776,P198,Joss von Heiltprum,"47.555,7.590",1471,start
1777,P1980,Johanen Galician,"47.555,7.590",1459,start
1778,P1981,Eicht vattern,"47.555,7.590",1475,present
1779,P1982,Thoman Sürlin,"47.555,7.590",1461,end
1780,P1982,Thoman Sürlin,"47.555,7.590",1463,end
1781,P1983,Peter appfolten,"47.555,7.590",1461,start
1782,P1984,Peterhanns,"47.555,7.590",1466,end
1783,P1985,Hannsen Teyern,"47.555,7.590",1466,start
1784,P1986,Hans Scholl,"47.555,7.590",1453,end
1785,P1987,Ennelin,"47.555,7.590",1453,end
1786,P1988,,"47.555,7.590",1453,end
1787,P1989,Burkarten Hoffmeister,"47.555,7.590",1453,start
1788,P199,Margreten,"47.555,7.590",1471,start
1789,P1990,Ennelin,"47.555,7.590",1453,start
1790,P1991,Burkhart Erenfels,"47.555,7.590",1470,end
1791,P1991,Burkhart Erenfels,"47.555,7.590",1471,end
1792,P1992,Ennelin Mornachin,"47.555,7.590",1470,end
1793,P1992,Ennelin Mornachin,"47.555,7.590",1471,end
1794,P1993,Ulrich,"47.555,7.590",1471,end
1795,P1994,Agneslin,"47.555,7.590",1471,end
1796,P1995,Burkhart Stöwlin,"47.555,7.590",1470,start
1797,P1995,Burkhart Strowlin,"47.555,7.590",1471,start
1798,P1996,Agnes,"47.555,7.590",1471,start
1799,P1997,Ludurg von Gnsel,"47.555,7.590",1471,start
1800,P1998,Peter tanhuser,"47.555,7.590",1469,end
1801,P1999,Agnesen,"47.555,7.590",1469,start
1802,P200,Hanns Gernler,"47.555,7.590",1459,end
1803,P200,Hannsen Gernlers,"47.555,7.590",1464,present
1804,P200,Hanns Gernlern,"47.555,7.590",1469,present
1805,P2000,,"47.555,7.590",1469,present
1806,P2001,des wylers,"47.555,7.590",1469,present
1807,P2002,Grede Deckin,"47.555,7.590",1459,end
1808,P2003,Hanns Deck,"47.555,7.590",1459,end
1809,P2004,Heinrich Decker,"47.555,7.590",1459,start
1810,P2005,Else schultheissen,"47.555,7.590",1471,start
1811,P2006,Lienhart Koger,"47.555,7.590",1472,end
1812,P2006,Lienhart Koger,"47.555,7.590",1473,present
1813,P2006,Lienhart Koger,"47.555,7.590",1473,end
1814,P2007,Hanns Merklin,"47.555,7.590",1472,start
1815,P2008,Barbel,"47.555,7.590",1472,start
1816,P2009,Rudolf Rasor,"47.555,7.590",1452,start
1817,P201,Clausen von Hastatt,"47.555,7.590",1451,start
1818,P201,Clausen von Hostat,"47.555,7.590",1451,start
1819,P201,Clausen von Hostatt,"47.555,7.590",1453,present
1820,P201,Claus von Hostatt,"47.555,7.590",1453,end
1821,P2010,Martin Vrabends,"47.555,7.590",1452,present
1822,P2011,Claus Walchen,"47.555,7.590",1475,start
1823,P2012,Ennelin,"47.555,7.590",1475,start
1824,P2013,Clara Mertzin,"47.555,7.590",1459,start
1825,P2014,Bernhart Sattler,"47.555,7.590",1475,start
1826,P2015,Brida,"47.555,7.590",1475,start
1827,P2016,Michel Held,"47.555,7.590",1464,start
1828,P2017,Enelin,"47.555,7.590",1464,start
1829,P2018,Elsin,"47.555,7.590",1474,present
1830,P2019,Clewin Schaler,"47.555,7.590",1451,end
1831,P202,Katherinen,"47.555,7.590",1453,present
1832,P2020,Gred Göbels,"47.555,7.590",1451,end
1833,P2021,Herman Schmider,"47.555,7.590",1451,start
1834,P2022,Anna,"47.555,7.590",1451,start
1835,P2023,Gredlin Thorers,"47.555,7.590",1451,start
1836,P2024,Heinrich Neren,"47.555,7.590",1460,present
1837,P2025,UlyLöwenbergs,"47.555,7.590",1460,present
1838,P2026,Heinrich Jungerman,"47.555,7.590",1468,present
1839,P2026,Heinrich Jungerman,"47.555,7.590",1470,start
1840,P2027,Peter vischers,"47.555,7.590",1466,present
1841,P2028,Stephan Rorysen,"47.555,7.590",1466,present
1842,P2029,Engelhart Weczel,"47.555,7.590",1469,start
1843,P203,Wilhelm Grafen,"47.555,7.590",1470,end
1844,P2030,Barbaren,"47.555,7.590",1469,start
1845,P2031,Oswalt Strowlin,"47.555,7.590",1470,present
1846,P2032,Agnesen,"47.555,7.590",1470,present
1847,P2033,Margret Pfrönderin,"47.555,7.590",1470,end
1848,P2034,Dietrich Hüpsch,"47.555,7.590",1470,end
1849,P2035,Agnes Pfrönderin,"47.555,7.590",1470,end
1850,P2036,Hanns Toltzen,"47.555,7.590",1470,end
1851,P2037,Conratz Sun,"47.555,7.590",1470,end
1852,P2038,Heintzi Wischer,"47.555,7.590",1470,start
1853,P2039,Dinlin,"47.555,7.590",1470,end
1854,P204,Pauli Lowenstein,"47.555,7.590",1470,start
1855,P2040,Hanns Schmalzig,"47.555,7.590",1470,start
1856,P2041,Barbaren,"47.555,7.590",1470,start
1857,P2042,Lienhard Mörnach,"47.555,7.590",1455,end
1858,P2042,Lienhart Mornach,"47.555,7.590",1457,start
1859,P2043,Cunrat,"47.555,7.590",1455,end
1860,P2044,Ennelin Fritagin,"47.555,7.590",1450,end
1861,P2045,Ludwig Lüdi,"47.555,7.590",1450,start
1862,P2046,Angneslis Lüdi,"47.555,7.590",1450,end
1863,P2047,Swartzhausen,"47.555,7.590",1450,start
1864,P2048,Angnese,"47.555,7.590",1450,start
1865,P2049,Hanns in Verenlin,"47.555,7.590",1475,present
1866,P205,Ennelin,"47.555,7.590",1470,start
1867,P2050,Ennelin Sybengestern,"47.555,7.590",1455,end
1868,P2051,Hannsen Widmers,"47.555,7.590",1455,end
1869,P2052,,"47.555,7.590",1455,start
1870,P2053,Jacob von Mörsberg,"47.555,7.590",1473,end
1871,P2054,Balthasar Mörsberg,"47.555,7.590",1473,end
1872,P2055,Peter von Crueznach,"47.555,7.590",1473,start
1873,P2056,Berbelin Langensteinen,"47.555,7.590",1473,end
1874,P2057,Hannsen Bratteler,"47.555,7.590",1473,start
1875,P2058,Ulrich,"47.555,7.590",1462,start
1876,P2059,Ennelin,"47.555,7.590",1462,start
1877,P206,Margarz von Schönenberg,"47.555,7.590",1475,end
1878,P2060,Hanns Sweblin,"47.555,7.590",1470,end
1879,P2061,Hanns Wygant,"47.555,7.590",1470,start
1880,P2061,Hanns Wygant,"47.555,7.590",1470,start
1881,P2062,Kathrina,"47.555,7.590",1470,start
1882,P2063,Peter Hanns Landosen,"47.555,7.590",1458,start
1883,P2064,Spalenvorstallie gmeine Cottidian,"47.555,7.590",1460,present
1884,P2065,Ennelin,"47.555,7.590",1464,end
1885,P2066,Elsin,"47.555,7.590",1464,start
1886,P2067,Ennelin Schlynäglin,"47.555,7.590",1460,present
1887,P2068,Peter Brandtz,"47.555,7.590",1460,present
1888,P2069,Heini Leymers,"47.555,7.590",1460,present
1889,P207,Andris ung,"47.555,7.590",1475,start
1890,P2070,Jodorus Seiler,"47.555,7.590",1475,present
1891,P2071,Thomas Lienh Schaler,"47.555,7.590",1456,start
1892,P2072,Margret Hanerin,"47.555,7.590",1462,present
1893,P2073,Claus Hofstetten,"47.555,7.590",1469,start
1894,P2074,Andris Wechtern,"47.555,7.590",1469,start
1895,P2075,Ennelin,"47.555,7.590",1469,start
1896,P2076,Bridlin,"47.555,7.590",1469,start
1897,P2077,Sterlin Werggass,"47.555,7.590",1465,present
1898,P2078,Peter von Meigen,"47.555,7.590",1452,end
1899,P2079,Ussel,"47.555,7.590",1452,end
1900,P208,Elsin,"47.555,7.590",1475,start
1901,P2080,Heinrich Hösslin,"47.555,7.590",1452,start
1902,P2080,Heinrich Hösslin,"47.555,7.590",1452,end
1903,P2081,Elsin,"47.555,7.590",1474,start
1904,P2082,Clausen Tschampen,"47.555,7.590",1453,present
1905,P2083,Elsen,"47.555,7.590",1453,present
1906,P2084,Claus Hermanns,"47.555,7.590",1461,present
1907,P2085,Mathis Blermeister Karlistein,"47.555,7.590",1456,start
1908,P2086,Claus Murg,"47.555,7.590",1462,end
1909,P2087,Elsi,"47.555,7.590",1462,end
1910,P2088,Peter Goltpach,"47.555,7.590",1462,start
1911,P2089,Ennelin Linßlin,"47.555,7.590",1462,start
1912,P209,Adelheiten,"47.555,7.590",1462,present
1913,P2090,Werlin Rakis,"47.555,7.590",1475,end
1914,P2091,Agnes,"47.555,7.590",1475,end
1915,P2092,Wetzel Sitor,"47.555,7.590",1475,end
1916,P2093,Heinrich Sitor,"47.555,7.590",1475,end
1917,P2094,Michel schull,"47.555,7.590",1475,start
1918,P2094,Michel Schul,"47.555,7.590",1475,start
1919,P2095,Clewi Frung,"47.555,7.590",1467,start
1920,P2096,Ennelin,"47.555,7.590",1467,start
1921,P2097,Eilsin Sidmen,"47.555,7.590",1456,start
1922,P2097,Eelsin siden,"47.555,7.590",1460,start
1923,P2098,Margret Grünenwaldin,"47.555,7.590",1475,end
1924,P2099,Agata Grünenwaldin,"47.555,7.590",1475,end
1925,P210,Wernher von Berenfels,"47.555,7.590",1453,present
1926,P210,Wernher von Berenfels,"47.555,7.590",1453,end
1927,P2100,Hanns Beringer,"47.555,7.590",1475,start
1928,P2101,Margreten,"47.555,7.590",1475,start
1929,P2102,Peter Halbherren,"47.555,7.590",1466,present
1930,P2102,Peter Halpherrn,"47.555,7.590",1466,present
1931,P2103,Ennelin Grünensteins,"47.555,7.590",1466,present
1932,P2104,Johan bawin,"47.555,7.590",1460,start
1933,P2104,Johan bawin,"47.555,7.590",1461,end
1934,P2105,haus Zscheggenbürlin,"47.555,7.590",1456,present
1935,P2105,Haus Zscheggenbürlin,"47.555,7.590",1456,start
1936,P2105,Haus Zscheggenbürlin,"47.555,7.590",1456,start
1937,P2106,,"47.555,7.590",1455,present
1938,P2107,,"47.555,7.590",1473,end
1939,P2108,Elsin,"47.555,7.590",1473,end
1940,P2109,Hanns Biberlin,"47.555,7.590",1473,start
1941,P2109,Hanns Aberlin,"47.555,7.590",1473,start
1942,P211,Heini Schmider,"47.555,7.590",1459,end
1943,P2110,Verena,"47.555,7.590",1473,start
1944,P2111,,"47.555,7.590",1456,present
1945,P2112,Agnes,"47.555,7.590",1458,end
1946,P2113,Johanns Grüsch Lienhart,"47.555,7.590",1458,start
1947,P2114,Costos zu s Peter,"47.555,7.590",1458,start
1948,P2115,Thoman Griesinger,"47.555,7.590",1457,end
1949,P2115,Thoman dreesinger,"47.555,7.590",1458,start
1950,P2116,Claus Scherner,"47.555,7.590",1450,start
1951,P2117,Scherner,"47.555,7.590",1450,start
1952,P2118,Elsa Kelsin,"47.555,7.590",1473,end
1953,P2119,Conrat Stubenweg,"47.555,7.590",1473,start
1954,P2119,Conrat Stubenweg,"47.555,7.590",1474,end
1955,P212,Clewis,"47.555,7.590",1459,end
1956,P2120,Gred Schellenbergin,"47.555,7.590",1452,start
1957,P2121,Hanns Froge,"47.555,7.590",1459,present
1958,P2122,Hans Wygand,"47.555,7.590",1453,end
1959,P2123,Oswalden an,"47.555,7.590",1453,start
1960,P2124,Conrat Kuebels,"47.555,7.590",1475,present
1961,P2125,Hermanns von Offenburg,"47.555,7.590",1475,present
1962,P2126,Hans Ulrich,"47.555,7.590",1461,end
1963,P2126,Hans lrich,"47.555,7.590",1466,start
1964,P2127,Agnesen,"47.555,7.590",1466,start
1965,P2128,Hans Vrin,"47.555,7.590",1451,start
1966,P2129,Claus Stor,"47.555,7.590",1451,end
1967,P2129,Claus Stor,"47.555,7.590",1454,end
1968,P213,Gilgen schnider,"47.555,7.590",1459,end
1969,P213,Gilg schnider,"47.555,7.590",1459,end
1970,P2130,Lienhart Malterer,"47.555,7.590",1451,start
1971,P2130,Lienhart Malterer,"47.555,7.590",1452,start
1972,P2131,fridlin Surnli,"47.555,7.590",1451,start
1973,P2132,Thoman zer Stalen,"47.555,7.590",1453,start
1974,P2133,Martin Wirz,"47.555,7.590",1461,start
1975,P2133,Martin Wirz,"47.555,7.590",1461,start
1976,P2134,Martin Langmesser,"47.555,7.590",1461,start
1977,P2134,Martin Langmesser,"47.555,7.590",1461,start
1978,P2135,Conrat Francken,"47.555,7.590",1460,start
1979,P2136,Ulrich Zuchern,"47.555,7.590",1470,start
1980,P2137,Agten,"47.555,7.590",1470,start
1981,P2138,Agnes,"47.555,7.590",1469,present
1982,P2139,Henze Meiger,"47.555,7.590",1456,end
1983,P214,Lienhart Hoger,"47.555,7.590",1459,start
1984,P2140,Adelheit,"47.555,7.590",1456,end
1985,P2141,Friderich Stümlin,"47.555,7.590",1456,start
1986,P2142,Jose Wartemberg,"47.555,7.590",1451,start
1987,P2143,Heinrich Walch,"47.555,7.590",1465,end
1988,P2143,Heinrich Walchen,"47.555,7.590",1470,start
1989,P2143,Heinrich Walchen,"47.555,7.590",1470,start
1990,P2144,Ennelin,"47.555,7.590",1465,end
1991,P2145,Wernlin Krebsen,"47.555,7.590",1465,start
1992,P2146,Margret Howensteinin,"47.555,7.590",1465,end
1993,P2146,Margred Howenstein,"47.555,7.590",1466,end
1994,P2147,Otilien,"47.555,7.590",1465,start
1995,P2148,Hansen Hirsinger,"47.555,7.590",1461,present
1996,P2149,Werlin Besserers,"47.555,7.590",1464,present
1997,P215,Greden,"47.555,7.590",1459,start
1998,P2150,Hanns Wyssen,"47.555,7.590",1457,start
1999,P2151,Peter Hanns Glockenluter,"47.555,7.590",1462,end
2000,P2152,Elsin,"47.555,7.590",1462,end
2001,P2153,,"47.555,7.590",1462,start
2002,P2154,Adelbeide,"47.555,7.590",1462,start
2003,P2155,Leonhardus Liebhart,"47.555,7.590",1461,end
2004,P2156,Lienhart Liebhart,"47.555,7.590",1461,start
2005,P2156,Lienhart Liebhart,"47.555,7.590",1464,start
2006,P2156,Lienhart Liephart,"47.555,7.590",1464,start
2007,P2157,Berchtolten Müren,"47.555,7.590",1462,start
2008,P2157,Berchtolden Mürer,"47.555,7.590",1462,start
2009,P2157,Berchtolten Mürer,"47.555,7.590",1462,start
2010,P2158,Conrat Steinegkers,"47.555,7.590",1450,present
2011,P2158,Cunrat Steinegkers,"47.555,7.590",1450,present
2012,P2159,Wygantz von Vold,"47.555,7.590",1450,present
2013,P2159,Wygantz von old,"47.555,7.590",1450,present
2014,P216,Heinrich von Benwil,"47.555,7.590",1458,present
2015,P2160,Bartholme sund,"47.555,7.590",1458,present
2016,P2161,Elsin,"47.555,7.590",1458,present
2017,P2162,Martin Huttmacher,"47.555,7.590",1467,present
2018,P2163,Berbelin Habermennin,"47.555,7.590",1474,end
2019,P2164,Conrat Bezen,"47.555,7.590",1474,end
2020,P2165,Kathrina burkbachin,"47.555,7.590",1474,start
2021,P2166,Lienhart Rumelin,"47.555,7.590",1473,end
2022,P2167,Heuslin Buser,"47.555,7.590",1473,start
2023,P2168,Greten,"47.555,7.590",1473,start
2024,P2169,Ulin Herri,"47.555,7.590",1469,start
2025,P217,Heinrich Harnaschers,"47.555,7.590",1471,present
2026,P217,Heinrich Harnasch,"47.555,7.590",1474,end
2027,P2170,Elsin,"47.555,7.590",1469,start
2028,P2171,Clowin gesslin,"47.555,7.590",1474,end
2029,P2172,Dina,"47.555,7.590",1474,end
2030,P2173,Agnes,"47.555,7.590",1474,start
2031,P2174,Hanns Selg,"47.555,7.590",1473,end
2032,P2174,Hanns Selig,"47.555,7.590",1475,end
2033,P2175,Jodoro Wideman,"47.555,7.590",1475,start
2034,P2176,Balthasar Nagel,"47.555,7.590",1466,start
2035,P2177,Frenen,"47.555,7.590",1466,start
2036,P2178,Elsin Im Hoff,"47.555,7.590",1470,end
2037,P2179,Peter Riberlin,"47.555,7.590",1470,start
2038,P218,Hanns Strübli,"47.555,7.590",1451,end
2039,P2180,Elsin,"47.555,7.590",1470,start
2040,P2181,Mart von Zessingen,"47.555,7.590",1455,start
2041,P2182,Peter Stolzherzen,"47.555,7.590",1455,present
2042,P2183,Heinrich Gesslers,"47.555,7.590",1455,present
2043,P2184,Heine Hausemans,"47.555,7.590",1461,present
2044,P2185,Luder Andresen Ospernell,"47.555,7.590",1452,present
2045,P2186,"Peter , Heygers","47.555,7.590",1452,present
2046,P2186,Peter Heygers,"47.555,7.590",1452,present
2047,P2187,Gotzen,"47.555,7.590",1452,present
2048,P2188,Margret,"47.555,7.590",1470,end
2049,P2189,Hanns Bienzen,"47.555,7.590",1470,start
2050,P219,Ennelin,"47.555,7.590",1451,end
2051,P2190,Gerdrutten,"47.555,7.590",1470,start
2052,P2191,Hans Lolin,"47.555,7.590",1475,start
2053,P2192,Eberlin Friesen,"47.555,7.590",1457,start
2054,P2193,Margreth,"47.555,7.590",1457,start
2055,P2194,Margrethen,"47.555,7.590",1466,present
2056,P2195,Claus Hasenschiesser,"47.555,7.590",1455,present
2057,P2195,Claus Hasenschiesser,"47.555,7.590",1455,present
2058,P2196,Caspar zu Ryn,"47.555,7.590",1460,end
2059,P2197,Ludwig von Gutzwil,"47.555,7.590",1460,start
2060,P2198,Oßwalden Brand,"47.555,7.590",1460,start
2061,P2199,Lienhart Wigach,"47.555,7.590",1464,present
2062,P220,Clausen Gottzschalb,"47.555,7.590",1451,start
2063,P220,Clausen Gotzschalk,"47.555,7.590",1452,start
2064,P220,Clausen Gottschalk,"47.555,7.590",1453,present
2065,P220,Clausen Gotschalck,"47.555,7.590",1456,start
2066,P220,Claus Gotschalk,"47.555,7.590",1456,end
2067,P220,Claus Gotschalk,"47.555,7.590",1456,end
2068,P220,Clausen Gottschalts,"47.555,7.590",1457,present
2069,P220,Claus Gotschalck,"47.555,7.590",1457,start
2070,P220,Clausen Gotschalck,"47.555,7.590",1457,present
2071,P220,Clausen Gottschalk,"47.555,7.590",1460,present
2072,P220,Clausen Gotschalck,"47.555,7.590",1460,start
2073,P220,Clausen Gottschalck,"47.555,7.590",1461,start
2074,P220,Claus Gotschalk,"47.555,7.590",1461,end
2075,P220,Claus Gottschalk,"47.555,7.590",1464,end
2076,P220,Clausen Gottschalk,"47.555,7.590",1464,end
2077,P220,Claus Gottsch,"47.555,7.590",1464,present
2078,P2200,Cni,"47.555,7.590",1464,present
2079,P2201,,"47.555,7.590",1454,present
2080,P2202,Hans Progantz,"47.555,7.590",1473,present
2081,P2203,Martin von Brutbach,"47.555,7.590",1461,start
2082,P2204,Lienhart Hüslers,"47.555,7.590",1455,present
2083,P2205,Reinhart frowentust,"47.555,7.590",1455,present
2084,P2206,Magdalen Eberlerin,"47.555,7.590",1451,end
2085,P2207,Heinrich Snider,"47.555,7.590",1474,end
2086,P2208,Dinlin,"47.555,7.590",1474,start
2087,P2209,Andressen Scholer,"47.555,7.590",1461,present
2088,P221,Urselen,"47.555,7.590",1451,start
2089,P2210,Osslin Mot,"47.555,7.590",1450,start
2090,P2211,Conrat Frowler,"47.555,7.590",1453,start
2091,P2212,Agnes,"47.555,7.590",1470,end
2092,P2213,Conrat Mäger,"47.555,7.590",1470,start
2093,P2214,Margret,"47.555,7.590",1470,start
2094,P2215,alten Mantzlinen,"47.555,7.590",1459,present
2095,P2216,zem aufft,"47.555,7.590",1459,present
2096,P2217,Hanns dahinden,"47.555,7.590",1471,end
2097,P2217,Hanns dahinden,"47.555,7.590",1471,end
2098,P2218,Heinrich Herri,"47.555,7.590",1471,start
2099,P2218,Heinrich Heri,"47.555,7.590",1471,start
2100,P2218,Heinrich Herri,"47.555,7.590",1472,end
2101,P2219,Clara,"47.555,7.590",1471,start
2102,P222,Niclaus Hock,"47.555,7.590",1459,end
2103,P2220,Claus sen,"47.555,7.590",1454,start
2104,P2221,Ennelin,"47.555,7.590",1454,start
2105,P2222,Friez Paule,"47.555,7.590",1474,end
2106,P2223,Berbelin,"47.555,7.590",1474,end
2107,P2224,Elsy Heidelern,"47.555,7.590",1474,start
2108,P2225,Ludman Keller,"47.555,7.590",1456,end
2109,P2225,Ludman Keller,"47.555,7.590",1456,end
2110,P2226,Rudolf vom Ramstein,"47.555,7.590",1455,start
2111,P2227,Heine Lunezgers,"47.555,7.590",1461,present
2112,P2228,Zunezgers,"47.555,7.590",1461,present
2113,P2229,Zschan pirrius,"47.555,7.590",1461,present
2114,P223,Felis,"47.555,7.590",1459,end
2115,P2230,Ennelin,"47.555,7.590",1471,present
2116,P2231,Conraten Liger,"47.555,7.590",1464,present
2117,P2232,Ennelin Steinenbruns,"47.555,7.590",1454,end
2118,P2233,Hannsen Leistmacher,"47.555,7.590",1454,start
2119,P2234,Elsen,"47.555,7.590",1454,start
2120,P2235,Benzli,"47.555,7.590",1454,start
2121,P2236,Hanns Hückermann,"47.555,7.590",1458,end
2122,P2237,Erharten von Brisach,"47.555,7.590",1458,start
2123,P2238,Eilsin,"47.555,7.590",1458,start
2124,P2239,Clewin Thurners,"47.555,7.590",1450,present
2125,P224,Thiebolt Thoman,"47.555,7.590",1459,start
2126,P224,Tieboll thoman,"47.555,7.590",1459,start
2127,P224,Thiebolt thoman,"47.555,7.590",1460,end
2128,P2240,Angnesen,"47.555,7.590",1450,present
2129,P2241,Thoman Sunnenfro,"47.555,7.590",1460,start
2130,P2242,Elsin,"47.555,7.590",1460,start
2131,P2243,Heinrich prager Rutlinger,"47.555,7.590",1450,end
2132,P2244,Greden Stengels,"47.555,7.590",1450,end
2133,P2245,Heinrich Fichsli,"47.555,7.590",1450,start
2134,P2246,Ennelin Stergels,"47.555,7.590",1450,start
2135,P2247,Hans Schaffner,"47.555,7.590",1450,start
2136,P2248,egnesen Stenglinen,"47.555,7.590",1450,start
2137,P2249,Hans Stegel,"47.555,7.590",1450,start
2138,P225,Elsin Spitzin,"47.555,7.590",1452,start
2139,P225,Elsin Spiezin,"47.555,7.590",1453,end
2140,P2250,Agnes Ganser,"47.555,7.590",1474,end
2141,P2251,Symon Ledergerwer,"47.555,7.590",1474,start
2142,P2252,Barblen,"47.555,7.590",1474,start
2143,P2253,Ennelin,"47.555,7.590",1459,end
2144,P2254,Burckarten Tuchslin,"47.555,7.590",1459,start
2145,P2255,Hannsen,"47.555,7.590",1459,start
2146,P2256,Möchlinen,"47.555,7.590",1459,present
2147,P2257,Stahels,"47.555,7.590",1459,present
2148,P2258,Yselin Mich,"47.555,7.590",1472,start
2149,P2259,Elsbeth Bischaffen,"47.555,7.590",1472,end
2150,P226,Mathysen zem Gold,"47.555,7.590",1452,present
2151,P2260,Thonower Casp,"47.555,7.590",1472,end
2152,P2261,Caspar Thouswer,"47.555,7.590",1472,end
2153,P2262,Min Gel Jselin,"47.555,7.590",1472,start
2154,P2263,Peter von Tuß,"47.555,7.590",1472,end
2155,P2264,Elsin Bischestein,"47.555,7.590",1472,end
2156,P2265,Conrat Dobler,"47.555,7.590",1456,end
2157,P2265,Conraten Dobler,"47.555,7.590",1461,start
2158,P2266,Caspar Wesselbach,"47.555,7.590",1470,start
2159,P2267,Ursalen,"47.555,7.590",1470,start
2160,P2268,Urssel,"47.555,7.590",1450,present
2161,P2269,,"47.555,7.590",1450,present
2162,P227,Conraten Wagner,"47.555,7.590",1454,present
2163,P227,Conraten Wagner,"47.555,7.590",1454,present
2164,P227,Conrat Wagner,"47.555,7.590",1454,end
2165,P2270,Schmat Johan Schmid,"47.555,7.590",1450,start
2166,P2271,Claus Wild,"47.555,7.590",1474,end
2167,P2272,Hanns Wild,"47.555,7.590",1474,end
2168,P2273,Gredlin Wilden,"47.555,7.590",1474,end
2169,P2274,Felix Barren,"47.555,7.590",1474,start
2170,P2275,Agnes Matter,"47.555,7.590",1474,start
2171,P2276,Claus Rassfer,"47.555,7.590",1455,end
2172,P2277,Margret,"47.555,7.590",1455,end
2173,P2278,heinrich von Schletstatt,"47.555,7.590",1455,start
2174,P2279,Ennelin,"47.555,7.590",1455,start
2175,P228,Elsen Brunnerin,"47.555,7.590",1454,present
2176,P228,Elsen Brunnerin,"47.555,7.590",1454,present
2177,P228,Elsin Brunnerin,"47.555,7.590",1454,end
2178,P2280,Othman Grofen,"47.555,7.590",1458,present
2179,P2280,Ottman Grofen,"47.555,7.590",1458,present
2180,P2281,Elsin,"47.555,7.590",1458,present
2181,P2282,Ursal,"47.555,7.590",1472,end
2182,P2283,Heinrich Hochgesang,"47.555,7.590",1472,start
2183,P2284,Gerdruten,"47.555,7.590",1472,start
2184,P2285,Schlaffer,"47.555,7.590",1454,present
2185,P2286,Hans,"47.555,7.590",1454,present
2186,P2287,Johanns Gerung,"47.555,7.590",1462,end
2187,P2288,Johannsen Raschinger,"47.555,7.590",1462,start
2188,P2289,Lienhart Schaler,"47.555,7.590",1456,end
2189,P229,Peter Kübler,"47.555,7.590",1471,end
2190,P2290,,"47.555,7.590",1469,start
2191,P2291,Heinrich Bomgarter,"47.555,7.590",1462,end
2192,P2292,Hannsen Vatter,"47.555,7.590",1462,start
2193,P2293,Ennelin,"47.555,7.590",1462,start
2194,P2294,Anna tufflin,"47.555,7.590",1470,end
2195,P2295,Lienhart tufelin,"47.555,7.590",1470,end
2196,P2296,Lienhart,"47.555,7.590",1470,end
2197,P2297,"Elsin , Albansberg","47.555,7.590",1470,end
2198,P2298,Michel Gallicion,"47.555,7.590",1470,start
2199,P2298,Michel Gallicion,"47.555,7.590",1471,start
2200,P2299,Adelheiten,"47.555,7.590",1470,start
2201,P230,Margret,"47.555,7.590",1471,end
2202,P2300,Anna,"47.555,7.590",1458,end
2203,P2301,Peter Hans Struben Caspom,"47.555,7.590",1458,start
2204,P2301,Peter Hans Struben Caspom,"47.555,7.590",1458,start
2205,P2302,Stesslin,"47.555,7.590",1454,end
2206,P2303,Barbaren,"47.555,7.590",1454,start
2207,P2304,Clausen von Andelo,"47.555,7.590",1454,start
2208,P2305,Ennelin,"47.555,7.590",1454,start
2209,P2306,Heuman Regesshein,"47.555,7.590",1453,end
2210,P2307,Peter Gump,"47.555,7.590",1453,start
2211,P2308,Claren,"47.555,7.590",1453,start
2212,P2309,Haus,"47.555,7.590",1450,start
2213,P231,Paulus,"47.555,7.590",1471,end
2214,P2310,Ennelin,"47.555,7.590",1450,start
2215,P2311,Andres von Walzach,"47.555,7.590",1460,end
2216,P2311,Andres von Waltpach,"47.555,7.590",1464,end
2217,P2312,Agnesen,"47.555,7.590",1460,start
2218,P2313,Hanns Krampff,"47.555,7.590",1474,end
2219,P2314,Clowin Wagner,"47.555,7.590",1474,start
2220,P2315,Hansen von Zinsal,"47.555,7.590",1472,end
2221,P2316,Barbal Richisserin,"47.555,7.590",1472,start
2222,P2317,Peter von Eptingen,"47.555,7.590",1460,present
2223,P2318,Kathrin,"47.555,7.590",1462,start
2224,P2319,Mertz Jos,"47.555,7.590",1462,start
2225,P232,Sushelm jm Steinhus,"47.555,7.590",1471,start
2226,P2320,Clara,"47.555,7.590",1472,end
2227,P2321,Ludwig Kellen,"47.555,7.590",1470,start
2228,P2321,Ludwig Keller,"47.555,7.590",1472,start
2229,P2322,Margreten,"47.555,7.590",1472,start
2230,P2323,Heinrich Sackenstein,"47.555,7.590",1452,end
2231,P2324,Heinin Schoman,"47.555,7.590",1452,start
2232,P2325,Adelheil Gantzinen,"47.555,7.590",1452,start
2233,P2326,Schönman,"47.555,7.590",1452,start
2234,P2327,Heydeler,"47.555,7.590",1463,present
2235,P2328,Durchdenwind,"47.555,7.590",1463,present
2236,P2329,Hanns,"47.555,7.590",1455,start
2237,P233,Ennelin,"47.555,7.590",1471,start
2238,P2330,Peter Beych,"47.555,7.590",1452,end
2239,P2331,Johanns Vischer,"47.555,7.590",1458,start
2240,P2331,Johans Vischer,"47.555,7.590",1461,start
2241,P2332,Hanns Grofe,"47.555,7.590",1465,end
2242,P2333,Grede Grofme,"47.555,7.590",1465,end
2243,P2334,Hein Coppler,"47.555,7.590",1453,end
2244,P2335,Cuntz Stögkli,"47.555,7.590",1453,start
2245,P2336,Göglin,"47.555,7.590",1453,start
2246,P2337,Peter Phlüger,"47.555,7.590",1453,start
2247,P2338,Nesen,"47.555,7.590",1453,start
2248,P2339,Peter Endlichs,"47.555,7.590",1471,present
2249,P234,Peter Harder,"47.555,7.590",1450,present
2250,P2340,Heinrich Endlichs,"47.555,7.590",1471,present
2251,P2341,Heinrichen Bünger,"47.555,7.590",1462,start
2252,P2342,Elsin,"47.555,7.590",1462,start
2253,P2343,Ulrich aman,"47.555,7.590",1455,end
2254,P2344,Else,"47.555,7.590",1455,end
2255,P2345,Paule Stegreiff,"47.555,7.590",1455,start
2256,P2346,Hanns Luterwin,"47.555,7.590",1462,end
2257,P2346,Hanns Luterssin,"47.555,7.590",1463,end
2258,P2346,Hanns lüterssin,"47.555,7.590",1464,start
2259,P2347,Hannsen Leistmacher,"47.555,7.590",1462,start
2260,P2347,Hannsen Leistmacher,"47.555,7.590",1463,start
2261,P2348,Hans berstmacher,"47.555,7.590",1462,start
2262,P2349,Luterwin,"47.555,7.590",1462,end
2263,P235,Andres Spermellen,"47.555,7.590",1450,present
2264,P235,Andress Spenellen,"47.555,7.590",1451,present
2265,P235,Andres Ospernell,"47.555,7.590",1451,start
2266,P235,Andres Ospernelle,"47.555,7.590",1451,start
2267,P235,Andres Ospenell,"47.555,7.590",1452,end
2268,P235,Andresen Ospernellen,"47.555,7.590",1452,present
2269,P235,Andresen Ospernell,"47.555,7.590",1452,present
2270,P235,Andress Aspenellen,"47.555,7.590",1454,present
2271,P2350,Elsin,"47.555,7.590",1473,end
2272,P2351,Margret,"47.555,7.590",1473,start
2273,P2352,Hanss von Flachslanden,"47.555,7.590",1471,end
2274,P2353,Ennelin Griesserin,"47.555,7.590",1471,start
2275,P2354,Rudolff von Ramstein,"47.555,7.590",1470,end
2276,P2355,Ludwig Ertrich,"47.555,7.590",1452,start
2277,P2356,Claus Dille,"47.555,7.590",1456,end
2278,P2357,Ennelin,"47.555,7.590",1456,end
2279,P2358,,"47.555,7.590",1456,start
2280,P2359,Heinel,"47.555,7.590",1456,start
2281,P236,Tuselin,"47.555,7.590",1460,present
2282,P2360,,"47.555,7.590",1455,start
2283,P2361,Hannsen nachwang,"47.555,7.590",1464,start
2284,P2362,Ulli Hutmachers,"47.555,7.590",1464,present
2285,P2363,Heinrich Kempfen,"47.555,7.590",1452,start
2286,P2364,Margareth,"47.555,7.590",1452,start
2287,P2365,Elsin Rieherin,"47.555,7.590",1463,present
2288,P2366,Martin Firabent,"47.555,7.590",1458,present
2289,P2367,Clausen Wetzels,"47.555,7.590",1450,present
2290,P2368,Elsi,"47.555,7.590",1471,start
2291,P2369,Agnes felsin,"47.555,7.590",1470,present
2292,P2369,Agnes Velsin,"47.555,7.590",1470,end
2293,P2369,Agnes felsin,"47.555,7.590",1473,end
2294,P237,Hans Christen,"47.555,7.590",1463,start
2295,P237,Hanns Cristan,"47.555,7.590",1463,start
2296,P237,Hannsen Cristan,"47.555,7.590",1463,start
2297,P2370,Hansen Gilgenberg,"47.555,7.590",1473,end
2298,P2371,Ennelin,"47.555,7.590",1473,start
2299,P2372,Grede Osterichen,"47.555,7.590",1457,present
2300,P2373,Henn von Binnigen,"47.555,7.590",1457,present
2301,P2374,Hanns Ulrich Keller,"47.555,7.590",1456,end
2302,P2375,Hannsen Haderer,"47.555,7.590",1456,end
2303,P2376,Marien,"47.555,7.590",1456,start
2304,P2377,Conrat Hasenman,"47.555,7.590",1461,end
2305,P2377,Conraten Hasenman,"47.555,7.590",1461,start
2306,P2377,Conraten Hasenman,"47.555,7.590",1461,start
2307,P2378,Gredlin,"47.555,7.590",1461,end
2308,P2379,Lienhart Gasser,"47.555,7.590",1461,start
2309,P238,Jacob von Velthein,"47.555,7.590",1452,end
2310,P238,Jacob Welthein,"47.555,7.590",1454,start
2311,P238,Jacob von Velthein,"47.555,7.590",1455,present
2312,P238,Jacob von Veltheim,"47.555,7.590",1455,present
2313,P238,Jacob Velthein,"47.555,7.590",1458,start
2314,P238,Jacob Velthein,"47.555,7.590",1458,start
2315,P238,Jocob Velthein,"47.555,7.590",1461,start
2316,P2380,Agnet,"47.555,7.590",1461,start
2317,P2381,Elisabeth von Protthoffen,"47.555,7.590",1460,present
2318,P2382,Conrat,"47.555,7.590",1468,end
2319,P2383,Ludwig Montpretten,"47.555,7.590",1468,end
2320,P2384,Barbara,"47.555,7.590",1468,start
2321,P2385,Elsin,"47.555,7.590",1473,end
2322,P2386,Welty gygner,"47.555,7.590",1473,start
2323,P2387,Anna,"47.555,7.590",1473,start
2324,P2388,Heinrich,"47.555,7.590",1456,present
2325,P2389,Rudin Schilling,"47.555,7.590",1454,end
2326,P2389,Rudin schilling,"47.555,7.590",1454,end
2327,P239,Hanns Haberkorn,"47.555,7.590",1461,end
2328,P239,Hanns Haberkorn,"47.555,7.590",1461,end
2329,P2390,Margreth Banmachin,"47.555,7.590",1454,start
2330,P2390,Margreth Basnachin,"47.555,7.590",1454,start
2331,P2391,Anna,"47.555,7.590",1458,end
2332,P2392,Barbelin,"47.555,7.590",1461,start
2333,P2393,Henn Leymers,"47.555,7.590",1461,present
2334,P2394,Hansen Tufels,"47.555,7.590",1461,present
2335,P2395,Heinrich Stüdlin,"47.555,7.590",1452,start
2336,P2395,Heinrichen Studlin,"47.555,7.590",1452,start
2337,P2396,Hans Soger,"47.555,7.590",1450,end
2338,P2397,Peter Wüsten,"47.555,7.590",1450,start
2339,P2397,Peter Wüst,"47.555,7.590",1451,end
2340,P2398,Eilsen Durslags,"47.555,7.590",1462,end
2341,P2399,Niclausen von Angern,"47.555,7.590",1462,start
2342,P240,Heinrich,"47.555,7.590",1461,start
2343,P2400,Elsine,"47.555,7.590",1462,start
2344,P2401,Wyganss,"47.555,7.590",1457,present
2345,P2402,Usal troschin,"47.555,7.590",1474,end
2346,P2402,Ursal tröschin,"47.555,7.590",1475,end
2347,P2403,Clausen Rephun,"47.555,7.590",1459,present
2348,P2404,Hanns vom Heyen,"47.555,7.590",1461,present
2349,P2405,Amans,"47.555,7.590",1461,present
2350,P2406,Henezmanns kochs,"47.555,7.590",1461,present
2351,P2407,Peter Hammerschmid,"47.555,7.590",1453,end
2352,P2408,Gredlin,"47.555,7.590",1453,end
2353,P2409,Anthonien Gallatzian,"47.555,7.590",1453,start
2354,P241,Haberkorn,"47.555,7.590",1461,start
2355,P2410,Adelheyden,"47.555,7.590",1453,start
2356,P2411,Heini Baslers,"47.555,7.590",1474,present
2357,P2412,Eberlis,"47.555,7.590",1474,present
2358,P2413,Hanns Rosch,"47.555,7.590",1469,end
2359,P2414,Helena,"47.555,7.590",1469,end
2360,P2415,Hanns Wagner,"47.555,7.590",1469,start
2361,P2416,Gredtlin,"47.555,7.590",1469,start
2362,P2417,Peter Breitenbach,"47.555,7.590",1454,start
2363,P2417,Peter Breitenbach,"47.555,7.590",1458,end
2364,P2418,Heinrich Byschoff,"47.555,7.590",1450,present
2365,P2418,Heinrichen Bischoff,"47.555,7.590",1450,present
2366,P2418,Heinrich Byschoff,"47.555,7.590",1450,start
2367,P2418,Heinrich Byschoff,"47.555,7.590",1450,present
2368,P2418,Heinrich Byschoff,"47.555,7.590",1450,start
2369,P2418,Heinrichen Bischoff,"47.555,7.590",1455,present
2370,P2418,Heinrich Bischoff,"47.555,7.590",1456,end
2371,P2418,Heinrich Byschoff,"47.555,7.590",1458,start
2372,P2418,Heinrich byschoff,"47.555,7.590",1461,end
2373,P2419,Mentzen,"47.555,7.590",1458,present
2374,P242,Caspar Thonower,"47.555,7.590",1470,end
2375,P242,Caspar Thonower,"47.555,7.590",1472,end
2376,P242,Caspar Tonower,"47.555,7.590",1472,end
2377,P242,Caspar Thonower,"47.555,7.590",1472,end
2378,P242,Caspar Einower,"47.555,7.590",1472,end
2379,P242,Caspar Tonower,"47.555,7.590",1472,end
2380,P242,Caspar Tenower,"47.555,7.590",1472,end
2381,P242,Caspar Lonower,"47.555,7.590",1472,end
2382,P242,Caspar Tunover,"47.555,7.590",1472,end
2383,P242,Caspar Conower,"47.555,7.590",1472,end
2384,P242,Caspar Thonower,"47.555,7.590",1472,end
2385,P242,Caspar Tunower,"47.555,7.590",1472,end
2386,P242,Caspar Tonower,"47.555,7.590",1472,end
2387,P2420,Ursula,"47.555,7.590",1456,end
2388,P2421,Heinrich Brunlin,"47.555,7.590",1454,end
2389,P2421,Heinrich brunlin,"47.555,7.590",1456,start
2390,P2421,Heinrich Bernlin,"47.555,7.590",1460,start
2391,P2421,Heinrich Brunlin,"47.555,7.590",1464,start
2392,P2422,Elsine,"47.555,7.590",1456,start
2393,P2423,egkarts turnhoupt,"47.555,7.590",1459,start
2394,P2424,Thoman,"47.555,7.590",1459,end
2395,P2425,Thoman,"47.555,7.590",1459,end
2396,P2426,Elsin,"47.555,7.590",1470,start
2397,P2427,Peter Hanns Blattner,"47.555,7.590",1473,end
2398,P2427,Peter Hans Blattner,"47.555,7.590",1473,end
2399,P2428,Jörg Hassen,"47.555,7.590",1473,start
2400,P2428,Jörg Hassen,"47.555,7.590",1473,start
2401,P2429,Kathrina Bawin,"47.555,7.590",1473,start
2402,P243,Ennelin,"47.555,7.590",1472,start
2403,P2430,Hanns Heyd,"47.555,7.590",1457,start
2404,P2431,Elsin,"47.555,7.590",1457,start
2405,P2432,Ulrich Schagk,"47.555,7.590",1460,start
2406,P2433,Stephan Stecklin,"47.555,7.590",1461,end
2407,P2434,Peter Scherers,"47.555,7.590",1463,present
2408,P2435,Clewi schüblegers,"47.555,7.590",1463,present
2409,P2436,Caspar ze Rine,"47.555,7.590",1457,end
2410,P2436,Caspar ze Rine,"47.555,7.590",1461,end
2411,P2437,Briden,"47.555,7.590",1461,end
2412,P2438,Agnesen,"47.555,7.590",1461,start
2413,P2439,Ulrich zem Walde,"47.555,7.590",1460,start
2414,P2439,Ulrich zum Wald,"47.555,7.590",1461,start
2415,P2439,Ulrich zem Walde,"47.555,7.590",1462,present
2416,P244,Rinower Caspar Thouwer,"47.555,7.590",1472,end
2417,P2440,Heinrich Hasenklow,"47.555,7.590",1457,end
2418,P2441,Ennelin,"47.555,7.590",1457,end
2419,P2442,Claus von Rastetten,"47.555,7.590",1454,end
2420,P2443,Gredlin,"47.555,7.590",1454,end
2421,P2444,Ennelin,"47.555,7.590",1454,start
2422,P2445,Bobst Dechan,"47.555,7.590",1459,start
2423,P2446,Kathrina gewin,"47.555,7.590",1473,start
2424,P2447,Leymers,"47.555,7.590",1461,present
2425,P2448,Meygenlutz,"47.555,7.590",1461,present
2426,P2449,eim dorffman,"47.555,7.590",1461,present
2427,P245,Michel Jselin,"47.555,7.590",1472,start
2428,P245,Michel Jselin,"47.555,7.590",1472,start
2429,P245,Michel Jselin,"47.555,7.590",1472,start
2430,P245,Michel Jselin,"47.555,7.590",1472,start
2431,P245,Michel Jselin,"47.555,7.590",1472,start
2432,P245,Michel Jselin,"47.555,7.590",1472,start
2433,P245,Michel Jselin,"47.555,7.590",1472,start
2434,P245,Michel Jselin,"47.555,7.590",1472,start
2435,P245,Michel Jselin,"47.555,7.590",1472,start
2436,P245,Michel Jseling,"47.555,7.590",1472,end
2437,P245,MiChel Jselin,"47.555,7.590",1472,start
2438,P245,Michel Jselin,"47.555,7.590",1472,start
2439,P245,Michel Yselin,"47.555,7.590",1472,start
2440,P245,Michel Ysenlin,"47.555,7.590",1473,present
2441,P245,Michel Jselin,"47.555,7.590",1475,start
2442,P245,Michel Jselin,"47.555,7.590",1475,start
2443,P2450,Conrat Zangkers,"47.555,7.590",1461,present
2444,P2451,Wernlin Gerspachs,"47.555,7.590",1461,present
2445,P2452,Hanns,"47.555,7.590",1463,end
2446,P2453,Anna,"47.555,7.590",1463,end
2447,P2454,Hannsen,"47.555,7.590",1463,start
2448,P2455,Agneten,"47.555,7.590",1463,start
2449,P2456,Clowin Sckinger,"47.555,7.590",1471,end
2450,P2457,Clowin bub,"47.555,7.590",1471,start
2451,P2458,Elsin,"47.555,7.590",1471,start
2452,P2459,Agnesen,"47.555,7.590",1466,start
2453,P246,Ennelin,"47.555,7.590",1472,start
2454,P2460,Agnes Tampfrirem,"47.555,7.590",1466,end
2455,P2461,Hansen Spengass,"47.555,7.590",1466,start
2456,P2462,Marx von Winpffen,"47.555,7.590",1463,end
2457,P2463,Lena,"47.555,7.590",1463,end
2458,P2464,Jacoben Meder,"47.555,7.590",1463,start
2459,P2465,Andreaspl Agnesen,"47.555,7.590",1463,start
2460,P2466,Claus Tschamppo,"47.555,7.590",1453,end
2461,P2467,Elsin,"47.555,7.590",1453,end
2462,P2468,Hannsen Melchior,"47.555,7.590",1453,start
2463,P2469,Ennelin,"47.555,7.590",1453,start
2464,P247,Michel Gelin,"47.555,7.590",1472,start
2465,P2470,Hannsen Boschen,"47.555,7.590",1453,end
2466,P2471,Böschen,"47.555,7.590",1453,end
2467,P2472,Ursula,"47.555,7.590",1461,end
2468,P2473,Henm Hüber,"47.555,7.590",1461,start
2469,P2474,Dorotheen,"47.555,7.590",1461,start
2470,P2475,jüngen Bientzen,"47.555,7.590",1464,end
2471,P2476,Hanns Seitenmacher,"47.555,7.590",1464,start
2472,P2477,Jacob von Wicker,"47.555,7.590",1461,end
2473,P2478,Walthern von Leidich,"47.555,7.590",1461,start
2474,P2479,Greden Ennelin,"47.555,7.590",1461,start
2475,P248,Elsa,"47.555,7.590",1472,start
2476,P2480,Hanns Stollen,"47.555,7.590",1475,end
2477,P2481,Hanns Fritschn,"47.555,7.590",1475,start
2478,P2482,Agnes Wittichin,"47.555,7.590",1472,end
2479,P2482,Agnes Wittichen,"47.555,7.590",1472,present
2480,P2483,Hansen von Koln,"47.555,7.590",1472,end
2481,P2484,Rudy Vogt,"47.555,7.590",1472,start
2482,P2485,Ennelin,"47.555,7.590",1472,start
2483,P2486,Conrat,"47.555,7.590",1464,end
2484,P2487,Gilgen Martin,"47.555,7.590",1463,start
2485,P2487,Gilg Martin,"47.555,7.590",1464,end
2486,P2487,Gilg Martin,"47.555,7.590",1469,end
2487,P2487,Gilg Mart,"47.555,7.590",1474,start
2488,P2488,Conrat vatt Jsen,"47.555,7.590",1464,start
2489,P2489,Morand Scholt,"47.555,7.590",1453,end
2490,P249,Elsin Bischoffen,"47.555,7.590",1472,end
2491,P249,Elsin Bischoffin,"47.555,7.590",1472,end
2492,P249,Elsin Bischoffin,"47.555,7.590",1472,start
2493,P249,Elsin Bischoffen,"47.555,7.590",1472,end
2494,P2490,Peter Blattners,"47.555,7.590",1464,present
2495,P2491,Meygers,"47.555,7.590",1464,present
2496,P2492,Eberhart Ortlins,"47.555,7.590",1462,present
2497,P2492,Eberhart Ortlins,"47.555,7.590",1464,present
2498,P2493,Heinrich Schmezen,"47.555,7.590",1472,present
2499,P2494,Ludwig mags,"47.555,7.590",1472,present
2500,P2495,Hanns Benz,"47.555,7.590",1472,end
2501,P2496,Ulrichen von Louben,"47.555,7.590",1465,start
2502,P2496,Ulrich von Loben,"47.555,7.590",1470,start
2503,P2496,Ulich von Loben,"47.555,7.590",1472,start
2504,P2497,Margret,"47.555,7.590",1472,start
2505,P2498,Elsin Mercklis,"47.555,7.590",1464,end
2506,P2499,Gerhart Steinhuser,"47.555,7.590",1464,start
2507,P250,Rebs,"47.555,7.590",1472,start
2508,P2500,Menningers,"47.555,7.590",1464,present
2509,P2501,Gerhart,"47.555,7.590",1464,start
2510,P2502,Peter Weibel,"47.555,7.590",1461,end
2511,P2503,Ulrich Hug,"47.555,7.590",1473,present
2512,P2504,Margreth,"47.555,7.590",1455,start
2513,P2505,Prion zur Engelport,"47.555,7.590",1466,present
2514,P2505,Friorin zur Engelport,"47.555,7.590",1466,present
2515,P2505,Priorin zur Engelport,"47.555,7.590",1466,present
2516,P2506,Verena,"47.555,7.590",1466,present
2517,P2507,Peter Hans Wentikern,"47.555,7.590",1450,end
2518,P2508,Claren Stehelin,"47.555,7.590",1450,start
2519,P2509,Katherine,"47.555,7.590",1463,start
2520,P251,Lienhart gernlers,"47.555,7.590",1457,present
2521,P251,Lienhart Gernler,"47.555,7.590",1459,present
2522,P2510,Clara Ringkin,"47.555,7.590",1472,end
2523,P2510,Clara Rinkin,"47.555,7.590",1472,end
2524,P2511,Conrat Hasenman,"47.555,7.590",1472,start
2525,P2511,Conrat Hasenman,"47.555,7.590",1472,start
2526,P2512,Grettlin,"47.555,7.590",1472,start
2527,P2513,Bernharten Suter,"47.555,7.590",1459,present
2528,P2513,Bernharten Suter,"47.555,7.590",1459,present
2529,P2514,Ennelin,"47.555,7.590",1460,start
2530,P2515,Lienhart Hugs,"47.555,7.590",1460,present
2531,P2516,Elsin,"47.555,7.590",1475,end
2532,P2517,Hanns von Kilchen,"47.555,7.590",1475,start
2533,P2518,Sibilla,"47.555,7.590",1475,start
2534,P2519,Peter,"47.555,7.590",1453,start
2535,P252,Genners,"47.555,7.590",1459,present
2536,P2520,Greden,"47.555,7.590",1453,start
2537,P2521,Elsin lamennen,"47.555,7.590",1465,start
2538,P2522,Anna,"47.555,7.590",1470,end
2539,P2523,Elsin,"47.555,7.590",1471,start
2540,P2524,von Richenstein,"47.555,7.590",1458,present
2541,P2525,Clara Gumpin,"47.555,7.590",1474,end
2542,P2526,Hanns Stahel,"47.555,7.590",1474,start
2543,P2526,Hanns Stahels,"47.555,7.590",1474,present
2544,P2527,Angnes Meyger,"47.555,7.590",1452,start
2545,P2528,Peters zem Blech,"47.555,7.590",1450,present
2546,P2528,Petter zum Blech,"47.555,7.590",1450,present
2547,P2528,Peters zem Blech,"47.555,7.590",1450,present
2548,P2528,Peter zem Blech,"47.555,7.590",1452,end
2549,P2529,Diebolb Nussbon,"47.555,7.590",1474,start
2550,P253,Barins,"47.555,7.590",1459,present
2551,P2530,Berschart Herre,"47.555,7.590",1472,end
2552,P2530,Bernhart Herr,"47.555,7.590",1472,end
2553,P2531,Anthoni von Wessenberg,"47.555,7.590",1472,end
2554,P2531,Anton von Wessenberg,"47.555,7.590",1472,end
2555,P2532,Susanna von Bolwyler,"47.555,7.590",1472,end
2556,P2532,Susan na von Bolwilr,"47.555,7.590",1472,end
2557,P2533,Jacob Schenken,"47.555,7.590",1472,start
2558,P2533,Jacob Schenken,"47.555,7.590",1472,start
2559,P2534,Ennelin,"47.555,7.590",1472,present
2560,P2535,"Balthasar , Hechiger","47.555,7.590",1472,present
2561,P2536,Peter Wust,"47.555,7.590",1473,end
2562,P2537,Urselin,"47.555,7.590",1473,end
2563,P2538,Lienhart Dinhut,"47.555,7.590",1473,start
2564,P2539,Peter Hurg,"47.555,7.590",1471,start
2565,P2539,Peter Hug,"47.555,7.590",1472,start
2566,P254,Conrat Mathyss,"47.555,7.590",1472,end
2567,P2540,Ennelin,"47.555,7.590",1471,start
2568,P2541,Hansen,"47.555,7.590",1463,present
2569,P2542,Lienhart Koler,"47.555,7.590",1452,end
2570,P2543,Heinrich Truter,"47.555,7.590",1452,start
2571,P2544,Margareth,"47.555,7.590",1452,start
2572,P2545,Hanns Krublin,"47.555,7.590",1452,end
2573,P2546,Wilhelinen von Mettburg,"47.555,7.590",1452,start
2574,P2547,Greden,"47.555,7.590",1452,start
2575,P2548,Hans Pfiffer,"47.555,7.590",1465,end
2576,P2549,alsman Tumringer,"47.555,7.590",1465,start
2577,P255,Veren,"47.555,7.590",1472,end
2578,P2550,Ennelin,"47.555,7.590",1465,start
2579,P2551,Sumer,"47.555,7.590",1452,end
2580,P2552,Heinrich Sider,"47.555,7.590",1452,start
2581,P2553,Hansli Blauwer,"47.555,7.590",1453,end
2582,P2554,Hannsen Kumppffel,"47.555,7.590",1453,start
2583,P2555,Ursulen,"47.555,7.590",1453,start
2584,P2556,Heyni Vischer,"47.555,7.590",1460,end
2585,P2557,Rudi,"47.555,7.590",1460,end
2586,P2558,Burk Vischer,"47.555,7.590",1460,end
2587,P2559,Verene von Heidegk,"47.555,7.590",1464,end
2588,P256,Diepolt Regishein,"47.555,7.590",1472,start
2589,P2560,Jacob von Waltpach,"47.555,7.590",1464,end
2590,P2561,Barbara,"47.555,7.590",1464,start
2591,P2562,Gerdrut,"47.555,7.590",1472,start
2592,P2563,Wesalen,"47.555,7.590",1472,end
2593,P2564,Ussal,"47.555,7.590",1472,end
2594,P2565,Jo Schonwette,"47.555,7.590",1456,start
2595,P2565,Joh Schönwetter,"47.555,7.590",1457,start
2596,P2566,Heinrich,"47.555,7.590",1463,present
2597,P2567,Wilhelins,"47.555,7.590",1463,present
2598,P2568,Ennelin,"47.555,7.590",1470,present
2599,P2569,Ulrich Vischers,"47.555,7.590",1463,present
2600,P257,Dorothea,"47.555,7.590",1472,start
2601,P2570,Dietrich von Ringks,"47.555,7.590",1463,present
2602,P2571,Verly Rackyss,"47.555,7.590",1475,end
2603,P2572,Agnes,"47.555,7.590",1475,end
2604,P2573,Johannes Waffenhein,"47.555,7.590",1464,end
2605,P2574,Johansen Gutzar,"47.555,7.590",1464,start
2606,P2575,Agnes,"47.555,7.590",1470,end
2607,P2576,Conrad von Altingen,"47.555,7.590",1470,start
2608,P2577,Hans Graff,"47.555,7.590",1470,present
2609,P2578,Eghart turenhoff,"47.555,7.590",1457,start
2610,P2579,Eilsme,"47.555,7.590",1457,start
2611,P258,Ennelin Malers,"47.555,7.590",1452,present
2612,P258,Ennelin Mallers,"47.555,7.590",1452,start
2613,P2580,Leonhart Malterer,"47.555,7.590",1459,present
2614,P2580,Lienhart Malterer,"47.555,7.590",1461,end
2615,P2581,Henslin plorer,"47.555,7.590",1456,end
2616,P2582,Hannsen Zwinger,"47.555,7.590",1456,start
2617,P2582,Hannsen Zwinger,"47.555,7.590",1456,start
2618,P2583,Else Reberin,"47.555,7.590",1462,end
2619,P2584,Hansen Segesser,"47.555,7.590",1462,start
2620,P2585,Elsen,"47.555,7.590",1462,start
2621,P2586,Conrat Langger,"47.555,7.590",1461,start
2622,P2587,Ursald,"47.555,7.590",1470,end
2623,P2588,Ennelin,"47.555,7.590",1470,start
2624,P2589,Ennelin Meygerin,"47.555,7.590",1456,end
2625,P259,Niclaus von Settstatt,"47.555,7.590",1461,end
2626,P2590,Conrat Böchli,"47.555,7.590",1456,start
2627,P2591,Barbeln,"47.555,7.590",1456,start
2628,P2592,Anteng Brand,"47.555,7.590",1473,end
2629,P2593,Elsin,"47.555,7.590",1473,end
2630,P2594,Erhart Sunlin,"47.555,7.590",1473,start
2631,P2595,Magdalena,"47.555,7.590",1473,start
2632,P2596,Peters von Eptingen,"47.555,7.590",1470,present
2633,P2596,Peters von Eptingen,"47.555,7.590",1473,present
2634,P2597,von Andlo,"47.555,7.590",1473,present
2635,P2598,Clausen Rezen,"47.555,7.590",1465,present
2636,P2599,Johannes,"47.555,7.590",1457,start
2637,P260,Cristin burckartz,"47.555,7.590",1461,start
2638,P260,Cristan Burkartz,"47.555,7.590",1464,start
2639,P2600,Johannes,"47.555,7.590",1457,start
2640,P2601,Jschampirris,"47.555,7.590",1460,present
2641,P2602,Snabel,"47.555,7.590",1457,start
2642,P2603,Werlin Weger,"47.555,7.590",1472,end
2643,P2604,Henman,"47.555,7.590",1472,end
2644,P2605,Gretlin Weger,"47.555,7.590",1472,end
2645,P2606,fischern,"47.555,7.590",1472,end
2646,P2607,Hanns Gallus,"47.555,7.590",1472,end
2647,P2608,Ennelin Boder,"47.555,7.590",1472,end
2648,P2609,Peter Colmar,"47.555,7.590",1472,start
2649,P2609,Peter Kolmar,"47.555,7.590",1473,end
2650,P261,Bidermennin,"47.555,7.590",1461,present
2651,P2610,Ennelin Clmar,"47.555,7.590",1472,start
2652,P2611,"Eilsin , Grüningerin","47.555,7.590",1463,end
2653,P2612,Conrat Mathis,"47.555,7.590",1463,start
2654,P2612,Conrat Mathisen,"47.555,7.590",1463,start
2655,P2613,Verenen,"47.555,7.590",1463,start
2656,P2614,Bartlome Gonterfecher,"47.555,7.590",1468,present
2657,P2614,Bartlome Gonterfechers,"47.555,7.590",1468,present
2658,P2615,Clewi,"47.555,7.590",1459,end
2659,P2616,Barkharten Spennin,"47.555,7.590",1459,start
2660,P2617,Verenen spemm,"47.555,7.590",1459,start
2661,P2618,Hannsen Rauezen,"47.555,7.590",1453,start
2662,P2619,Grachlin Hötzlin,"47.555,7.590",1453,start
2663,P262,Martin Jeger,"47.555,7.590",1453,end
2664,P2620,,"47.555,7.590",1463,end
2665,P2621,Enneln von Rinach,"47.555,7.590",1463,start
2666,P2622,Felsin,"47.555,7.590",1472,end
2667,P2623,Ennelin,"47.555,7.590",1472,start
2668,P2624,Verenli,"47.555,7.590",1471,end
2669,P2625,Heini Biderman,"47.555,7.590",1471,start
2670,P2626,Gerdrut,"47.555,7.590",1471,start
2671,P2627,Elsin,"47.555,7.590",1471,start
2672,P2628,Eilse Grüningerin,"47.555,7.590",1463,end
2673,P2629,Hannsen mossmans,"47.555,7.590",1463,end
2674,P263,Heinrich Better,"47.555,7.590",1453,start
2675,P2630,Peters Butzen,"47.555,7.590",1450,present
2676,P2630,Peters Butzen,"47.555,7.590",1450,present
2677,P2631,Wiler Hansen Damwald,"47.555,7.590",1450,present
2678,P2632,Lorentz Teüffers,"47.555,7.590",1462,present
2679,P2633,Oswald Brand,"47.555,7.590",1470,present
2680,P2634,Gredlin Spilmans,"47.555,7.590",1470,present
2681,P2634,Gredlin Spilmans,"47.555,7.590",1475,present
2682,P2635,Chuni Tüfels,"47.555,7.590",1470,present
2683,P2635,Chuni Tufels,"47.555,7.590",1475,present
2684,P2636,Verena,"47.555,7.590",1474,end
2685,P2637,Lienhart Marrer,"47.555,7.590",1474,start
2686,P2638,Dinlin,"47.555,7.590",1474,start
2687,P2639,Hanns Smit,"47.555,7.590",1463,end
2688,P264,Peters,"47.555,7.590",1451,start
2689,P2640,Ennelin,"47.555,7.590",1463,end
2690,P2641,Heinrichen,"47.555,7.590",1463,start
2691,P2642,Esslinger,"47.555,7.590",1464,end
2692,P2643,Esslinger,"47.555,7.590",1464,end
2693,P2644,,"47.555,7.590",1472,end
2694,P2645,Hansen von Telsperg,"47.555,7.590",1450,start
2695,P2646,husdaz Stehelis,"47.555,7.590",1450,present
2696,P2647,Peter Hanns von Biel,"47.555,7.590",1463,end
2697,P2648,Agnes frym,"47.555,7.590",1463,start
2698,P2649,Rudy Beytis,"47.555,7.590",1475,present
2699,P265,Ullin Loser,"47.555,7.590",1451,end
2700,P2650,Hanns Strowmeiger,"47.555,7.590",1472,end
2701,P2650,Hanns Stromeiger,"47.555,7.590",1475,end
2702,P2651,Matis Hartlieb,"47.555,7.590",1472,start
2703,P2651,Mathis Hartlieb,"47.555,7.590",1475,start
2704,P2652,Margret,"47.555,7.590",1472,start
2705,P2653,Eilsin mit,"47.555,7.590",1463,end
2706,P2654,Elsin,"47.555,7.590",1451,start
2707,P2655,Barbelen,"47.555,7.590",1460,end
2708,P2656,,"47.555,7.590",1460,end
2709,P2657,Hanns,"47.555,7.590",1460,end
2710,P2658,Jergen Albrechten,"47.555,7.590",1460,start
2711,P2659,Hanns von Heidelberg,"47.555,7.590",1473,end
2712,P266,Hedin,"47.555,7.590",1451,end
2713,P2660,Ennelin,"47.555,7.590",1473,start
2714,P2661,Peter Gilgenstein,"47.555,7.590",1468,present
2715,P2662,Margret,"47.555,7.590",1471,end
2716,P2663,Adam Krydwyss,"47.555,7.590",1471,start
2717,P2664,Agnesen,"47.555,7.590",1471,start
2718,P2665,Conrat storei,"47.555,7.590",1461,start
2719,P2666,Enns lin,"47.555,7.590",1461,start
2720,P2666,Ennes lin,"47.555,7.590",1465,start
2721,P2666,Ennes lin,"47.555,7.590",1466,end
2722,P2667,Hans Negelin,"47.555,7.590",1463,present
2723,P2668,Pfirters,"47.555,7.590",1463,present
2724,P2669,Heinrich Bolss,"47.555,7.590",1452,end
2725,P267,Heinrichen Halbysen,"47.555,7.590",1450,start
2726,P267,Heinrich Halbysen,"47.555,7.590",1450,end
2727,P267,Heinrichen Halbysen,"47.555,7.590",1450,start
2728,P267,Heinrich Halbysen,"47.555,7.590",1450,start
2729,P267,Heinrich Halbysen,"47.555,7.590",1451,start
2730,P267,Heinrich Halbysen,"47.555,7.590",1455,present
2731,P267,Heinrich Hafbysen,"47.555,7.590",1456,start
2732,P267,Heinrichen Halbisen,"47.555,7.590",1457,start
2733,P267,Heinrichs Halbysen,"47.555,7.590",1458,end
2734,P267,heinrich halbysen,"47.555,7.590",1458,end
2735,P267,Heinrich Halbisen,"47.555,7.590",1458,end
2736,P267,Heinrich Halbysen,"47.555,7.590",1458,end
2737,P267,Heinrich Halbysen,"47.555,7.590",1458,end
2738,P267,Heinrich Halbisen,"47.555,7.590",1459,start
2739,P267,Heinrich Halbislin,"47.555,7.590",1459,start
2740,P267,Heinrich Halbssen,"47.555,7.590",1461,end
2741,P2670,Hannsen Lotzinger,"47.555,7.590",1452,start
2742,P2671,Verenen,"47.555,7.590",1452,start
2743,P2672,Sunderstorfs,"47.555,7.590",1454,present
2744,P2673,Peter Schützen,"47.555,7.590",1450,present
2745,P2674,Burcki von Nünkilchs,"47.555,7.590",1450,present
2746,P2675,Erharten,"47.555,7.590",1460,start
2747,P2676,Elsin,"47.555,7.590",1464,start
2748,P2677,Lie Augustiner,"47.555,7.590",1457,end
2749,P2678,Henslin von Landon,"47.555,7.590",1463,start
2750,P2679,Merzen,"47.555,7.590",1463,start
2751,P268,Clowin Mosin,"47.555,7.590",1472,end
2752,P2680,Claus Arnhusser,"47.555,7.590",1450,start
2753,P2681,Claus von Ulm,"47.555,7.590",1450,end
2754,P2681,Claus von Ulm,"47.555,7.590",1450,end
2755,P2682,,"47.555,7.590",1450,start
2756,P2683,Barblen,"47.555,7.590",1450,start
2757,P2684,Werlin Besserer,"47.555,7.590",1456,end
2758,P2684,Werdin Besser,"47.555,7.590",1458,end
2759,P2685,Hanns,"47.555,7.590",1456,start
2760,P2686,Merzin Negelin,"47.555,7.590",1453,start
2761,P2687,Peter Mathisen,"47.555,7.590",1462,present
2762,P2687,Peter Mathis,"47.555,7.590",1462,end
2763,P2687,Peter Mathysen,"47.555,7.590",1462,present
2764,P2687,Peter Mathis,"47.555,7.590",1463,present
2765,P2687,Peter Mathis,"47.555,7.590",1463,start
2766,P2687,Peter Mathys,"47.555,7.590",1463,start
2767,P2687,Peter Mathys,"47.555,7.590",1463,end
2768,P2688,Lienhart,"47.555,7.590",1461,start
2769,P2689,Anna,"47.555,7.590",1470,end
2770,P269,Elsin von Pfirt,"47.555,7.590",1472,start
2771,P2690,Werlin Meyglin,"47.555,7.590",1470,start
2772,P2691,Ursalen,"47.555,7.590",1470,start
2773,P2692,Hanns Herweg,"47.555,7.590",1452,start
2774,P2693,Conrat,"47.555,7.590",1451,end
2775,P2694,Jacob Weger,"47.555,7.590",1451,end
2776,P2695,Hein Geger,"47.555,7.590",1451,start
2777,P2696,Hans Butz,"47.555,7.590",1461,end
2778,P2696,Hans Butz,"47.555,7.590",1462,end
2779,P2697,Else,"47.555,7.590",1461,end
2780,P2698,Stephann Vischlin,"47.555,7.590",1461,start
2781,P2699,Peter Meder,"47.555,7.590",1469,end
2782,P2699,Peter Meder,"47.555,7.590",1470,end
2783,P270,Adelheid Gebhartin,"47.555,7.590",1452,end
2784,P2700,Clar Enderlin,"47.555,7.590",1468,present
2785,P2700,Clar Mederin,"47.555,7.590",1469,end
2786,P2700,Clara Mederin,"47.555,7.590",1470,start
2787,P2701,,"47.555,7.590",1458,present
2788,P2702,Claus von tonsel,"47.555,7.590",1463,end
2789,P2702,Claus von tonsel,"47.555,7.590",1464,end
2790,P2703,Heman Gredelers,"47.555,7.590",1464,start
2791,P2704,Vesal,"47.555,7.590",1471,start
2792,P2705,Briden,"47.555,7.590",1465,present
2793,P2706,Peter zem Luft,"47.555,7.590",1450,start
2794,P2707,Grass,"47.555,7.590",1450,present
2795,P2708,Blenner,"47.555,7.590",1450,present
2796,P2709,Setter Butzen,"47.555,7.590",1450,present
2797,P271,Hanns Wickelin,"47.555,7.590",1463,end
2798,P271,Hanns Bickelin,"47.555,7.590",1464,start
2799,P271,Hannsen bickelin,"47.555,7.590",1464,start
2800,P2710,Hanns Thüring,"47.555,7.590",1453,start
2801,P2711,Agnes GeberStorffin,"47.555,7.590",1453,start
2802,P2712,Paulus Hirsinger,"47.555,7.590",1461,start
2803,P2712,Paulus Hirsinger,"47.555,7.590",1466,start
2804,P2713,Bartholme Gunterfeyer,"47.555,7.590",1458,start
2805,P2714,Petrisame,"47.555,7.590",1458,start
2806,P2715,Catharina,"47.555,7.590",1468,present
2807,P2716,Henrioris Berward,"47.555,7.590",1468,present
2808,P2717,Hanns von Wurns,"47.555,7.590",1468,start
2809,P2717,Hannsen von Wurms,"47.555,7.590",1468,start
2810,P2718,Elssin,"47.555,7.590",1468,start
2811,P2719,Hanns Wurms,"47.555,7.590",1468,start
2812,P272,,"47.555,7.590",1463,end
2813,P2720,Hanns alt,"47.555,7.590",1470,end
2814,P2721,Jörgen & Berbelin,"47.555,7.590",1470,start
2815,P2722,Hanns Zoller,"47.555,7.590",1456,present
2816,P2723,Hannsen Hrten,"47.555,7.590",1465,present
2817,P2723,Hanns Harsten,"47.555,7.590",1469,present
2818,P2723,Hans Harst,"47.555,7.590",1469,present
2819,P2724,Altende Herberg,"47.555,7.590",1474,end
2820,P2725,Heini Meyger,"47.555,7.590",1474,start
2821,P2726,Agnesen,"47.555,7.590",1474,start
2822,P2727,Hansen Muntzingers,"47.555,7.590",1474,present
2823,P2728,Swellingerin,"47.555,7.590",1474,present
2824,P2729,hanns Rippelaulis,"47.555,7.590",1463,present
2825,P273,Hannsen von Heilprum,"47.555,7.590",1463,start
2826,P273,Hannsen von Heiltpimus,"47.555,7.590",1463,present
2827,P273,Hannsen von Heiltpruns,"47.555,7.590",1463,present
2828,P2730,Elsin Rieherin,"47.555,7.590",1475,present
2829,P2731,Hans Riecher,"47.555,7.590",1450,end
2830,P2731,Hans Rieher,"47.555,7.590",1453,start
2831,P2731,Hanns Rieher,"47.555,7.590",1453,end
2832,P2732,Margret,"47.555,7.590",1469,end
2833,P2733,Hanns Rotysin,"47.555,7.590",1469,start
2834,P2734,Elsin,"47.555,7.590",1469,start
2835,P2735,Sumers,"47.555,7.590",1469,present
2836,P2736,Mülynen,"47.555,7.590",1469,present
2837,P2737,Hirsinger,"47.555,7.590",1450,start
2838,P2738,Hans Hersinger,"47.555,7.590",1450,start
2839,P2739,Agnes,"47.555,7.590",1464,end
2840,P274,Ennelin,"47.555,7.590",1463,start
2841,P2740,Verenen Leichnet,"47.555,7.590",1455,present
2842,P2741,Peter Kunezen,"47.555,7.590",1457,start
2843,P2742,Agnes,"47.555,7.590",1457,start
2844,P2743,Sunderstorff,"47.555,7.590",1454,end
2845,P2744,Gredlin,"47.555,7.590",1452,end
2846,P2745,Hans Biderman,"47.555,7.590",1469,end
2847,P2746,Gred,"47.555,7.590",1469,end
2848,P2747,Peter Bessrer,"47.555,7.590",1469,start
2849,P2748,Agnes,"47.555,7.590",1457,start
2850,P2749,Johanns von Luczern,"47.555,7.590",1457,present
2851,P275,Heinrich Zschan,"47.555,7.590",1456,end
2852,P275,Heinrich Zschan,"47.555,7.590",1459,end
2853,P2750,Bobst zu s Morant,"47.555,7.590",1457,present
2854,P2751,Ulrich Frierstich,"47.555,7.590",1456,end
2855,P2752,Agnes,"47.555,7.590",1456,start
2856,P2753,Lienhart Einfallig,"47.555,7.590",1464,start
2857,P2754,Dorotheen,"47.555,7.590",1464,start
2858,P2755,Heinrich Rych,"47.555,7.590",1472,end
2859,P2756,,"47.555,7.590",1472,start
2860,P2757,Ennelin,"47.555,7.590",1472,start
2861,P2758,Elsin,"47.555,7.590",1474,end
2862,P2759,Anderis Bischoff,"47.555,7.590",1474,start
2863,P2759,Anders Bischoff,"47.555,7.590",1474,start
2864,P276,Hannsen Schaffner,"47.555,7.590",1451,start
2865,P276,Hanns Schaffner,"47.555,7.590",1456,end
2866,P276,Hanns Schaffner,"47.555,7.590",1456,end
2867,P2760,Barbara,"47.555,7.590",1474,start
2868,P2761,Eilse Ringler,"47.555,7.590",1454,end
2869,P2762,Claus rocklin,"47.555,7.590",1454,start
2870,P2763,Else,"47.555,7.590",1454,end
2871,P2764,Clara,"47.555,7.590",1454,start
2872,P2765,Harst,"47.555,7.590",1461,end
2873,P2766,Greden Kasten,"47.555,7.590",1452,present
2874,P2767,Ulrich von Tübingen,"47.555,7.590",1463,present
2875,P2768,Elss Rieherin Hermann Hanss,"47.555,7.590",1475,start
2876,P2769,Hansen Rübers,"47.555,7.590",1475,present
2877,P277,Conrat Wittich,"47.555,7.590",1456,start
2878,P2770,alten Zustas,"47.555,7.590",1475,present
2879,P2771,,"47.555,7.590",1461,end
2880,P2772,Oerlin fachnig,"47.555,7.590",1461,start
2881,P2773,Eneline,"47.555,7.590",1461,start
2882,P2774,Felspergs,"47.555,7.590",1461,present
2883,P2775,Strassburgers,"47.555,7.590",1461,present
2884,P2776,Margreten von Fryburg,"47.555,7.590",1471,start
2885,P2777,Fridli Heltprimm,"47.555,7.590",1453,start
2886,P2778,Berchtolten Weybel,"47.555,7.590",1456,start
2887,P2779,Elsin,"47.555,7.590",1456,start
2888,P278,Erharten zem roten Hut,"47.555,7.590",1456,start
2889,P2780,Henrich,"47.555,7.590",1457,present
2890,P2781,Tüselin,"47.555,7.590",1460,end
2891,P2782,,"47.555,7.590",1460,start
2892,P2783,Barbalen,"47.555,7.590",1460,start
2893,P2784,Berchtold Suberhart,"47.555,7.590",1462,end
2894,P2784,Berchtold Seberhart,"47.555,7.590",1462,start
2895,P2785,Angnes,"47.555,7.590",1462,end
2896,P2786,Hansen von Kouffenberg,"47.555,7.590",1462,start
2897,P2787,Hanns Rockenburer,"47.555,7.590",1457,end
2898,P2788,Anna,"47.555,7.590",1457,end
2899,P2789,Agnesen Vassnachtin,"47.555,7.590",1457,start
2900,P279,Marz Helffant,"47.555,7.590",1455,end
2901,P2790,Caspar von Schönow,"47.555,7.590",1470,start
2902,P2791,Werlin Sifrid,"47.555,7.590",1471,end
2903,P2792,Hannsen,"47.555,7.590",1471,start
2904,P2793,Ennelin,"47.555,7.590",1471,start
2905,P2794,Steffan Wysse,"47.555,7.590",1460,start
2906,P2795,Johanns burckardi,"47.555,7.590",1458,end
2907,P2796,Claus Brandenburg,"47.555,7.590",1458,start
2908,P2797,Adam sunt,"47.555,7.590",1458,start
2909,P2798,Margreden,"47.555,7.590",1458,start
2910,P2799,Hanns Flach,"47.555,7.590",1450,present
2911,P280,Conrat von Louffen,"47.555,7.590",1455,start
2912,P280,Conrat von Louffen,"47.555,7.590",1455,start
2913,P280,Conrat von Louffen,"47.555,7.590",1455,end
2914,P2800,Elsin,"47.555,7.590",1450,present
2915,P2801,Peterhanns,"47.555,7.590",1450,end
2916,P2802,CuntzliKrafften,"47.555,7.590",1458,start
2917,P2803,Peter Ganser,"47.555,7.590",1471,end
2918,P2804,Hanns Müller,"47.555,7.590",1471,start
2919,P2805,Margreten,"47.555,7.590",1471,start
2920,P2806,Hanns Heinrich Sutter,"47.555,7.590",1464,end
2921,P2807,Margret,"47.555,7.590",1464,end
2922,P2808,Hanns Ostersswalt,"47.555,7.590",1464,start
2923,P2809,Arnen,"47.555,7.590",1464,start
2924,P281,Hanns Haffner,"47.555,7.590",1473,end
2925,P2810,Ennelin Sunstern,"47.555,7.590",1475,end
2926,P2811,Hans Heinrich Sitter,"47.555,7.590",1475,end
2927,P2812,Veren Schottmannun von Sissach,"47.555,7.590",1475,start
2928,P2813,Thoman büheler,"47.555,7.590",1460,end
2929,P2814,Johannsen Morlet,"47.555,7.590",1460,start
2930,P2815,ellarten,"47.555,7.590",1460,present
2931,P2816,,"47.555,7.590",1464,present
2932,P2817,Adam,"47.555,7.590",1463,start
2933,P2818,Waltbürgen,"47.555,7.590",1463,start
2934,P2819,Mechtilt tannegkerin,"47.555,7.590",1458,end
2935,P282,Stoffel Nägel,"47.555,7.590",1473,start
2936,P2820,Johanns Husgow,"47.555,7.590",1458,start
2937,P2821,Ennelin,"47.555,7.590",1459,start
2938,P2822,Hanns Ulrich e Münchenstein,"47.555,7.590",1458,present
2939,P2822,Hanns Ulrich Münchenstein,"47.555,7.590",1459,end
2940,P2823,Claus sckinger,"47.555,7.590",1475,end
2941,P2824,Lienhart Walther,"47.555,7.590",1475,start
2942,P2825,Agnes,"47.555,7.590",1475,start
2943,P2826,Harsten,"47.555,7.590",1460,present
2944,P2827,Martin,"47.555,7.590",1463,end
2945,P2828,Clewi Rützschlin,"47.555,7.590",1463,start
2946,P2829,Mathisen Stoltzen,"47.555,7.590",1462,start
2947,P283,Elsa Locherin,"47.555,7.590",1473,start
2948,P2830,Agnes Jschand,"47.555,7.590",1471,present
2949,P2831,Vrzal Wissin,"47.555,7.590",1472,end
2950,P2832,Elsin Wissin,"47.555,7.590",1472,end
2951,P2833,Barthlome teschenmacher,"47.555,7.590",1472,end
2952,P2834,Ursalen,"47.555,7.590",1472,end
2953,P2835,Hanns tegerfelden,"47.555,7.590",1472,start
2954,P2836,Ennelin,"47.555,7.590",1472,start
2955,P2837,Jerg von Röten,"47.555,7.590",1451,end
2956,P2838,Jacob,"47.555,7.590",1451,start
2957,P2839,Heinrich zugellins,"47.555,7.590",1463,end
2958,P284,Lorenz Griesinger,"47.555,7.590",1463,end
2959,P284,Lorentzen Griesinger,"47.555,7.590",1463,present
2960,P284,Lorenz Griessinger,"47.555,7.590",1463,present
2961,P284,Lorenz Griesinger,"47.555,7.590",1463,end
2962,P284,Lorentz Gresinger,"47.555,7.590",1464,end
2963,P2840,Agnes gut,"47.555,7.590",1463,start
2964,P2841,Annen von Urach,"47.555,7.590",1455,present
2965,P2841,Annen von Urach,"47.555,7.590",1455,present
2966,P2842,Dietrich von Sennhein,"47.555,7.590",1458,end
2967,P2842,Diettrichs von Sennheim,"47.555,7.590",1463,present
2968,P2843,Ulrich,"47.555,7.590",1458,start
2969,P2844,Elsen,"47.555,7.590",1458,start
2970,P2845,Heinrich Meyger,"47.555,7.590",1453,start
2971,P2846,Heinrichen Scheltner,"47.555,7.590",1466,start
2972,P2846,Heinrichen Scheltner,"47.555,7.590",1466,present
2973,P2846,Heinrichen Scheltner,"47.555,7.590",1466,start
2974,P2847,Ennely,"47.555,7.590",1466,start
2975,P2848,Gyflewescherin,"47.555,7.590",1465,start
2976,P2849,Hans von Eschenberg,"47.555,7.590",1465,end
2977,P2849,Hansen von Eschemberg,"47.555,7.590",1465,start
2978,P285,Hanns von Veltkilch,"47.555,7.590",1463,start
2979,P2850,Thynlin Grentzingerin,"47.555,7.590",1465,start
2980,P2850,Thynlin Gretzingerin,"47.555,7.590",1465,end
2981,P2851,Hannsen,"47.555,7.590",1462,start
2982,P2852,Ennelin,"47.555,7.590",1462,start
2983,P2853,Hanns am Graben,"47.555,7.590",1461,end
2984,P2854,Claus,"47.555,7.590",1461,end
2985,P2855,Hanns Münzer,"47.555,7.590",1455,end
2986,P2856,Steffan Güfiger,"47.555,7.590",1455,start
2987,P2857,Claren,"47.555,7.590",1455,start
2988,P2858,Ursule,"47.555,7.590",1460,start
2989,P2859,Eilsin Mürer,"47.555,7.590",1463,end
2990,P286,Dorothen,"47.555,7.590",1463,start
2991,P2860,Leidurg Mürer,"47.555,7.590",1463,start
2992,P2861,Lienhart Griebe,"47.555,7.590",1463,end
2993,P2861,Lienhart Grieben,"47.555,7.590",1463,present
2994,P2862,Berchtolden Luterer,"47.555,7.590",1463,start
2995,P2863,Elisabet,"47.555,7.590",1463,start
2996,P2864,Balthasar Swiczer,"47.555,7.590",1463,end
2997,P2865,Peters zem Blech,"47.555,7.590",1462,present
2998,P2865,Peter zem Blech,"47.555,7.590",1463,start
2999,P2866,Katherine,"47.555,7.590",1463,start
3000,P2867,Hanns Heinrich Grieb,"47.555,7.590",1475,start
3001,P2868,Clara Kellerin,"47.555,7.590",1464,end
3002,P2869,Hannsen von Tringen,"47.555,7.590",1464,start
3003,P287,Jacob Lampenberg,"47.555,7.590",1451,start
3004,P287,Jacob Lampenberg,"47.555,7.590",1453,start
3005,P2870,Hennslin Hüter,"47.555,7.590",1461,end
3006,P2870,Henslin Huter,"47.555,7.590",1462,start
3007,P2871,Ennelin,"47.555,7.590",1461,end
3008,P2872,Clausen rocklin,"47.555,7.590",1461,start
3009,P2873,Peter Hanns Mörn,"47.555,7.590",1470,end
3010,P2873,Peter Hanns Morin,"47.555,7.590",1470,start
3011,P2873,Peter Hanns Mörin,"47.555,7.590",1470,end
3012,P2874,heinrich Wissen,"47.555,7.590",1470,start
3013,P2874,heinrich Wissen,"47.555,7.590",1470,present
3014,P2875,Hannsen Willing,"47.555,7.590",1463,start
3015,P2876,Gred Philippssin,"47.555,7.590",1464,end
3016,P2877,Clausen Vissler,"47.555,7.590",1464,start
3017,P2878,Hanns Rütsch,"47.555,7.590",1463,end
3018,P2879,Gredes,"47.555,7.590",1463,end
3019,P288,Agnesen,"47.555,7.590",1453,start
3020,P2880,Elsin Heberlerin,"47.555,7.590",1463,start
3021,P2881,Elsin Zellnerin,"47.555,7.590",1454,end
3022,P2882,Clewin Rülin,"47.555,7.590",1454,end
3023,P2883,Ursel Zellnerin,"47.555,7.590",1454,end
3024,P2884,Ennelin Zellnern,"47.555,7.590",1454,end
3025,P2885,Enneling Joh Meyger,"47.555,7.590",1454,start
3026,P2886,Guhie Amans von Tüsperg,"47.555,7.590",1454,start
3027,P2887,Johanns Brand,"47.555,7.590",1472,present
3028,P2888,Henns von Schorndorff,"47.555,7.590",1471,end
3029,P2889,Hanns von Coln,"47.555,7.590",1471,start
3030,P289,Caspar Hochertzen,"47.555,7.590",1461,present
3031,P2890,Else Pfefflerin,"47.555,7.590",1471,start
3032,P2891,Peter lang,"47.555,7.590",1465,end
3033,P2892,Margrede bicken,"47.555,7.590",1465,end
3034,P2893,Hannsen von ( sic,"47.555,7.590",1465,start
3035,P2894,Wilm ungessel,"47.555,7.590",1465,present
3036,P2895,Grede,"47.555,7.590",1465,present
3037,P2896,Gredlin,"47.555,7.590",1462,end
3038,P2897,Reblüten,"47.555,7.590",1462,present
3039,P2898,Johansen von Huesden,"47.555,7.590",1463,end
3040,P2899,Hannsen Gengenbachs,"47.555,7.590",1463,present
3041,P290,Berchtold Sufschartz,"47.555,7.590",1461,present
3042,P2900,Penthelins von Liebenstein,"47.555,7.590",1463,present
3043,P2900,Penthelin von Liebenstein,"47.555,7.590",1463,start
3044,P2901,Hannsen bruglinger,"47.555,7.590",1468,present
3045,P2902,Margret Bülerin,"47.555,7.590",1472,end
3046,P2903,berren die Ret,"47.555,7.590",1472,start
3047,P2904,Walther Offenburg,"47.555,7.590",1464,end
3048,P2905,frobenns,"47.555,7.590",1464,present
3049,P2906,Kuebels,"47.555,7.590",1464,present
3050,P2907,Caspar Simower,"47.555,7.590",1475,end
3051,P2908,Elsin,"47.555,7.590",1475,start
3052,P2909,Werlin,"47.555,7.590",1455,present
3053,P291,Benedictus Veltperg,"47.555,7.590",1454,end
3054,P2910,haus,"47.555,7.590",1455,present
3055,P2911,Ennelin,"47.555,7.590",1470,end
3056,P2912,Ennelin,"47.555,7.590",1470,start
3057,P2913,Peter Wolfflin,"47.555,7.590",1470,start
3058,P2913,Peter Wolfflin,"47.555,7.590",1475,start
3059,P2914,Margreten,"47.555,7.590",1470,start
3060,P2915,Cristinen,"47.555,7.590",1463,present
3061,P2916,Anastasia,"47.555,7.590",1470,end
3062,P2917,Ulrich Bekellinbern,"47.555,7.590",1470,start
3063,P2918,Kathrinen,"47.555,7.590",1470,start
3064,P2919,Peter,"47.555,7.590",1472,end
3065,P292,Peter Veltzerg,"47.555,7.590",1454,start
3066,P2920,Elsa,"47.555,7.590",1472,start
3067,P2921,Conrat Haseler,"47.555,7.590",1463,end
3068,P2922,Hanns Haseler,"47.555,7.590",1463,end
3069,P2923,Eilsin,"47.555,7.590",1463,end
3070,P2924,Heinrich francken,"47.555,7.590",1463,start
3071,P2925,Wetzel Butor,"47.555,7.590",1461,end
3072,P2926,Vren Stingellerin,"47.555,7.590",1461,end
3073,P2927,Hein rio Schaler,"47.555,7.590",1461,start
3074,P2928,Hansen Zustas,"47.555,7.590",1461,present
3075,P2928,Hansen Zustas,"47.555,7.590",1461,present
3076,P2929,Sybolt,"47.555,7.590",1463,present
3077,P293,Ulman Veltperg,"47.555,7.590",1454,start
3078,P2930,Kempsers,"47.555,7.590",1463,present
3079,P2931,Jost München,"47.555,7.590",1459,end
3080,P2932,Lienhart von Jutz lingen,"47.555,7.590",1464,end
3081,P2933,Ullis zem Herbst,"47.555,7.590",1464,present
3082,P2934,Henni Leymer,"47.555,7.590",1452,end
3083,P2935,Reynhart Meygenlist,"47.555,7.590",1452,start
3084,P2936,,"47.555,7.590",1452,present
3085,P2937,Hansen Fridrichs,"47.555,7.590",1452,present
3086,P2937,hannsen Friedrichen,"47.555,7.590",1452,present
3087,P2938,Ulrich,"47.555,7.590",1470,end
3088,P2939,Agnes,"47.555,7.590",1470,end
3089,P294,Hans Kuebel,"47.555,7.590",1450,start
3090,P2940,Magne von Mündelhen,"47.555,7.590",1469,end
3091,P2941,Erhart Reningern,"47.555,7.590",1469,start
3092,P2941,Erhart Reninger,"47.555,7.590",1474,end
3093,P2942,Agnesen,"47.555,7.590",1469,start
3094,P2943,,"47.555,7.590",1469,end
3095,P2944,Erhart Kapfenberger,"47.555,7.590",1469,start
3096,P2945,Margrethen,"47.555,7.590",1469,start
3097,P2946,Claus Martin,"47.555,7.590",1463,start
3098,P2947,Anthonis scherman,"47.555,7.590",1474,end
3099,P2948,Hannsen Rosenfeld,"47.555,7.590",1474,start
3100,P2949,Susanna,"47.555,7.590",1474,start
3101,P295,Mathyss Karlisten,"47.555,7.590",1472,end
3102,P2950,frena,"47.555,7.590",1455,end
3103,P2951,Grede,"47.555,7.590",1455,start
3104,P2952,Gyppen Hanns,"47.555,7.590",1473,start
3105,P2953,Elsin,"47.555,7.590",1473,start
3106,P2954,Conrat von Ramstein,"47.555,7.590",1475,end
3107,P2955,Elsy,"47.555,7.590",1475,start
3108,P2956,Ulrich Dingkler,"47.555,7.590",1454,end
3109,P2957,Jergen Mez,"47.555,7.590",1454,start
3110,P2958,Else Süßherrin,"47.555,7.590",1463,end
3111,P2959,Rudy,"47.555,7.590",1463,present
3112,P296,Elsin,"47.555,7.590",1472,end
3113,P2960,Agnes,"47.555,7.590",1473,end
3114,P2961,Anthoni Gerwer,"47.555,7.590",1473,start
3115,P2962,Oswalt Besserer,"47.555,7.590",1454,end
3116,P2963,Lienh Vögtlin,"47.555,7.590",1454,end
3117,P2964,Gredlin,"47.555,7.590",1454,end
3118,P2965,Heinrichen Neren,"47.555,7.590",1454,start
3119,P2966,Johan baum,"47.555,7.590",1461,end
3120,P2967,Hanss Schachund,"47.555,7.590",1465,end
3121,P2968,Ennelin Schachin,"47.555,7.590",1465,end
3122,P2969,Martin Wasserberg,"47.555,7.590",1465,start
3123,P297,Heinrich Vetter,"47.555,7.590",1472,end
3124,P2970,We nen,"47.555,7.590",1465,start
3125,P2971,Heini Swis,"47.555,7.590",1463,end
3126,P2972,Jost Senn,"47.555,7.590",1463,end
3127,P2973,Ennlin,"47.555,7.590",1463,end
3128,P2974,Nese,"47.555,7.590",1463,end
3129,P2975,alle von Altkilch,"47.555,7.590",1463,end
3130,P2976,Ulli Brucker,"47.555,7.590",1463,start
3131,P2977,Lienhart Winmanns,"47.555,7.590",1463,present
3132,P2978,Kathrina,"47.555,7.590",1469,start
3133,P2979,Caspar brülinger,"47.555,7.590",1463,start
3134,P298,Elsin,"47.555,7.590",1472,end
3135,P2980,Clare,"47.555,7.590",1463,start
3136,P2981,Hannsen Diethelm,"47.555,7.590",1452,present
3137,P2982,Angnesen Richessheynin,"47.555,7.590",1452,present
3138,P2983,Greden Swertzin,"47.555,7.590",1452,present
3139,P2984,Elsin,"47.555,7.590",1461,end
3140,P2985,Heinrich Kussnagel,"47.555,7.590",1463,end
3141,P2986,Ennelin,"47.555,7.590",1463,end
3142,P2987,Johansen Brugmeister,"47.555,7.590",1463,start
3143,P2988,Hans Zuntzger,"47.555,7.590",1450,end
3144,P2989,Hansen Löwenberg,"47.555,7.590",1450,start
3145,P299,Heinrich Spiegen,"47.555,7.590",1472,start
3146,P2990,Claus hitelin,"47.555,7.590",1458,end
3147,P2991,Schindlen,"47.555,7.590",1455,present
3148,P2992,Elsin Liespergin,"47.555,7.590",1458,present
3149,P2993,Brygden,"47.555,7.590",1458,present
3150,P2994,Usal zem Merwinder,"47.555,7.590",1473,end
3151,P2995,Rudolf Scherer,"47.555,7.590",1473,end
3152,P2995,Rudolf Scherer,"47.555,7.590",1473,end
3153,P2996,Lienhart Scherer,"47.555,7.590",1473,end
3154,P2997,Clausen Linder,"47.555,7.590",1473,start
3155,P2997,Claus Linder,"47.555,7.590",1473,start
3156,P2998,Enelin,"47.555,7.590",1473,start
3157,P2999,Martin Berner,"47.555,7.590",1464,end
3158,P300,Gilgen,"47.555,7.590",1472,start
3159,P3000,Clausen Burkart,"47.555,7.590",1464,start
3160,P3001,Anthoni Brand,"47.555,7.590",1470,start
3161,P3002,Elsin,"47.555,7.590",1470,start
3162,P3003,Peter von Andels,"47.555,7.590",1470,present
3163,P3004,Barbelin,"47.555,7.590",1461,start
3164,P3005,Gredlin Rebers,"47.555,7.590",1455,present
3165,P3006,Conrat Böse,"47.555,7.590",1459,start
3166,P3007,Lüdy Weber,"47.555,7.590",1459,start
3167,P3008,Heinrich Intern,"47.555,7.590",1469,start
3168,P3009,Clewi Mornach,"47.555,7.590",1451,end
3169,P301,Ludin Meltinger,"47.555,7.590",1459,present
3170,P3010,Agnesen von Louffen,"47.555,7.590",1462,end
3171,P3011,Bastion Trosper,"47.555,7.590",1475,start
3172,P3012,Anastasia,"47.555,7.590",1475,start
3173,P3013,Mechtilt,"47.555,7.590",1463,end
3174,P3014,Peter Wüsten,"47.555,7.590",1463,start
3175,P3014,Peter Wüsten,"47.555,7.590",1463,start
3176,P3015,Gredlin,"47.555,7.590",1458,end
3177,P3016,Sodocus Seiler,"47.555,7.590",1475,end
3178,P3017,Heing Blecher,"47.555,7.590",1475,start
3179,P3018,Elsin,"47.555,7.590",1475,start
3180,P3019,Hanns Strüblin,"47.555,7.590",1462,present
3181,P302,Eilse Fissen,"47.555,7.590",1458,end
3182,P3020,Elsine,"47.555,7.590",1462,present
3183,P3021,Ennelin,"47.555,7.590",1469,end
3184,P3022,Peter Unfern,"47.555,7.590",1469,start
3185,P3023,Agnes,"47.555,7.590",1469,start
3186,P3024,Elsin,"47.555,7.590",1474,start
3187,P3025,Agnes Neglerin,"47.555,7.590",1466,end
3188,P3025,Agnes Zieglerin,"47.555,7.590",1471,end
3189,P3026,Jost Hugen,"47.555,7.590",1471,start
3190,P3027,Ennelin,"47.555,7.590",1471,start
3191,P3028,Hermann Sattlers,"47.555,7.590",1453,present
3192,P3029,Zergeli,"47.555,7.590",1453,present
3193,P303,Michel Bader,"47.555,7.590",1458,end
3194,P303,Michel Bader,"47.555,7.590",1463,start
3195,P303,Michel Bader,"47.555,7.590",1463,end
3196,P3030,Hans Glaser,"47.555,7.590",1455,end
3197,P3031,Haus Sürer,"47.555,7.590",1452,end
3198,P3032,Gredli,"47.555,7.590",1452,end
3199,P3033,Heinrich Pfisterer,"47.555,7.590",1452,start
3200,P3034,Margarethen,"47.555,7.590",1452,start
3201,P3035,Friburg,"47.555,7.590",1456,present
3202,P3036,Hans Goldsmit,"47.555,7.590",1458,start
3203,P3037,Ennelin,"47.555,7.590",1471,present
3204,P3038,Enneline,"47.555,7.590",1462,start
3205,P3039,Kathrin,"47.555,7.590",1472,start
3206,P304,Hanns Varars,"47.555,7.590",1458,start
3207,P3040,Henslin selholzer,"47.555,7.590",1458,end
3208,P3041,Bertzschi Knopfli,"47.555,7.590",1458,end
3209,P3042,Welti Sennhuser,"47.555,7.590",1458,end
3210,P3043,Elsin knopflin,"47.555,7.590",1458,end
3211,P3044,Lienharten Löwlin,"47.555,7.590",1458,start
3212,P3045,Agnesen,"47.555,7.590",1458,start
3213,P3046,Gredli Hanns,"47.555,7.590",1458,start
3214,P3047,Cristian,"47.555,7.590",1458,start
3215,P3048,Barbaren,"47.555,7.590",1457,present
3216,P3049,albrecht Friess,"47.555,7.590",1465,end
3217,P305,Heinrichen Jungerman,"47.555,7.590",1450,start
3218,P305,Heinrich Jungerman,"47.555,7.590",1453,start
3219,P3050,Heuckers,"47.555,7.590",1458,present
3220,P3051,Rechbergerin,"47.555,7.590",1458,present
3221,P3052,Peter,"47.555,7.590",1452,start
3222,P3053,Urselin Hagts,"47.555,7.590",1452,start
3223,P3054,Henmans von Ramstein,"47.555,7.590",1452,start
3224,P3055,Johann colin,"47.555,7.590",1459,start
3225,P3055,Johanns Colin,"47.555,7.590",1462,end
3226,P3056,Ennelin,"47.555,7.590",1462,start
3227,P3057,Margret,"47.555,7.590",1460,end
3228,P3058,Thiebolten Lüpfrid,"47.555,7.590",1460,start
3229,P3059,Heinrich Kilfprand,"47.555,7.590",1462,end
3230,P306,Elsen,"47.555,7.590",1453,start
3231,P3060,Annen Hiltpandin,"47.555,7.590",1462,end
3232,P3061,Hanns Stierlin,"47.555,7.590",1462,end
3233,P3062,Conrat Stierlin,"47.555,7.590",1462,end
3234,P3063,Walther Stierlis,"47.555,7.590",1462,start
3235,P3064,Gredlin Stierli,"47.555,7.590",1462,start
3236,P3065,Mathysen,"47.555,7.590",1472,start
3237,P3066,Verena,"47.555,7.590",1472,start
3238,P3067,Thiebolt Weselin,"47.555,7.590",1458,present
3239,P3068,Gredlin,"47.555,7.590",1461,start
3240,P3069,Ennelin frigin,"47.555,7.590",1462,end
3241,P307,Martin Frommen,"47.555,7.590",1460,present
3242,P3070,Hannsen zinser,"47.555,7.590",1462,start
3243,P3071,Ulrich von Bruk,"47.555,7.590",1475,end
3244,P3072,Margret Ulmenn,"47.555,7.590",1475,start
3245,P3073,,"47.555,7.590",1458,start
3246,P3074,Anthonis von dam,"47.555,7.590",1450,end
3247,P3075,Margret,"47.555,7.590",1471,end
3248,P3076,Merius Hechinger,"47.555,7.590",1471,start
3249,P3077,Ennelin,"47.555,7.590",1471,start
3250,P3078,Hannsen,"47.555,7.590",1452,present
3251,P3079,Hannsen Krugel,"47.555,7.590",1463,start
3252,P3079,Hanns Brugel,"47.555,7.590",1464,end
3253,P308,Conraten,"47.555,7.590",1460,present
3254,P3080,Gredlin Höfelin,"47.555,7.590",1464,end
3255,P3081,Peter Höfelin,"47.555,7.590",1464,start
3256,P3082,Heinrich Höflin Hanns Winder,"47.555,7.590",1464,start
3257,P3083,Heinrichen jm Grunde,"47.555,7.590",1457,start
3258,P3084,Grede,"47.555,7.590",1457,start
3259,P3085,Elsin Amberg,"47.555,7.590",1473,end
3260,P3086,Hanns Amberg,"47.555,7.590",1473,end
3261,P3087,dretlin,"47.555,7.590",1473,start
3262,P3088,Lienhart Mörnach,"47.555,7.590",1471,end
3263,P3089,Elsin,"47.555,7.590",1471,start
3264,P309,Hanns Steinebrunns,"47.555,7.590",1457,end
3265,P3090,Feuffer,"47.555,7.590",1457,present
3266,P3091,Keppelerin,"47.555,7.590",1457,present
3267,P3092,Agnes,"47.555,7.590",1471,end
3268,P3093,Adelheit,"47.555,7.590",1471,start
3269,P3094,Rudy Meygers,"47.555,7.590",1462,present
3270,P3095,Claus breck,"47.555,7.590",1454,start
3271,P3096,Ursula,"47.555,7.590",1454,start
3272,P3097,Claus,"47.555,7.590",1456,present
3273,P3098,Peter Hanns Zschaden,"47.555,7.590",1458,end
3274,P3099,Johannsen Stouffen,"47.555,7.590",1458,start
3275,P310,Anna Steinebrum,"47.555,7.590",1457,end
3276,P3100,Ennelin,"47.555,7.590",1458,start
3277,P3101,Peter Schadenkin,"47.555,7.590",1458,end
3278,P3102,Jergen Schmeppers,"47.555,7.590",1465,present
3279,P3103,Hoffmann,"47.555,7.590",1465,present
3280,P3104,Albrecht Tries,"47.555,7.590",1465,present
3281,P3105,Johans Vogel,"47.555,7.590",1452,end
3282,P3106,Clausen Blattner,"47.555,7.590",1452,start
3283,P3107,Elsen,"47.555,7.590",1452,start
3284,P3108,,"47.555,7.590",1455,end
3285,P3109,Gredlin,"47.555,7.590",1455,start
3286,P311,Hannsen Wigant,"47.555,7.590",1457,end
3287,P3110,Ennelin Richtnagelin,"47.555,7.590",1458,present
3288,P3110,Ennelin richtnagelin,"47.555,7.590",1458,end
3289,P3110,Ennelin Richtnagelin,"47.555,7.590",1461,present
3290,P3111,Elsi von Masmunster,"47.555,7.590",1456,end
3291,P3112,Clewi stellen,"47.555,7.590",1456,start
3292,P3113,Elsen,"47.555,7.590",1452,start
3293,P3114,Hanns Wagner,"47.555,7.590",1463,end
3294,P3115,Agnes Hausmennin,"47.555,7.590",1463,end
3295,P3116,Hannsen Berchtolt,"47.555,7.590",1463,start
3296,P3117,Blesin Winsperg,"47.555,7.590",1452,end
3297,P3118,Margareth,"47.555,7.590",1452,end
3298,P3119,Agnes,"47.555,7.590",1452,start
3299,P312,Agnesen Sopplerin,"47.555,7.590",1457,start
3300,P312,Agnes sopplerin,"47.555,7.590",1457,end
3301,P3120,Elsin,"47.555,7.590",1461,end
3302,P3121,Hannsen phrost,"47.555,7.590",1452,start
3303,P3122,Magdalenen,"47.555,7.590",1452,start
3304,P3123,Otte Lude,"47.555,7.590",1457,start
3305,P3124,Ennelin,"47.555,7.590",1457,start
3306,P3125,Oßwalt Stroglis,"47.555,7.590",1464,present
3307,P3126,Hansen Brombachs,"47.555,7.590",1464,present
3308,P3127,Ulrich,"47.555,7.590",1460,end
3309,P3128,Else,"47.555,7.590",1460,end
3310,P3129,Clew Muygen,"47.555,7.590",1460,start
3311,P313,Peter,"47.555,7.590",1462,end
3312,P3130,Elsin,"47.555,7.590",1460,start
3313,P3131,Vi Habertrs,"47.555,7.590",1457,present
3314,P3132,Hirsingers,"47.555,7.590",1457,present
3315,P3133,Conrat Schlebiger,"47.555,7.590",1473,present
3316,P3134,Jacobs,"47.555,7.590",1473,present
3317,P3135,Claus Krusen,"47.555,7.590",1460,present
3318,P3136,Heitzmann Stisen,"47.555,7.590",1460,present
3319,P3137,Claus Buoman,"47.555,7.590",1472,start
3320,P3138,Dorothea,"47.555,7.590",1472,start
3321,P3139,Walther sechslin,"47.555,7.590",1471,end
3322,P314,Gredlin,"47.555,7.590",1462,end
3323,P3140,Ennelin,"47.555,7.590",1471,end
3324,P3141,Lienhart Goldschmid,"47.555,7.590",1471,start
3325,P3142,Margreten,"47.555,7.590",1471,start
3326,P3143,Elsin Suterlin,"47.555,7.590",1472,start
3327,P3144,Hans von der Schwellen,"47.555,7.590",1470,end
3328,P3145,Adel heit,"47.555,7.590",1470,end
3329,P3146,conrat Stugki,"47.555,7.590",1450,end
3330,P3147,Elsin,"47.555,7.590",1450,end
3331,P3148,Thürli Sutzlingern,"47.555,7.590",1450,end
3332,P3149,Heuslin Blärer,"47.555,7.590",1450,start
3333,P315,Hansen Loubers,"47.555,7.590",1462,start
3334,P3150,Adelheiten,"47.555,7.590",1456,present
3335,P3151,Johannes Harr,"47.555,7.590",1471,start
3336,P3152,Barbara,"47.555,7.590",1471,start
3337,P3153,Conrat von Berenfeib,"47.555,7.590",1454,end
3338,P3153,Conrat von Berenfels,"47.555,7.590",1455,end
3339,P3154,Dretherch Mürer,"47.555,7.590",1454,start
3340,P3155,Agnes woler Urbann,"47.555,7.590",1458,start
3341,P3156,hanns von Heilprimm,"47.555,7.590",1469,end
3342,P3157,Ennelin,"47.555,7.590",1469,end
3343,P3158,Andris Peter,"47.555,7.590",1469,start
3344,P3159,Eilien,"47.555,7.590",1469,start
3345,P316,Gredlin Zschudins,"47.555,7.590",1462,start
3346,P3160,Orin,"47.555,7.590",1469,present
3347,P3161,Magdalenen Rydlin,"47.555,7.590",1469,present
3348,P3162,Schlaffer,"47.555,7.590",1466,present
3349,P3163,Hans,"47.555,7.590",1466,present
3350,P3164,Barbara von Hopffgarten,"47.555,7.590",1473,start
3351,P3164,Barbara von Hopffgarten,"47.555,7.590",1473,start
3352,P3165,Margret,"47.555,7.590",1471,start
3353,P3166,Hannsen Alten,"47.555,7.590",1457,start
3354,P3167,Gredlin,"47.555,7.590",1457,start
3355,P3168,Hannsenenberg,"47.555,7.590",1460,start
3356,P3169,Amberg,"47.555,7.590",1460,present
3357,P317,Peter Müllers,"47.555,7.590",1462,start
3358,P3170,blechers,"47.555,7.590",1460,present
3359,P3171,Ennglin Duglich,"47.555,7.590",1465,end
3360,P3172,Thiebolden Wäselin,"47.555,7.590",1465,start
3361,P3173,Annen,"47.555,7.590",1465,start
3362,P3174,Cuntzlin,"47.555,7.590",1465,start
3363,P3175,Bartholome sindlin,"47.555,7.590",1463,end
3364,P3176,Agnes,"47.555,7.590",1463,end
3365,P3177,Johans Altorff,"47.555,7.590",1460,start
3366,P3177,Johanns Altorff,"47.555,7.590",1460,present
3367,P3178,Elsin Aller,"47.555,7.590",1471,end
3368,P3179,Hanns Ulepus,"47.555,7.590",1471,end
3369,P318,Elsen Schmidin,"47.555,7.590",1462,start
3370,P3180,,"47.555,7.590",1471,start
3371,P3181,Ennelin fronen,"47.555,7.590",1471,start
3372,P3182,Hanns Rützschlin,"47.555,7.590",1457,end
3373,P3183,Clausen Herlprum,"47.555,7.590",1457,start
3374,P3184,Hannsen Fridman,"47.555,7.590",1456,start
3375,P3185,Elsine,"47.555,7.590",1456,start
3376,P3186,Hanns,"47.555,7.590",1473,end
3377,P3187,Margret,"47.555,7.590",1473,end
3378,P3188,Hanns Lippen,"47.555,7.590",1473,start
3379,P3189,Ennelin,"47.555,7.590",1473,start
3380,P319,Claus & Hans Herren,"47.555,7.590",1450,start
3381,P319,Claus & Hans Herren,"47.555,7.590",1450,start
3382,P3190,Hannsen,"47.555,7.590",1463,present
3383,P3191,Agnesen,"47.555,7.590",1471,present
3384,P3192,Ika Burgkart,"47.555,7.590",1452,present
3385,P3193,Hanns,"47.555,7.590",1460,start
3386,P3194,Bärbellin,"47.555,7.590",1462,start
3387,P3195,Ennelin,"47.555,7.590",1459,end
3388,P3196,herren der Reben,"47.555,7.590",1459,start
3389,P3197,Ennelin,"47.555,7.590",1461,end
3390,P3198,Ulrich Lirtzer,"47.555,7.590",1462,end
3391,P3199,Ulrich Dirtzer,"47.555,7.590",1453,start
3392,P320,Burkart Zieglers,"47.555,7.590",1464,present
3393,P3200,Margarethen Kirtzen,"47.555,7.590",1453,start
3394,P3201,darentz Lengstette,"47.555,7.590",1465,end
3395,P3202,Lienhart Brand,"47.555,7.590",1465,start
3396,P3203,Fudelin,"47.555,7.590",1452,present
3397,P3204,Crischen Chunenthor,"47.555,7.590",1452,present
3398,P3205,Heidinen,"47.555,7.590",1453,start
3399,P3206,Michel Vogt,"47.555,7.590",1473,end
3400,P3207,Margret Friezin,"47.555,7.590",1473,start
3401,P3208,Hanns Teiger,"47.555,7.590",1471,end
3402,P3208,Hanns Meiger,"47.555,7.590",1471,end
3403,P3209,Hanns Erhart Werlinman,"47.555,7.590",1471,start
3404,P321,Curn,"47.555,7.590",1452,start
3405,P3210,Elsin,"47.555,7.590",1450,end
3406,P3211,Margarethen,"47.555,7.590",1450,start
3407,P3212,Bernhart Steinsultz,"47.555,7.590",1463,end
3408,P3213,Peter,"47.555,7.590",1464,end
3409,P3214,Jacob Sumerow,"47.555,7.590",1464,end
3410,P3215,Lienharten Rümellin,"47.555,7.590",1464,start
3411,P3216,Claus Sydenman,"47.555,7.590",1453,end
3412,P3217,Gred,"47.555,7.590",1453,end
3413,P3218,Rudin Clingnower,"47.555,7.590",1453,start
3414,P3219,Margareth,"47.555,7.590",1453,start
3415,P322,Adelheiden,"47.555,7.590",1452,start
3416,P3220,Thoman Meyger,"47.555,7.590",1459,end
3417,P3220,Toman Meyger,"47.555,7.590",1459,end
3418,P3221,Agnes,"47.555,7.590",1459,end
3419,P3222,Agnes,"47.555,7.590",1459,end
3420,P3223,Ruman Veschen,"47.555,7.590",1459,start
3421,P3224,Peterman von Andela,"47.555,7.590",1453,start
3422,P3225,Agnes,"47.555,7.590",1458,end
3423,P3226,Lienh Mörnach,"47.555,7.590",1458,start
3424,P3227,AdelSeiden,"47.555,7.590",1458,start
3425,P3228,Barnachs,"47.555,7.590",1461,present
3426,P3229,Margreth Cleman,"47.555,7.590",1454,start
3427,P323,Agnes Hoffsessin,"47.555,7.590",1473,end
3428,P3230,Hanns Metzerler,"47.555,7.590",1459,end
3429,P3231,Grede,"47.555,7.590",1459,end
3430,P3232,Lienharten Meyer,"47.555,7.590",1459,start
3431,P3233,Greden Metzerlerin,"47.555,7.590",1459,end
3432,P3234,klein Henis,"47.555,7.590",1461,present
3433,P3235,Hansen Spachers,"47.555,7.590",1461,present
3434,P3236,Johans Wagner,"47.555,7.590",1451,start
3435,P3237,Hansen Ginggers,"47.555,7.590",1451,end
3436,P3238,Gred Sechani,"47.555,7.590",1453,end
3437,P3239,Clewin Möschli,"47.555,7.590",1453,start
3438,P324,Michel Fuschen,"47.555,7.590",1473,start
3439,P3240,Desal Brennerin,"47.555,7.590",1473,end
3440,P3241,Hans,"47.555,7.590",1463,present
3441,P3242,Ennelin,"47.555,7.590",1473,present
3442,P3243,Hanns von der Swellen,"47.555,7.590",1457,end
3443,P3244,Agten,"47.555,7.590",1457,end
3444,P3245,Oswalt Valckenstein,"47.555,7.590",1457,start
3445,P3246,Cloren,"47.555,7.590",1457,start
3446,P3247,Stoffel,"47.555,7.590",1469,present
3447,P3248,Clewi Kremer,"47.555,7.590",1454,end
3448,P3249,Grede,"47.555,7.590",1454,end
3449,P325,Margret,"47.555,7.590",1473,start
3450,P3250,Hanns Schuez,"47.555,7.590",1454,end
3451,P3251,Elsin,"47.555,7.590",1454,end
3452,P3252,Conrat Metziger,"47.555,7.590",1454,start
3453,P3253,Gredline,"47.555,7.590",1454,start
3454,P3254,ErbeHensslin Müller,"47.555,7.590",1453,end
3455,P3255,Enneli,"47.555,7.590",1453,start
3456,P3256,Gredlin,"47.555,7.590",1465,start
3457,P3257,Rich Wascemb,"47.555,7.590",1461,present
3458,P3258,Biegeler,"47.555,7.590",1461,present
3459,P3259,Conrat Buchhorn,"47.555,7.590",1470,start
3460,P326,Zschan bamniger,"47.555,7.590",1473,end
3461,P3260,Anna,"47.555,7.590",1470,start
3462,P3261,Elsin,"47.555,7.590",1464,start
3463,P3262,Winewald Heidelbecken,"47.555,7.590",1464,end
3464,P3262,Winewalden Heidelbeck,"47.555,7.590",1464,present
3465,P3263,Herman Heidellin,"47.555,7.590",1464,start
3466,P3264,Elsin,"47.555,7.590",1464,start
3467,P3265,Ludwig Kaufstengel,"47.555,7.590",1459,start
3468,P3265,Ludwig Haufstengel,"47.555,7.590",1461,start
3469,P3266,Ursel Kinder,"47.555,7.590",1473,end
3470,P3267,Anna,"47.555,7.590",1470,present
3471,P3268,Hanns Tugericht,"47.555,7.590",1464,end
3472,P3268,Hanns Dugericht,"47.555,7.590",1465,end
3473,P3269,Elsin,"47.555,7.590",1465,end
3474,P327,Peter banwing,"47.555,7.590",1473,start
3475,P3270,Gredline,"47.555,7.590",1465,start
3476,P3271,Urssel Seggin,"47.555,7.590",1451,end
3477,P3272,Ursel,"47.555,7.590",1451,start
3478,P3273,Burckart Besserer,"47.555,7.590",1451,end
3479,P3274,Ottman Grafen,"47.555,7.590",1451,start
3480,P3275,Elsen,"47.555,7.590",1451,start
3481,P3276,Hannsen Buchsen,"47.555,7.590",1471,present
3482,P3277,Heinrich Richen,"47.555,7.590",1455,start
3483,P3278,Engelfriden Meltinger,"47.555,7.590",1461,start
3484,P3278,Engelfrit Meltinger,"47.555,7.590",1464,end
3485,P3279,Thiebalden Lupfrit,"47.555,7.590",1464,start
3486,P328,Conrat Huglin,"47.555,7.590",1475,start
3487,P3280,Ulrichs von Rotiler,"47.555,7.590",1464,present
3488,P3281,Tützscher,"47.555,7.590",1464,present
3489,P3282,Petrisa,"47.555,7.590",1450,end
3490,P3283,Ulrichen Lantzerey,"47.555,7.590",1450,start
3491,P3284,Margarethein,"47.555,7.590",1450,start
3492,P3285,Reinhart Bürkliss,"47.555,7.590",1472,end
3493,P3286,Hanns Küfer,"47.555,7.590",1472,start
3494,P3287,Elss,"47.555,7.590",1472,start
3495,P3288,Peter Meyger,"47.555,7.590",1451,end
3496,P3289,Ursalin,"47.555,7.590",1469,present
3497,P329,Hans Geberstorffs,"47.555,7.590",1475,end
3498,P3290,Eilsin turnhouptin,"47.555,7.590",1461,end
3499,P3291,Hartung Vibel,"47.555,7.590",1452,start
3500,P3292,Oswalt Brotbeck,"47.555,7.590",1464,end
3501,P3293,Peterman Tschadugu,"47.555,7.590",1452,start
3502,P3294,Depolt Glaser,"47.555,7.590",1473,end
3503,P3295,Drsehur Glaser,"47.555,7.590",1473,end
3504,P3296,Rudolf Glaser,"47.555,7.590",1473,start
3505,P3297,Sweblin,"47.555,7.590",1468,present
3506,P3298,Mathis,"47.555,7.590",1463,start
3507,P3299,Schuren von Waltzach,"47.555,7.590",1463,end
3508,P330,Margret sunnerin,"47.555,7.590",1460,start
3509,P330,Margret Sumerin,"47.555,7.590",1462,end
3510,P330,Margreten Sumerin,"47.555,7.590",1463,present
3511,P3300,Johannsen Fürbach,"47.555,7.590",1466,start
3512,P3301,Dorotheen,"47.555,7.590",1466,start
3513,P3302,Ennelin Bischofin,"47.555,7.590",1456,end
3514,P3303,Wilhelmen Darne,"47.555,7.590",1456,start
3515,P3304,Agnesen,"47.555,7.590",1456,start
3516,P3305,Hanns Güslis,"47.555,7.590",1470,end
3517,P3306,Claus breken,"47.555,7.590",1463,start
3518,P3307,Ursule,"47.555,7.590",1463,start
3519,P3308,Elsi,"47.555,7.590",1469,end
3520,P3309,Heinrich Kuttlern,"47.555,7.590",1469,start
3521,P331,Johannes Vischer,"47.555,7.590",1451,start
3522,P3310,Agnes von Esch,"47.555,7.590",1462,end
3523,P3311,Hannsen Scherbi,"47.555,7.590",1462,end
3524,P3312,Hanns eich,"47.555,7.590",1470,end
3525,P3313,Kathrina,"47.555,7.590",1470,start
3526,P3314,Heinrich Vischer,"47.555,7.590",1475,end
3527,P3315,Heinrich von Werr,"47.555,7.590",1475,start
3528,P3316,Heuman Badersfrau,"47.555,7.590",1465,start
3529,P3317,Verena Stempferin,"47.555,7.590",1474,end
3530,P3318,Clowin Korblis Eman,"47.555,7.590",1474,start
3531,P3319,Ennelin,"47.555,7.590",1474,start
3532,P332,Heintzi Helg,"47.555,7.590",1456,end
3533,P3320,Hanns von Hegenhein,"47.555,7.590",1463,start
3534,P3321,Hanns Stöcklin,"47.555,7.590",1463,start
3535,P3322,Heinrich von Velde,"47.555,7.590",1462,end
3536,P3323,Margret,"47.555,7.590",1462,end
3537,P3324,Clausen von Rinach,"47.555,7.590",1462,start
3538,P3325,Margrethen,"47.555,7.590",1466,present
3539,P3326,Heinrich Im Hofe,"47.555,7.590",1463,start
3540,P3327,Heintzi Kochs,"47.555,7.590",1456,present
3541,P3328,Gredlin,"47.555,7.590",1455,start
3542,P3329,Heinrichs von Ramstein,"47.555,7.590",1455,present
3543,P3329,Heinrichs von Ramstein,"47.555,7.590",1459,present
3544,P333,Ennelin,"47.555,7.590",1457,start
3545,P3330,Hensslin Grüber,"47.555,7.590",1455,present
3546,P3331,Margar Eberlerin,"47.555,7.590",1452,start
3547,P3332,,"47.555,7.590",1465,start
3548,P3333,Margreth,"47.555,7.590",1464,end
3549,P3334,Clausen Heilprunnen,"47.555,7.590",1457,end
3550,P3335,Hannsen Struben,"47.555,7.590",1462,present
3551,P3335,Hanns Struben,"47.555,7.590",1462,present
3552,P3336,Stahels,"47.555,7.590",1462,present
3553,P3337,Clausen Holtzschumachers,"47.555,7.590",1462,present
3554,P3338,Hanns Stub,"47.555,7.590",1462,start
3555,P3339,Heinrich Kesseler,"47.555,7.590",1456,end
3556,P3339,Heinrich Kesseler,"47.555,7.590",1456,end
3557,P334,Crista Burkhart,"47.555,7.590",1472,end
3558,P3340,Heinricus Einfaltig,"47.555,7.590",1474,end
3559,P3341,Lienharten Einfaltig,"47.555,7.590",1474,start
3560,P3342,Dorotheen,"47.555,7.590",1474,start
3561,P3343,Hanns Ulrich Sidler,"47.555,7.590",1469,end
3562,P3344,Hanns Hürling,"47.555,7.590",1469,start
3563,P3345,Agnes,"47.555,7.590",1469,start
3564,P3346,Margret,"47.555,7.590",1471,start
3565,P3347,Wegkler Hans,"47.555,7.590",1450,present
3566,P3348,Hans Hegkler,"47.555,7.590",1450,present
3567,P3349,Heinrich Eberlers,"47.555,7.590",1451,end
3568,P335,Lienhart Liebhart,"47.555,7.590",1472,start
3569,P335,Lienhart Liephart,"47.555,7.590",1472,end
3570,P335,Lienhart Liebhart,"47.555,7.590",1473,end
3571,P3350,Agnesen,"47.555,7.590",1471,start
3572,P3351,Erhart Rosenfeld,"47.555,7.590",1454,end
3573,P3352,Oswald Bagguss,"47.555,7.590",1454,start
3574,P3353,Verenen,"47.555,7.590",1454,start
3575,P3354,Ulrich Saltzmutter,"47.555,7.590",1453,start
3576,P3355,Heinrich Baßler,"47.555,7.590",1462,end
3577,P3356,Clewi Bassler,"47.555,7.590",1462,end
3578,P3357,Lamprechtz,"47.555,7.590",1458,present
3579,P3358,Clewin Phetterhinsen,"47.555,7.590",1450,present
3580,P3359,Heinrich turst,"47.555,7.590",1458,end
3581,P3359,Heinrich turst,"47.555,7.590",1458,end
3582,P336,Ennelin Wyssin,"47.555,7.590",1461,end
3583,P3360,Jacob tursten,"47.555,7.590",1458,start
3584,P3361,Peter Gentbruder,"47.555,7.590",1458,start
3585,P3362,Velts tursten,"47.555,7.590",1458,start
3586,P3363,Werlin zem Walde,"47.555,7.590",1458,start
3587,P3364,Vollmin von Utingen,"47.555,7.590",1471,end
3588,P3365,Hanns Heinrich Jki Conrat,"47.555,7.590",1471,end
3589,P3366,Werlin alle,"47.555,7.590",1471,end
3590,P3367,Agnes,"47.555,7.590",1471,end
3591,P3368,Elsin,"47.555,7.590",1471,end
3592,P3369,Thoma Kerin,"47.555,7.590",1471,start
3593,P337,Ludwig von Tonsel,"47.555,7.590",1461,end
3594,P337,Ludwigen von Tunsel,"47.555,7.590",1462,start
3595,P3370,Rudin Hurn,"47.555,7.590",1471,start
3596,P3371,Ulin Kuris,"47.555,7.590",1471,start
3597,P3372,Berchtold Luterer,"47.555,7.590",1471,end
3598,P3373,Agnes,"47.555,7.590",1471,start
3599,P3374,Claus von tonsel,"47.555,7.590",1457,end
3600,P3375,Gredline,"47.555,7.590",1457,start
3601,P3376,Henman Steger,"47.555,7.590",1457,start
3602,P3377,Ludwig,"47.555,7.590",1472,end
3603,P3378,Heinrich Eschenberg,"47.555,7.590",1472,start
3604,P3379,Verenen,"47.555,7.590",1472,start
3605,P338,Mathis Eberler,"47.555,7.590",1460,end
3606,P338,Mathisen Eberler,"47.555,7.590",1461,start
3607,P338,Mathisen Eberler,"47.555,7.590",1462,end
3608,P338,Mathys Eberler,"47.555,7.590",1463,end
3609,P338,Mathis Eberler,"47.555,7.590",1464,start
3610,P338,Mathisen Eberler,"47.555,7.590",1466,present
3611,P3380,Conrat Ganser,"47.555,7.590",1461,start
3612,P3381,Agnesen,"47.555,7.590",1461,start
3613,P3382,Götz Heinrich,"47.555,7.590",1467,present
3614,P3383,Lienh Gredler,"47.555,7.590",1457,end
3615,P3384,Briden,"47.555,7.590",1457,end
3616,P3385,Agnesen,"47.555,7.590",1457,start
3617,P3386,Peter Kaltberger,"47.555,7.590",1475,present
3618,P3387,Margareth von Kilchein,"47.555,7.590",1450,end
3619,P3388,Elsen,"47.555,7.590",1450,start
3620,P3389,Burkarten Durchdenhag,"47.555,7.590",1458,start
3621,P339,Martin Meltinger,"47.555,7.590",1460,end
3622,P339,Martin Meltinger,"47.555,7.590",1460,start
3623,P339,Martin Meltinger,"47.555,7.590",1461,end
3624,P339,Martin Meltinger,"47.555,7.590",1465,end
3625,P339,Martin Meltinger,"47.555,7.590",1465,end
3626,P3390,Clare,"47.555,7.590",1458,start
3627,P3391,Henman Ladenmacher,"47.555,7.590",1452,end
3628,P3392,Elsin,"47.555,7.590",1452,end
3629,P3393,Gredenneli,"47.555,7.590",1452,end
3630,P3394,Peter Blawner,"47.555,7.590",1452,end
3631,P3395,Veren,"47.555,7.590",1452,end
3632,P3396,Heintzi Blawner,"47.555,7.590",1452,end
3633,P3397,Gutin,"47.555,7.590",1452,end
3634,P3398,Mathysen Blauner,"47.555,7.590",1452,start
3635,P3399,Jacob Waltenheinstasserstuben,"47.555,7.590",1467,present
3636,P340,Martin Meyger,"47.555,7.590",1456,end
3637,P340,Martin Meyer,"47.555,7.590",1460,start
3638,P340,Martin Meygers,"47.555,7.590",1461,present
3639,P3400,Anna,"47.555,7.590",1473,end
3640,P3401,Margret,"47.555,7.590",1473,end
3641,P3402,Ennelin,"47.555,7.590",1473,end
3642,P3403,Rudolf scherer zem Meerwunder,"47.555,7.590",1473,start
3643,P3404,Ursalen,"47.555,7.590",1473,start
3644,P3405,Gebruder Peter,"47.555,7.590",1475,end
3645,P3406,Lienhart von erow,"47.555,7.590",1475,start
3646,P3407,Margreten,"47.555,7.590",1475,start
3647,P3408,Martin,"47.555,7.590",1463,start
3648,P3409,Agnesen Ihsen,"47.555,7.590",1463,start
3649,P341,Claus Hasenschiesser,"47.555,7.590",1462,end
3650,P341,Clausen Hasenschesssers,"47.555,7.590",1463,end
3651,P3410,Peter buegen,"47.555,7.590",1462,present
3652,P3411,Conraten Vischer,"47.555,7.590",1465,start
3653,P3411,Conrat Vischer,"47.555,7.590",1465,start
3654,P3412,Wilhelm,"47.555,7.590",1465,present
3655,P3413,Elsin,"47.555,7.590",1471,present
3656,P3414,Wernher von Stouffen,"47.555,7.590",1463,end
3657,P3415,Rudolf von Wessenberg,"47.555,7.590",1463,end
3658,P3416,Johanns München,"47.555,7.590",1463,end
3659,P3417,Cloren Münchin,"47.555,7.590",1463,start
3660,P3418,,"47.555,7.590",1461,end
3661,P3419,Ennelin Symon,"47.555,7.590",1461,start
3662,P342,Oswalden Walcher,"47.555,7.590",1462,start
3663,P3420,Ennelin,"47.555,7.590",1471,present
3664,P3421,Henmann,"47.555,7.590",1463,end
3665,P3422,Conrat Landower,"47.555,7.590",1474,end
3666,P3423,Ennelin,"47.555,7.590",1474,end
3667,P3424,Barbara,"47.555,7.590",1474,start
3668,P3425,Clausen,"47.555,7.590",1455,start
3669,P3426,Paulus Würmbs,"47.555,7.590",1460,end
3670,P3427,Greden,"47.555,7.590",1460,start
3671,P3428,Ennelin,"47.555,7.590",1453,present
3672,P3429,Heinrich Scheffer,"47.555,7.590",1464,start
3673,P343,Richart von Spinal,"47.555,7.590",1456,end
3674,P3430,Elsin,"47.555,7.590",1464,start
3675,P3431,Ulli Lösers,"47.555,7.590",1464,present
3676,P3431,Ulli Lösers,"47.555,7.590",1464,present
3677,P3432,egnesen Rin,"47.555,7.590",1464,present
3678,P3432,Agnesen Rin,"47.555,7.590",1464,present
3679,P3433,Werlin Halbseiter,"47.555,7.590",1469,start
3680,P3434,Heuman Rörtlin,"47.555,7.590",1453,end
3681,P3435,Ennelin,"47.555,7.590",1453,end
3682,P3436,Henslin Keller,"47.555,7.590",1453,start
3683,P3437,Hanns Bader,"47.555,7.590",1458,start
3684,P3438,Greda,"47.555,7.590",1458,start
3685,P3439,Barbaren,"47.555,7.590",1458,start
3686,P344,Peter Hanns,"47.555,7.590",1451,end
3687,P344,Peter Hans,"47.555,7.590",1453,start
3688,P344,Peter Hannsen,"47.555,7.590",1454,start
3689,P344,Peter Hannsen,"47.555,7.590",1455,start
3690,P344,Peter Hannsen,"47.555,7.590",1456,end
3691,P344,Peter Hanns,"47.555,7.590",1456,end
3692,P344,Peter Hanns,"47.555,7.590",1458,end
3693,P344,Peter Hannsen,"47.555,7.590",1460,start
3694,P344,Peter Hanns,"47.555,7.590",1463,start
3695,P344,Peter Hanns,"47.555,7.590",1463,present
3696,P3440,Ennelin,"47.555,7.590",1461,end
3697,P3441,Ludwig Frybegk,"47.555,7.590",1451,present
3698,P3442,Elsin,"47.555,7.590",1471,end
3699,P3443,Andressen von Ulm,"47.555,7.590",1471,start
3700,P3444,Agnesen,"47.555,7.590",1471,start
3701,P3445,Elsi,"47.555,7.590",1468,start
3702,P3446,Chum Dietschi,"47.555,7.590",1450,end
3703,P3447,Clausen Kupfernagel,"47.555,7.590",1451,present
3704,P3448,Peter Rotthauptlin,"47.555,7.590",1464,present
3705,P3449,Enneli Phleglerin,"47.555,7.590",1450,end
3706,P345,Lorentz Rützschlin,"47.555,7.590",1456,start
3707,P3450,Peter Sund,"47.555,7.590",1450,start
3708,P3451,Angnesen,"47.555,7.590",1450,start
3709,P3452,Enneli,"47.555,7.590",1450,end
3710,P3453,Hansen Schsenbach,"47.555,7.590",1450,start
3711,P3454,Agnes,"47.555,7.590",1474,end
3712,P3455,Hannsen Schaler,"47.555,7.590",1474,start
3713,P3456,Prenen,"47.555,7.590",1474,start
3714,P3457,Elsin Schmitterin,"47.555,7.590",1473,start
3715,P3458,Jacoben von Semhein,"47.555,7.590",1452,present
3716,P3459,Conraten von Ramstein,"47.555,7.590",1459,start
3717,P346,Heini Schlagers,"47.555,7.590",1451,present
3718,P3460,Lienh Rutzschen,"47.555,7.590",1459,present
3719,P3461,Lienhart Wilikon,"47.555,7.590",1461,end
3720,P3462,Margret,"47.555,7.590",1461,end
3721,P3463,Peter Grossen,"47.555,7.590",1461,start
3722,P3464,Greten,"47.555,7.590",1461,start
3723,P3465,Margret von Biese,"47.555,7.590",1457,end
3724,P3466,Bley Winsperg,"47.555,7.590",1457,start
3725,P3467,Margrete,"47.555,7.590",1457,start
3726,P3468,Elsin,"47.555,7.590",1458,present
3727,P3469,Margret,"47.555,7.590",1473,end
3728,P347,Luchman Meltinger,"47.555,7.590",1457,present
3729,P3470,Margret,"47.555,7.590",1473,start
3730,P3471,Ursel,"47.555,7.590",1451,end
3731,P3472,Peter Büsseli,"47.555,7.590",1451,start
3732,P3473,Ennelin,"47.555,7.590",1451,start
3733,P3474,Jacob Waltenheins,"47.555,7.590",1451,present
3734,P3475,Ursal,"47.555,7.590",1472,start
3735,P3476,Erhard,"47.555,7.590",1466,present
3736,P3477,Ennelin Breytenbachin,"47.555,7.590",1454,start
3737,P3478,Peter Kölier,"47.555,7.590",1461,end
3738,P3479,Gilgen Mast,"47.555,7.590",1461,start
3739,P348,Hannsen Buchsenmeister,"47.555,7.590",1471,present
3740,P348,Hannsen Buchsenmeister,"47.555,7.590",1471,present
3741,P348,Hanns Buchsenmeister,"47.555,7.590",1471,end
3742,P3480,Rudolff von Wegenstetten,"47.555,7.590",1452,end
3743,P3481,Margret,"47.555,7.590",1470,start
3744,P3482,,"47.555,7.590",1471,start
3745,P3483,Kathrina,"47.555,7.590",1471,start
3746,P3484,Gretlin,"47.555,7.590",1472,start
3747,P3485,Ennelin,"47.555,7.590",1465,start
3748,P3486,Rutschman von Margk,"47.555,7.590",1453,end
3749,P3487,Hansen Mertzen,"47.555,7.590",1453,start
3750,P3488,Andres von Waltpach,"47.555,7.590",1453,end
3751,P3489,Wernlin,"47.555,7.590",1453,present
3752,P349,Hartman Caseler,"47.555,7.590",1458,start
3753,P349,Hartman Baseler,"47.555,7.590",1459,end
3754,P349,Hartman Baseler,"47.555,7.590",1459,end
3755,P349,Hartman Baseler,"47.555,7.590",1459,end
3756,P349,Hartman Baseler,"47.555,7.590",1460,end
3757,P3490,Hanns sel Hus,"47.555,7.590",1453,present
3758,P3491,Hansen Scheckhenburlin,"47.555,7.590",1466,present
3759,P3492,,"47.555,7.590",1459,start
3760,P3493,Löwlins,"47.555,7.590",1463,present
3761,P3494,Annen,"47.555,7.590",1460,start
3762,P3495,Frittschin Thewlis,"47.555,7.590",1452,present
3763,P3496,Thinlis,"47.555,7.590",1452,present
3764,P3497,Hanns Zusen,"47.555,7.590",1464,start
3765,P3498,Hanns Dumen,"47.555,7.590",1464,start
3766,P3499,Heinrich Rych,"47.555,7.590",1453,start
3767,P350,Ennelin,"47.555,7.590",1459,end
3768,P3500,Margred,"47.555,7.590",1461,end
3769,P3501,Gredlin,"47.555,7.590",1462,end
3770,P3502,Heusli Soner,"47.555,7.590",1452,end
3771,P3503,Metzin,"47.555,7.590",1452,end
3772,P3504,Ullin Soner,"47.555,7.590",1452,start
3773,P3505,Ennelin,"47.555,7.590",1470,end
3774,P3506,Heinrich Brichdenfriden,"47.555,7.590",1470,start
3775,P3507,Brida,"47.555,7.590",1470,start
3776,P3508,Heinr Byschoff,"47.555,7.590",1461,present
3777,P3508,Heinr Byschoff,"47.555,7.590",1461,present
3778,P3509,Gred Dürrin,"47.555,7.590",1453,present
3779,P3509,Gred Dürrin,"47.555,7.590",1453,start
3780,P351,,"47.555,7.590",1459,start
3781,P3510,,"47.555,7.590",1472,end
3782,P3511,Bettli Mott,"47.555,7.590",1451,present
3783,P3512,Hannsen Gürle,"47.555,7.590",1464,present
3784,P3513,Lienhart Wildesen,"47.555,7.590",1458,end
3785,P3514,Enneline,"47.555,7.590",1458,start
3786,P3515,Johanns Regensperger,"47.555,7.590",1463,start
3787,P3516,Krützbergers,"47.555,7.590",1464,present
3788,P3517,Lienhart David,"47.555,7.590",1472,start
3789,P3518,Magner,"47.555,7.590",1472,end
3790,P3519,Burckarten Schmitt,"47.555,7.590",1458,start
3791,P352,Fridrich Sturmen,"47.555,7.590",1460,present
3792,P3520,Ennelin,"47.555,7.590",1458,start
3793,P3521,bechtolt Weibel,"47.555,7.590",1473,present
3794,P3521,Bechtolt Weibel,"47.555,7.590",1474,present
3795,P3522,Agnes,"47.555,7.590",1473,present
3796,P3523,Agnesen zem Rosen,"47.555,7.590",1462,present
3797,P3523,Agnese zem Rosen,"47.555,7.590",1462,present
3798,P3524,Kunigolden Bertzschmen,"47.555,7.590",1456,present
3799,P3525,Lienhart die Grieben,"47.555,7.590",1455,end
3800,P3526,Bergeltin,"47.555,7.590",1463,present
3801,P3527,Ennelin,"47.555,7.590",1450,end
3802,P3528,Verenen,"47.555,7.590",1450,start
3803,P3529,Hansen Manenbach,"47.555,7.590",1450,start
3804,P353,Clara,"47.555,7.590",1456,end
3805,P3530,Ludwig von Tunsel,"47.555,7.590",1468,start
3806,P3531,Angnesen Schrötin,"47.555,7.590",1468,start
3807,P3532,Mathys von Kilchen,"47.555,7.590",1461,end
3808,P3533,Hansen Wergker,"47.555,7.590",1461,start
3809,P3533,Hans Wergker,"47.555,7.590",1461,start
3810,P3534,Mathysen dero,"47.555,7.590",1461,end
3811,P3535,Elsin Richartin,"47.555,7.590",1460,end
3812,P3535,Elsin Richartin,"47.555,7.590",1460,end
3813,P3536,Hanns Eggenfelder,"47.555,7.590",1460,end
3814,P3536,Hanns Egenfelder,"47.555,7.590",1460,end
3815,P3537,Thomen Some,"47.555,7.590",1460,start
3816,P3538,Ennelin,"47.555,7.590",1460,start
3817,P3539,Clausen Mentzer,"47.555,7.590",1461,start
3818,P354,,"47.555,7.590",1456,end
3819,P3540,Mechtilt,"47.555,7.590",1463,end
3820,P3541,Ursule,"47.555,7.590",1463,start
3821,P3542,Erhart Sarwurcker,"47.555,7.590",1468,present
3822,P3543,Ettin,"47.555,7.590",1468,present
3823,P3544,Agnesen,"47.555,7.590",1474,present
3824,P3545,Agnesen,"47.555,7.590",1462,start
3825,P3546,Anna,"47.555,7.590",1458,end
3826,P3547,Gilgen Crinsloss,"47.555,7.590",1461,start
3827,P3548,Peter von dann,"47.555,7.590",1471,present
3828,P3549,Cleinmennin,"47.555,7.590",1471,present
3829,P355,Clewi Burck,"47.555,7.590",1456,end
3830,P3550,Conrat Keitzes,"47.555,7.590",1458,start
3831,P3551,Rudolph von Ramstein,"47.555,7.590",1455,start
3832,P3552,Gredlin,"47.555,7.590",1466,end
3833,P3553,Margrethen,"47.555,7.590",1466,start
3834,P3554,elman,"47.555,7.590",1466,present
3835,P3555,Ennelin Bidermennin,"47.555,7.590",1458,start
3836,P3556,Burckart fry,"47.555,7.590",1458,end
3837,P3557,Kathrin,"47.555,7.590",1458,start
3838,P3558,Clausen Zschampi,"47.555,7.590",1458,start
3839,P3559,Greditia von Eptingen,"47.555,7.590",1454,end
3840,P356,Peter von Tann,"47.555,7.590",1456,start
3841,P356,Peter von San,"47.555,7.590",1461,end
3842,P3560,Peter Langenstein,"47.555,7.590",1454,start
3843,P3561,Ennelin,"47.555,7.590",1454,start
3844,P3562,Elsin,"47.555,7.590",1455,start
3845,P3563,Elsa,"47.555,7.590",1475,end
3846,P3564,Claus Clembruder,"47.555,7.590",1475,start
3847,P3565,Elsa,"47.555,7.590",1475,start
3848,P3566,Ursule,"47.555,7.590",1464,present
3849,P3567,Margret Sütelin,"47.555,7.590",1469,start
3850,P3568,Rudolf Antelis,"47.555,7.590",1469,start
3851,P3569,Burkharz von Pfirt,"47.555,7.590",1469,present
3852,P357,Ennelin,"47.555,7.590",1456,start
3853,P3570,Spenglern,"47.555,7.590",1469,present
3854,P3571,Else Müntzerin,"47.555,7.590",1463,present
3855,P3572,Ludwig Billung,"47.555,7.590",1473,start
3856,P3573,Kathrin,"47.555,7.590",1473,end
3857,P3574,Jorg Hassen,"47.555,7.590",1473,start
3858,P3575,Kathrina Gawise,"47.555,7.590",1473,start
3859,P3576,Frena Vassbinderin,"47.555,7.590",1465,start
3860,P3577,Ennelin Ammans,"47.555,7.590",1466,end
3861,P3578,Peterhansen,"47.555,7.590",1466,start
3862,P3579,Ursel,"47.555,7.590",1466,start
3863,P358,Clausen Meder,"47.555,7.590",1450,present
3864,P358,Claus Meder,"47.555,7.590",1450,end
3865,P358,Claus Meder,"47.555,7.590",1454,end
3866,P3580,Reynharten Meygenlust,"47.555,7.590",1463,start
3867,P3581,heiligen Zwölfböten,"47.555,7.590",1475,present
3868,P3582,Thoman Srine,"47.555,7.590",1460,start
3869,P3583,Ennelin,"47.555,7.590",1460,start
3870,P3584,Hannsen Vester,"47.555,7.590",1473,start
3871,P3585,Margreten,"47.555,7.590",1473,start
3872,P3586,Hanns Kager,"47.555,7.590",1450,present
3873,P3587,Jergen Kosser,"47.555,7.590",1456,start
3874,P3588,Bride,"47.555,7.590",1456,start
3875,P3589,Heinrich Hugen,"47.555,7.590",1469,start
3876,P359,Hanns Bieri,"47.555,7.590",1459,start
3877,P3590,Mergdalenen,"47.555,7.590",1469,start
3878,P3591,Bulers,"47.555,7.590",1457,present
3879,P3592,Margret,"47.555,7.590",1471,end
3880,P3593,Steffan von Marsmister,"47.555,7.590",1471,start
3881,P3594,Ennelin,"47.555,7.590",1471,start
3882,P3595,,"47.555,7.590",1450,end
3883,P3596,Barblen,"47.555,7.590",1450,start
3884,P3597,Lux Lotz,"47.555,7.590",1462,present
3885,P3598,Johannes Keller,"47.555,7.590",1462,present
3886,P3599,Cathrin,"47.555,7.590",1462,start
3887,P360,Hans Pfister,"47.555,7.590",1456,present
3888,P360,Hanns Pfister,"47.555,7.590",1457,present
3889,P3600,Heinrich Meiger,"47.555,7.590",1469,end
3890,P3601,Agnes,"47.555,7.590",1469,end
3891,P3602,Hannsen von Mossbach,"47.555,7.590",1469,start
3892,P3603,Agnes,"47.555,7.590",1473,present
3893,P3604,Ennelin,"47.555,7.590",1471,present
3894,P3605,Jong,"47.555,7.590",1473,end
3895,P3606,Berbelin,"47.555,7.590",1473,end
3896,P3607,Ennelin,"47.555,7.590",1473,end
3897,P3608,Weltin von Nüwenstein,"47.555,7.590",1473,start
3898,P3609,Jacob Labahürlin,"47.555,7.590",1472,end
3899,P361,Metzen,"47.555,7.590",1456,present
3900,P3610,Rogklins,"47.555,7.590",1463,present
3901,P3611,Hartmenns,"47.555,7.590",1463,present
3902,P3612,Barbare,"47.555,7.590",1464,present
3903,P3613,Marz Oser,"47.555,7.590",1469,end
3904,P3614,Hanns Martin,"47.555,7.590",1469,start
3905,P3615,,"47.555,7.590",1461,present
3906,P3616,Annen Kleinen,"47.555,7.590",1464,present
3907,P3617,Heitze Müllers,"47.555,7.590",1463,present
3908,P3618,Heintzi Segers,"47.555,7.590",1463,present
3909,P3619,Elsen Kempserin,"47.555,7.590",1463,end
3910,P362,Hanns Meltinger,"47.555,7.590",1460,end
3911,P362,Hanns Meiger,"47.555,7.590",1461,end
3912,P362,Hanns Meiger,"47.555,7.590",1461,end
3913,P362,Hannsen Menniger,"47.555,7.590",1462,start
3914,P362,Hannsen Seiger,"47.555,7.590",1464,present
3915,P362,Hannsen Meltinger,"47.555,7.590",1464,start
3916,P362,Hanns Meltinger,"47.555,7.590",1464,start
3917,P3620,Elsin,"47.555,7.590",1471,end
3918,P3621,Heinrich Burgis,"47.555,7.590",1471,start
3919,P3622,Ennelin,"47.555,7.590",1471,start
3920,P3623,Cowaten Wagel,"47.555,7.590",1459,start
3921,P3624,Elsin,"47.555,7.590",1459,start
3922,P3625,Paulus von Gruth,"47.555,7.590",1465,end
3923,P3626,,"47.555,7.590",1465,start
3924,P3627,Margreten,"47.555,7.590",1465,start
3925,P3628,Margredt,"47.555,7.590",1465,start
3926,P3629,Ulrichen Sit,"47.555,7.590",1460,present
3927,P363,Merzin Viererin,"47.555,7.590",1464,present
3928,P3630,Elsime,"47.555,7.590",1460,present
3929,P3631,Burckarten buman,"47.555,7.590",1464,start
3930,P3632,Hanns Plaren,"47.555,7.590",1470,start
3931,P3633,Elsin,"47.555,7.590",1470,start
3932,P3634,Rudolf Hutmacher,"47.555,7.590",1469,end
3933,P3635,Margreth Grieben,"47.555,7.590",1469,start
3934,P3636,Bernhardt Röll,"47.555,7.590",1453,present
3935,P3637,Barthlome Rücklin,"47.555,7.590",1462,end
3936,P3638,Hannsen Muspach,"47.555,7.590",1462,start
3937,P3639,Ennelin,"47.555,7.590",1462,start
3938,P364,Hanns Hertzbrecher,"47.555,7.590",1451,end
3939,P364,Hans Kertzbrecher,"47.555,7.590",1452,start
3940,P364,Hanns Hertzbrecher,"47.555,7.590",1457,start
3941,P364,Hanns Herzbrecher,"47.555,7.590",1461,end
3942,P3640,HerHanns Tschekabürlin,"47.555,7.590",1455,start
3943,P3641,Gredlin,"47.555,7.590",1455,start
3944,P3642,Ennelin,"47.555,7.590",1473,end
3945,P3643,Hansen von Heidelber,"47.555,7.590",1473,start
3946,P3644,"Fragken , Ges","47.555,7.590",1473,present
3947,P3645,Murers,"47.555,7.590",1473,present
3948,P3646,Gred Bossin,"47.555,7.590",1462,end
3949,P3647,Hansen Muntzinger,"47.555,7.590",1462,start
3950,P3648,Elsen,"47.555,7.590",1462,start
3951,P3649,Orsula,"47.555,7.590",1474,present
3952,P365,Conrat Dieterich,"47.555,7.590",1471,end
3953,P3650,Steffan Swoben,"47.555,7.590",1460,start
3954,P3651,Agnete,"47.555,7.590",1460,start
3955,P3652,Martin,"47.555,7.590",1461,end
3956,P3653,Gredlin,"47.555,7.590",1461,end
3957,P3654,Henß lin,"47.555,7.590",1461,start
3958,P3655,Ulrico de Wildegk,"47.555,7.590",1461,start
3959,P3656,Clewi Hußlers,"47.555,7.590",1461,present
3960,P3657,Margreten,"47.555,7.590",1474,present
3961,P3658,Agnesen,"47.555,7.590",1466,start
3962,P3659,Peter Menninger,"47.555,7.590",1458,start
3963,P366,Hein Schürer,"47.555,7.590",1471,end
3964,P3660,Heinrich Müschell,"47.555,7.590",1459,start
3965,P3661,Welthin giger,"47.555,7.590",1459,start
3966,P3662,Enneline,"47.555,7.590",1459,start
3967,P3663,Enneline,"47.555,7.590",1459,start
3968,P3664,Hanns Kirssin,"47.555,7.590",1469,start
3969,P3665,Uli Bidermanns,"47.555,7.590",1464,present
3970,P3666,Annen,"47.555,7.590",1464,present
3971,P3667,Hanns Kuneziger,"47.555,7.590",1455,end
3972,P3668,Ulin Lösser,"47.555,7.590",1455,start
3973,P3669,Hanns Glaser,"47.555,7.590",1471,start
3974,P367,Lienhart Hsinhut,"47.555,7.590",1471,start
3975,P3670,Hanns Weidman,"47.555,7.590",1472,start
3976,P3671,Agnes,"47.555,7.590",1472,start
3977,P3672,Peter Mutzinger,"47.555,7.590",1475,end
3978,P3673,Baltzer Brotbeck,"47.555,7.590",1475,start
3979,P3674,Peter zer Sunnerow,"47.555,7.590",1457,end
3980,P3675,Ennelin,"47.555,7.590",1457,end
3981,P3676,Burck Scherner,"47.555,7.590",1457,start
3982,P3677,Elsin,"47.555,7.590",1457,start
3983,P3678,Claus Kupfernagel,"47.555,7.590",1462,end
3984,P3679,Elsin,"47.555,7.590",1462,end
3985,P368,Adelheiten,"47.555,7.590",1471,start
3986,P3680,Jacoben Kreyenfogel,"47.555,7.590",1462,start
3987,P3681,Katherina,"47.555,7.590",1462,start
3988,P3682,Else,"47.555,7.590",1462,end
3989,P3683,Hansen Stoßkorb,"47.555,7.590",1462,start
3990,P3684,Heinrich Kunt,"47.555,7.590",1471,end
3991,P3685,Margret,"47.555,7.590",1471,end
3992,P3686,Mathysen Frischmit,"47.555,7.590",1471,start
3993,P3687,Margret,"47.555,7.590",1471,start
3994,P3688,Osli,"47.555,7.590",1450,end
3995,P3689,Albrecht Hartlieb,"47.555,7.590",1450,start
3996,P369,Caspar Wesselbach,"47.555,7.590",1454,end
3997,P369,Caspara Vasselbach,"47.555,7.590",1454,start
3998,P369,Caspar Messelbach,"47.555,7.590",1459,end
3999,P369,Caspar Nesselbach,"47.555,7.590",1463,start
4000,P3690,Elsin,"47.555,7.590",1450,start
4001,P3691,Adelheydin Tüflinen,"47.555,7.590",1454,end
4002,P3692,Jtlin Tüfel,"47.555,7.590",1454,end
4003,P3693,Hannsen Sufel,"47.555,7.590",1454,start
4004,P3694,Ennelin,"47.555,7.590",1454,start
4005,P3695,Margret Wilerin,"47.555,7.590",1472,end
4006,P3696,Michel lieb,"47.555,7.590",1472,start
4007,P3697,Elsin,"47.555,7.590",1472,start
4008,P3698,Joss Schuren,"47.555,7.590",1471,start
4009,P3699,Schalerin,"47.555,7.590",1463,present
4010,P370,Hanns Schörlin,"47.555,7.590",1475,start
4011,P370,Hanns Schörlin,"47.555,7.590",1475,start
4012,P3700,Conradt Düge,"47.555,7.590",1463,present
4013,P3701,Agnesen Gröfin,"47.555,7.590",1458,end
4014,P3702,Hanns Hubscherpeter,"47.555,7.590",1458,end
4015,P3703,Hannsen Zschopperat,"47.555,7.590",1458,start
4016,P3704,Greden,"47.555,7.590",1458,start
4017,P3705,Werlin Walde,"47.555,7.590",1458,start
4018,P3706,Heinrich,"47.555,7.590",1458,end
4019,P3707,Werly Wald,"47.555,7.590",1458,start
4020,P3708,Peterhannsen,"47.555,7.590",1463,present
4021,P3709,Werlin Schinger,"47.555,7.590",1469,end
4022,P371,Heinrich Müller,"47.555,7.590",1455,start
4023,P371,Heinrich Müller,"47.555,7.590",1458,start
4024,P371,Heinrich Müller,"47.555,7.590",1459,end
4025,P371,Heinrich Müller,"47.555,7.590",1459,end
4026,P371,Heinrichen müller,"47.555,7.590",1460,start
4027,P3710,Ursalen,"47.555,7.590",1469,start
4028,P3711,Heinrich Hofflin,"47.555,7.590",1463,start
4029,P3712,Burkhart Müller,"47.555,7.590",1474,start
4030,P3713,Agata,"47.555,7.590",1474,start
4031,P3714,Hanns Yselis,"47.555,7.590",1474,present
4032,P3715,Verene,"47.555,7.590",1461,start
4033,P3716,Heinrich Vobat,"47.555,7.590",1457,end
4034,P3717,Erhart Wagner,"47.555,7.590",1457,end
4035,P3718,Grede,"47.555,7.590",1457,start
4036,P3719,Elsin,"47.555,7.590",1457,start
4037,P372,Ursula,"47.555,7.590",1459,end
4038,P3720,Burckart Meder,"47.555,7.590",1453,start
4039,P3721,Urselin,"47.555,7.590",1451,end
4040,P3722,Hannsen Lützolt,"47.555,7.590",1451,start
4041,P3723,Ennelin,"47.555,7.590",1451,start
4042,P3724,Gopfrid Henzinger,"47.555,7.590",1453,start
4043,P3725,Ennelin,"47.555,7.590",1453,start
4044,P3726,Erhart Stützenberg,"47.555,7.590",1475,end
4045,P3727,Marg Schörerin,"47.555,7.590",1475,start
4046,P3728,Anastasia,"47.555,7.590",1473,end
4047,P3729,Hanns Frölicher,"47.555,7.590",1473,start
4048,P373,Claus Ottendorff,"47.555,7.590",1456,end
4049,P373,Clausen Ottendorff,"47.555,7.590",1459,start
4050,P373,Clausen Ottendorffs,"47.555,7.590",1461,present
4051,P373,Claus Ottendorff,"47.555,7.590",1463,end
4052,P373,Clausen Ottendorff,"47.555,7.590",1463,start
4053,P373,Clausen Ottendorff,"47.555,7.590",1465,present
4054,P373,Clausen Ottendorff,"47.555,7.590",1465,present
4055,P373,Claus Ottendorff,"47.555,7.590",1465,end
4056,P373,Claus Ottendorff,"47.555,7.590",1465,end
4057,P373,Clausen Ottendorff,"47.555,7.590",1465,present
4058,P3730,Margreten,"47.555,7.590",1473,start
4059,P3731,Conrat Grellinger,"47.555,7.590",1475,end
4060,P3732,Margret,"47.555,7.590",1475,end
4061,P3733,Enelin,"47.555,7.590",1475,start
4062,P3734,Hanns Kuchler,"47.555,7.590",1474,end
4063,P3735,Gerdrut,"47.555,7.590",1474,end
4064,P3736,Melchior,"47.555,7.590",1474,start
4065,P3737,Ursule3,"47.555,7.590",1457,present
4066,P3738,Jacob Smit,"47.555,7.590",1462,end
4067,P3739,Eilsin,"47.555,7.590",1462,end
4068,P374,Burkart Gügelin,"47.555,7.590",1452,start
4069,P374,Burkart Gügelin,"47.555,7.590",1452,start
4070,P3740,Katrinen,"47.555,7.590",1462,start
4071,P3741,Eberharts,"47.555,7.590",1453,end
4072,P3742,Clewy Hans Rutsch,"47.555,7.590",1472,end
4073,P3743,Verena,"47.555,7.590",1472,end
4074,P3744,Clewii Rudy,"47.555,7.590",1472,end
4075,P3745,Anna meiger,"47.555,7.590",1472,end
4076,P3746,mannen Heym Schmider,"47.555,7.590",1472,end
4077,P3747,Hans Gachinger,"47.555,7.590",1472,end
4078,P3748,Peter Heinentaler,"47.555,7.590",1472,start
4079,P3749,Elsin,"47.555,7.590",1472,start
4080,P375,Barbare,"47.555,7.590",1464,start
4081,P3750,Peter zem Lufft,"47.555,7.590",1461,end
4082,P3751,Hen Jeckis,"47.555,7.590",1461,present
4083,P3752,Clausen brunen,"47.555,7.590",1461,present
4084,P3753,Urselin,"47.555,7.590",1460,end
4085,P3754,Hem Regesser,"47.555,7.590",1460,start
4086,P3755,Lienh Mörnach,"47.555,7.590",1451,start
4087,P3756,Jas,"47.555,7.590",1460,present
4088,P3757,Pfluger,"47.555,7.590",1457,end
4089,P3758,Conrat Kuoringers,"47.555,7.590",1457,present
4090,P3759,Hanns Distinger,"47.555,7.590",1465,end
4091,P376,Peter briefers,"47.555,7.590",1462,present
4092,P376,Peter briefers,"47.555,7.590",1464,present
4093,P3760,Ennelin,"47.555,7.590",1465,end
4094,P3761,Johannsen Elhart,"47.555,7.590",1465,start
4095,P3762,Agatha,"47.555,7.590",1465,start
4096,P3763,,"47.555,7.590",1466,present
4097,P3764,Hanns Ulrich von Wildeck,"47.555,7.590",1457,end
4098,P3765,Petri Joh,"47.555,7.590",1457,start
4099,P3766,Heinrichen Fiscatoris,"47.555,7.590",1468,present
4100,P3767,Luduren Meltinger,"47.555,7.590",1450,present
4101,P3768,Katherin,"47.555,7.590",1458,end
4102,P3769,Gredlin Lenbach,"47.555,7.590",1458,start
4103,P377,Mutis,"47.555,7.590",1464,present
4104,P3770,Hanns Schleffer,"47.555,7.590",1473,start
4105,P3770,Hans Sleffer,"47.555,7.590",1473,start
4106,P3771,Verena,"47.555,7.590",1473,start
4107,P3772,Peter Gross,"47.555,7.590",1471,end
4108,P3773,Conratt Frowlern,"47.555,7.590",1471,start
4109,P3774,Clowin Hent,"47.555,7.590",1470,end
4110,P3775,Rudolf Murer,"47.555,7.590",1470,start
4111,P3776,Elsin,"47.555,7.590",1464,end
4112,P3777,Lienhart Meiger,"47.555,7.590",1464,start
4113,P3778,Eilsme,"47.555,7.590",1464,start
4114,P3779,Zschagkaburlin,"47.555,7.590",1464,start
4115,P378,Clausen Kupffel,"47.555,7.590",1461,start
4116,P378,Claus Kuppfel,"47.555,7.590",1464,end
4117,P3780,Margret,"47.555,7.590",1470,start
4118,P3781,Henslin Bur,"47.555,7.590",1461,end
4119,P3781,Henslin Bur,"47.555,7.590",1461,end
4120,P3782,Ennelin,"47.555,7.590",1461,end
4121,P3783,Hansen Reding,"47.555,7.590",1461,start
4122,P3784,Vylin,"47.555,7.590",1461,start
4123,P3785,Han - sen Fiersteins,"47.555,7.590",1461,present
4124,P3786,Hansen Wegenster,"47.555,7.590",1461,present
4125,P3787,Hans Grürlich,"47.555,7.590",1451,present
4126,P3788,Cund von moss,"47.555,7.590",1451,present
4127,P3789,Hanns von Gutzburg,"47.555,7.590",1451,end
4128,P379,Verene,"47.555,7.590",1464,end
4129,P3790,Greder,"47.555,7.590",1451,end
4130,P3791,Clausen Stugklin,"47.555,7.590",1451,start
4131,P3792,Elsen,"47.555,7.590",1451,start
4132,P3793,Conrat vormols,"47.555,7.590",1457,present
4133,P3794,Werlin wyach,"47.555,7.590",1463,end
4134,P3795,Eilsin bampfen,"47.555,7.590",1463,end
4135,P3796,Heuman Meder,"47.555,7.590",1451,end
4136,P3797,Ennelin,"47.555,7.590",1451,end
4137,P3798,Elsin Wagker,"47.555,7.590",1451,end
4138,P3799,Bretrichen Doschendorff,"47.555,7.590",1451,start
4139,P380,Niclaus Nachen,"47.555,7.590",1464,start
4140,P3800,Gredlin,"47.555,7.590",1451,start
4141,P3801,Ennelin,"47.555,7.590",1463,end
4142,P3802,Clausen Korblermann,"47.555,7.590",1463,start
4143,P3803,Ennelin,"47.555,7.590",1463,start
4144,P3804,Ludwig Henflinger,"47.555,7.590",1457,present
4145,P3804,Ludwig Heufflinger,"47.555,7.590",1457,end
4146,P3805,rat Gebeler,"47.555,7.590",1465,end
4147,P3806,Hannsen von Kilchen,"47.555,7.590",1465,start
4148,P3807,Magdalene,"47.555,7.590",1465,start
4149,P3808,Elsin,"47.555,7.590",1454,end
4150,P3809,Hannsen Kusmagel,"47.555,7.590",1454,start
4151,P381,Clewis von Friesen,"47.555,7.590",1464,present
4152,P3810,Elsin,"47.555,7.590",1457,present
4153,P3811,Hanns Wernlin,"47.555,7.590",1470,start
4154,P3812,Ennelin,"47.555,7.590",1470,start
4155,P3813,Ursal,"47.555,7.590",1473,end
4156,P3814,Ennelin,"47.555,7.590",1473,start
4157,P3815,Heinrich u Hannsen Brogantz,"47.555,7.590",1462,start
4158,P3816,HeinWittichs,"47.555,7.590",1463,present
4159,P3817,Gredli,"47.555,7.590",1452,end
4160,P3818,Gredlin,"47.555,7.590",1452,start
4161,P3819,Heinrich von Etlingen,"47.555,7.590",1470,end
4162,P382,Magdalene,"47.555,7.590",1451,present
4163,P3820,Elsin Huttingerin,"47.555,7.590",1470,start
4164,P3820,Elsin Kuttingerin,"47.555,7.590",1470,end
4165,P3821,,"47.555,7.590",1470,start
4166,P3822,Elisabeth,"47.555,7.590",1452,start
4167,P3823,Hannsen Sigrist,"47.555,7.590",1458,present
4168,P3824,Hanns von Waltenhein,"47.555,7.590",1475,end
4169,P3825,Burkhart von Waltenheim,"47.555,7.590",1475,start
4170,P3826,Hanns Grafen,"47.555,7.590",1475,start
4171,P3827,Ennelin,"47.555,7.590",1475,start
4172,P3828,Osswalt Walther,"47.555,7.590",1465,present
4173,P3829,Greden von Bartenheim,"47.555,7.590",1465,present
4174,P383,Thiebolt,"47.555,7.590",1458,start
4175,P3830,Johann Zschädeke,"47.555,7.590",1461,end
4176,P3831,Reinhart,"47.555,7.590",1461,end
4177,P3832,Werlin Zschädeki,"47.555,7.590",1461,end
4178,P3833,Hannsen Ulli,"47.555,7.590",1461,start
4179,P3834,Barbel,"47.555,7.590",1456,start
4180,P3835,Golfüds,"47.555,7.590",1468,present
4181,P3836,Henman Rergk,"47.555,7.590",1452,end
4182,P3837,Gredlin Spitzin,"47.555,7.590",1452,end
4183,P3838,Hans phullenden,"47.555,7.590",1450,present
4184,P3839,Cunrat Solins,"47.555,7.590",1460,end
4185,P384,Johanns Kouffenberg,"47.555,7.590",1462,end
4186,P3840,Diepolt Rüchinger,"47.555,7.590",1460,end
4187,P3841,Ursule,"47.555,7.590",1460,end
4188,P3842,Ennelin,"47.555,7.590",1460,end
4189,P3843,Cunr 2teil Thiel,"47.555,7.590",1460,start
4190,P3844,Enneline,"47.555,7.590",1460,start
4191,P3845,Antherg,"47.555,7.590",1463,start
4192,P3846,Peter Hüßler,"47.555,7.590",1465,present
4193,P3847,Bernhart stoker,"47.555,7.590",1469,end
4194,P3848,Heinrich Conrat,"47.555,7.590",1469,start
4195,P3849,Elsin,"47.555,7.590",1469,start
4196,P385,Ulrich schupen,"47.555,7.590",1462,start
4197,P3850,Clewi Möri,"47.555,7.590",1463,start
4198,P3851,Erhart Stützenberg,"47.555,7.590",1456,end
4199,P3852,Margrethen,"47.555,7.590",1456,start
4200,P3853,Heinrich Pfefferlin,"47.555,7.590",1470,start
4201,P3854,Agnesen,"47.555,7.590",1470,start
4202,P3855,Heinrich Horwer,"47.555,7.590",1469,end
4203,P3856,Rudolff Sprengysin,"47.555,7.590",1471,start
4204,P3857,Margret Meder,"47.555,7.590",1471,end
4205,P3858,Hug Meder,"47.555,7.590",1471,end
4206,P3859,Franzen Wagnerin,"47.555,7.590",1471,start
4207,P386,Clare,"47.555,7.590",1462,start
4208,P3860,Magdalena,"47.555,7.590",1471,start
4209,P3861,Margrethen,"47.555,7.590",1466,present
4210,P3862,Cristan Eschembrenner,"47.555,7.590",1452,start
4211,P3863,Ennelin,"47.555,7.590",1452,start
4212,P3864,Michel Heuman,"47.555,7.590",1474,start
4213,P3865,Mechtild,"47.555,7.590",1474,start
4214,P3866,Gilgen Adel,"47.555,7.590",1460,start
4215,P3867,Gredlin,"47.555,7.590",1460,start
4216,P3868,Hannsen Phuwst,"47.555,7.590",1452,start
4217,P3869,Magdalenen,"47.555,7.590",1452,start
4218,P387,Viole von Ratperg,"47.555,7.590",1462,end
4219,P387,Violen von Ratperg,"47.555,7.590",1462,end
4220,P3870,Margret,"47.555,7.590",1474,end
4221,P3871,Johans Swab,"47.555,7.590",1474,end
4222,P3872,Heinrich Kleinen,"47.555,7.590",1450,present
4223,P3873,Andresen Trunyn,"47.555,7.590",1473,end
4224,P3874,Elsin,"47.555,7.590",1473,start
4225,P3875,Conrat Münch,"47.555,7.590",1472,end
4226,P3876,Anna,"47.555,7.590",1472,start
4227,P3877,Lie ten,"47.555,7.590",1462,present
4228,P3878,Capidder,"47.555,7.590",1462,present
4229,P3879,Fridrich Diethelm,"47.555,7.590",1462,present
4230,P388,Frantz Wagners,"47.555,7.590",1469,present
4231,P3880,Troschen,"47.555,7.590",1462,present
4232,P3881,Hanns Pfulwendorff,"47.555,7.590",1473,end
4233,P3882,Ennelin,"47.555,7.590",1473,end
4234,P3883,Hanns tumringer,"47.555,7.590",1473,start
4235,P3884,Kathrina,"47.555,7.590",1473,start
4236,P3885,Uly Herres,"47.555,7.590",1473,present
4237,P3886,Gloklers,"47.555,7.590",1473,present
4238,P3887,Butz Pet,"47.555,7.590",1450,present
4239,P3888,Blech Pet zem Eg,"47.555,7.590",1450,present
4240,P3889,B Blech,"47.555,7.590",1450,present
4241,P389,Erhart Wagners,"47.555,7.590",1469,present
4242,P3890,Stoffel Züricher,"47.555,7.590",1450,end
4243,P3891,Elsin,"47.555,7.590",1450,end
4244,P3892,Jacob von Wigker,"47.555,7.590",1450,start
4245,P3893,Dorotheen,"47.555,7.590",1450,start
4246,P3894,Heinrichen von Veld,"47.555,7.590",1453,start
4247,P3895,Agnesen,"47.555,7.590",1453,start
4248,P3896,Johans von Louffenberg,"47.555,7.590",1462,end
4249,P3897,Angnesen,"47.555,7.590",1462,start
4250,P3898,Hans Ziehmp,"47.555,7.590",1450,present
4251,P3899,Bentelin Penthelm,"47.555,7.590",1450,present
4252,P390,Adam von Spyr,"47.555,7.590",1463,start
4253,P390,Adam von Spyre,"47.555,7.590",1463,start
4254,P3900,Heinrich von Peringen,"47.555,7.590",1451,end
4255,P3901,Hannsen von Arg,"47.555,7.590",1451,start
4256,P3902,Elsen,"47.555,7.590",1451,start
4257,P3903,Ennelin von Buchswilr,"47.555,7.590",1462,end
4258,P3904,Conrat,"47.555,7.590",1462,end
4259,P3905,Clausen Smitt,"47.555,7.590",1462,start
4260,P3906,Ursule,"47.555,7.590",1462,start
4261,P3907,Klingental,"47.555,7.590",1454,end
4262,P3908,Heinrich Dommuch,"47.555,7.590",1454,start
4263,P3909,Margrethen,"47.555,7.590",1454,start
4264,P391,Peter Uberlingers,"47.555,7.590",1463,end
4265,P391,Peter Aberlinger,"47.555,7.590",1463,end
4266,P3910,Henslin turner,"47.555,7.590",1458,start
4267,P3911,Margret stuezembergin,"47.555,7.590",1455,end
4268,P3912,Clausen Herman,"47.555,7.590",1455,start
4269,P3913,Margret,"47.555,7.590",1455,start
4270,P3914,Agnes,"47.555,7.590",1460,end
4271,P3915,Erharten Samuhuser,"47.555,7.590",1460,start
4272,P3916,Hanns Ulrich Nachklegers,"47.555,7.590",1460,present
4273,P3917,Wilers,"47.555,7.590",1460,present
4274,P3918,Hanns Frney,"47.555,7.590",1462,start
4275,P3918,Hanns Fruny,"47.555,7.590",1462,start
4276,P3918,Hanns Frine,"47.555,7.590",1464,start
4277,P3919,Clausen secklin,"47.555,7.590",1462,end
4278,P392,Henman Bürins,"47.555,7.590",1451,start
4279,P392,Henman Bürins,"47.555,7.590",1452,start
4280,P3920,Ursulin Langheine,"47.555,7.590",1461,end
4281,P3921,Margrethen,"47.555,7.590",1475,start
4282,P3922,Symon Truten,"47.555,7.590",1461,start
4283,P3923,Dorothea,"47.555,7.590",1461,start
4284,P3924,Werlin,"47.555,7.590",1472,end
4285,P3925,Peter von Sennhein,"47.555,7.590",1472,end
4286,P3925,Peter von Sennherrn,"47.555,7.590",1474,start
4287,P3926,Conrat Helden,"47.555,7.590",1472,start
4288,P3926,Conrat Helden,"47.555,7.590",1474,end
4289,P3927,Ulrich,"47.555,7.590",1469,present
4290,P3928,Lorentz Rütschlis,"47.555,7.590",1469,present
4291,P3929,S Conreit von Louffen,"47.555,7.590",1455,start
4292,P393,Peter Löwlin,"47.555,7.590",1451,end
4293,P393,Peter Löwlin,"47.555,7.590",1451,end
4294,P393,Peter Löwlin,"47.555,7.590",1452,end
4295,P393,Peter Löwlin,"47.555,7.590",1454,end
4296,P393,Peter Löwlin,"47.555,7.590",1457,end
4297,P393,Peter Löwlin,"47.555,7.590",1457,present
4298,P3930,Elsin,"47.555,7.590",1452,end
4299,P3931,Hansen Wittenheins,"47.555,7.590",1452,end
4300,P3932,Petern Thannhusern,"47.555,7.590",1452,start
4301,P3933,Michel Beschen,"47.555,7.590",1455,present
4302,P3934,Hansen Weschlis,"47.555,7.590",1455,present
4303,P3935,Ludwig,"47.555,7.590",1471,start
4304,P3936,Peter Brand,"47.555,7.590",1471,end
4305,P3937,Hermann Heidelin,"47.555,7.590",1474,start
4306,P3938,Elsin,"47.555,7.590",1452,start
4307,P3939,Niclauws Rusch,"47.555,7.590",1471,present
4308,P394,Dietrichen Kreps,"47.555,7.590",1451,start
4309,P394,Eretrichen Krebs,"47.555,7.590",1451,start
4310,P394,Diethrich Kreps,"47.555,7.590",1452,start
4311,P394,Detrichen Kreps,"47.555,7.590",1452,start
4312,P394,Dietrich Kreps,"47.555,7.590",1452,start
4313,P3940,Rudy Hertzog,"47.555,7.590",1450,end
4314,P3941,Heinrichen Rinner,"47.555,7.590",1450,start
4315,P3942,Hedmen,"47.555,7.590",1450,start
4316,P3943,Clausen,"47.555,7.590",1456,present
4317,P3944,Agnese,"47.555,7.590",1460,end
4318,P3945,Hannsen Rosenfelt,"47.555,7.590",1460,start
4319,P3946,Anna,"47.555,7.590",1460,end
4320,P3947,Martin Strychenbach,"47.555,7.590",1470,end
4321,P3948,Elsa,"47.555,7.590",1470,end
4322,P3949,Ursalen,"47.555,7.590",1470,start
4323,P395,Elsin,"47.555,7.590",1451,start
4324,P3950,Ludwig,"47.555,7.590",1470,start
4325,P3951,Peter Stülern,"47.555,7.590",1470,end
4326,P3952,Hansen Piren,"47.555,7.590",1470,end
4327,P3953,Conrat Müller,"47.555,7.590",1462,end
4328,P3954,Johanns Mang,"47.555,7.590",1452,end
4329,P3955,Hanns Swanck,"47.555,7.590",1461,end
4330,P3956,Lienhart Guldinknoph,"47.555,7.590",1461,start
4331,P3957,Elsin,"47.555,7.590",1461,start
4332,P3958,Mühlerin,"47.555,7.590",1461,present
4333,P3959,Henin meigers,"47.555,7.590",1461,present
4334,P396,Elsin Stegerin,"47.555,7.590",1451,start
4335,P396,Eilsin stegers,"47.555,7.590",1451,start
4336,P396,Elsin Stegers,"47.555,7.590",1452,start
4337,P3960,Elsin,"47.555,7.590",1458,end
4338,P3961,,"47.555,7.590",1458,start
4339,P3962,Kathrin Kregewoglin,"47.555,7.590",1470,end
4340,P3963,Franz schmalezen,"47.555,7.590",1470,start
4341,P3964,Burkhart Rudy,"47.555,7.590",1473,start
4342,P3965,Margret,"47.555,7.590",1473,start
4343,P3966,Gertrutt Estericherin,"47.555,7.590",1473,end
4344,P3967,Lonhatz von Glaris,"47.555,7.590",1473,start
4345,P3968,Ulrich von Bruck,"47.555,7.590",1463,end
4346,P3969,Essel,"47.555,7.590",1463,end
4347,P397,Bobst ư Convent,"47.555,7.590",1451,end
4348,P3970,Conrat Lutenbach,"47.555,7.590",1463,start
4349,P3971,Magdalena,"47.555,7.590",1463,start
4350,P3972,Metzi Negelin,"47.555,7.590",1453,present
4351,P3973,Hannsen Thirters,"47.555,7.590",1453,present
4352,P3974,Hanns Gesslis,"47.555,7.590",1470,present
4353,P3975,Hanns Byschoff,"47.555,7.590",1451,end
4354,P3976,Hanns Richart,"47.555,7.590",1451,start
4355,P3977,Ennelin,"47.555,7.590",1451,start
4356,P3978,Ennelin,"47.555,7.590",1474,start
4357,P3979,Conrat Sporlin,"47.555,7.590",1462,present
4358,P398,Martin Stahel,"47.555,7.590",1463,present
4359,P398,Martin Stahll,"47.555,7.590",1463,present
4360,P3980,Wernlin Wytolff,"47.555,7.590",1464,present
4361,P3981,Elsin Schillingin,"47.555,7.590",1470,present
4362,P3982,Wernlin,"47.555,7.590",1453,end
4363,P3983,Wernlin Wertgast,"47.555,7.590",1453,end
4364,P3983,Wernlin Wergass,"47.555,7.590",1453,end
4365,P3983,Wernlin Wertgast,"47.555,7.590",1453,end
4366,P3984,Ursalin,"47.555,7.590",1474,present
4367,P3985,Cloren,"47.555,7.590",1457,start
4368,P3986,Agnesen,"47.555,7.590",1471,present
4369,P3987,Heinrich Bischoff,"47.555,7.590",1470,end
4370,P3988,Margret,"47.555,7.590",1470,end
4371,P3989,Ennelin,"47.555,7.590",1470,start
4372,P399,Hanns Struben,"47.555,7.590",1472,present
4373,P399,Hanns Struben,"47.555,7.590",1473,present
4374,P399,Hans Struben,"47.555,7.590",1473,present
4375,P399,Hanns Strussen,"47.555,7.590",1474,start
4376,P399,Hanns Struben,"47.555,7.590",1475,start
4377,P3990,Hanns Rudolffen von Buttiken,"47.555,7.590",1451,present
4378,P3991,Rudolff von Ramstein Frighern,"47.555,7.590",1470,end
4379,P3992,Anna,"47.555,7.590",1451,end
4380,P3993,Katherinen,"47.555,7.590",1451,start
4381,P3994,Ennelin,"47.555,7.590",1461,end
4382,P3995,Bernharten Begk,"47.555,7.590",1461,start
4383,P3996,Ennelin,"47.555,7.590",1461,start
4384,P3997,Keppeliner,"47.555,7.590",1453,end
4385,P3998,Lienhart Eberler,"47.555,7.590",1459,present
4386,P3998,Lienhart eberlers,"47.555,7.590",1459,present
4387,P3999,Heinrich Zschampi,"47.555,7.590",1464,end
4388,P400,Ennelin,"47.555,7.590",1473,present
4389,P4000,Martino Strowlin,"47.555,7.590",1464,start
4390,P4001,Peter Fritag,"47.555,7.590",1464,end
4391,P4002,Martin Vnger,"47.555,7.590",1464,start
4392,P4003,Lienhart,"47.555,7.590",1459,present
4393,P4004,Merzine,"47.555,7.590",1457,present
4394,P4005,Else Richartin,"47.555,7.590",1463,end
4395,P4006,Hannsen Regensperger,"47.555,7.590",1463,start
4396,P4007,Hanns Gysler,"47.555,7.590",1463,end
4397,P4008,Eilsin burckmans,"47.555,7.590",1463,end
4398,P4009,Hannsen Rothouptlin,"47.555,7.590",1463,start
4399,P401,Jacob Joners,"47.555,7.590",1473,present
4400,P4010,Clewin Rothoptlin,"47.555,7.590",1463,start
4401,P4010,Clewin Rothoptlin,"47.555,7.590",1463,start
4402,P4011,Eilsin,"47.555,7.590",1463,end
4403,P4012,Elsa von Ars,"47.555,7.590",1452,start
4404,P4013,Götzen,"47.555,7.590",1452,present
4405,P4014,Ennely,"47.555,7.590",1466,start
4406,P4015,Margred Brandin,"47.555,7.590",1450,present
4407,P4016,Hans Brugkers,"47.555,7.590",1450,present
4408,P4017,Elsy Gerispachin,"47.555,7.590",1450,present
4409,P4018,Margred loschdorffin,"47.555,7.590",1450,present
4410,P4018,Margred Loschdorffin,"47.555,7.590",1450,present
4411,P4019,Hugly Camiss,"47.555,7.590",1472,end
4412,P402,Lienhart Rümlin,"47.555,7.590",1454,end
4413,P402,Lienhart Rümelin,"47.555,7.590",1455,end
4414,P4020,Lienhart Herman,"47.555,7.590",1472,start
4415,P4021,Clewin Spenglers,"47.555,7.590",1472,present
4416,P4022,Heinrich Hertzog,"47.555,7.590",1463,end
4417,P4023,Heinrich Jegkis,"47.555,7.590",1463,start
4418,P4024,Elsen,"47.555,7.590",1463,start
4419,P4025,Jacob von Molshein Güter,"47.555,7.590",1460,start
4420,P4026,Emelin Wachteine,"47.555,7.590",1468,start
4421,P4027,Peter Korblin,"47.555,7.590",1468,start
4422,P4027,Peter Körblin,"47.555,7.590",1472,start
4423,P4028,Emelin,"47.555,7.590",1468,start
4424,P4029,Blasi Winsperg,"47.555,7.590",1450,end
4425,P403,ppldet grentz sch Leonardi,"47.555,7.590",1455,end
4426,P4030,Heinrichen ze Rynow Meyglin,"47.555,7.590",1450,start
4427,P4031,"Ennelin , e Ryer","47.555,7.590",1450,start
4428,P4032,Kather na,"47.555,7.590",1474,start
4429,P4033,Margret,"47.555,7.590",1475,start
4430,P4034,Müller,"47.555,7.590",1466,present
4431,P4035,Heinrich Spiezen,"47.555,7.590",1464,present
4432,P4036,Hanns Voly,"47.555,7.590",1460,present
4433,P4037,Hans Hagast,"47.555,7.590",1472,end
4434,P4038,Ennelin,"47.555,7.590",1472,end
4435,P4039,Ennelin,"47.555,7.590",1472,start
4436,P404,Heinrich Schaffner,"47.555,7.590",1455,start
4437,P404,Heinrich scheffer,"47.555,7.590",1455,start
4438,P404,Heinrich scheffer,"47.555,7.590",1458,end
4439,P4040,Werly Eremans,"47.555,7.590",1472,present
4440,P4041,Michel,"47.555,7.590",1472,present
4441,P4042,Urselin,"47.555,7.590",1474,end
4442,P4043,Conrat fregen,"47.555,7.590",1474,start
4443,P4044,Verena,"47.555,7.590",1474,start
4444,P4045,Stesslin Sürlin,"47.555,7.590",1454,end
4445,P4046,Hanns Sürlin,"47.555,7.590",1454,end
4446,P4047,Berbelin,"47.555,7.590",1454,start
4447,P4048,Martin Sunit,"47.555,7.590",1474,start
4448,P4049,Ennelin,"47.555,7.590",1474,start
4449,P405,Gredlin,"47.555,7.590",1455,start
4450,P4050,Elsin Wartembergin,"47.555,7.590",1452,end
4451,P4051,Hannsen Swytzlin,"47.555,7.590",1452,start
4452,P4052,Heini Drumans,"47.555,7.590",1450,present
4453,P4052,Heini Drumans,"47.555,7.590",1450,present
4454,P4053,Hemman Hegglers,"47.555,7.590",1450,present
4455,P4053,Hemman Heyglers,"47.555,7.590",1450,present
4456,P4054,Ennelin,"47.555,7.590",1461,end
4457,P4055,Clewin Burckart,"47.555,7.590",1461,end
4458,P4056,Agnes,"47.555,7.590",1469,start
4459,P4057,Ursule,"47.555,7.590",1460,present
4460,P4058,Elsin Rychartin,"47.555,7.590",1470,end
4461,P4059,Marz von Wimpfen,"47.555,7.590",1470,start
4462,P406,Ludwig,"47.555,7.590",1450,end
4463,P4060,Heinrich Arsen,"47.555,7.590",1471,start
4464,P4061,Kathrina,"47.555,7.590",1471,start
4465,P4062,Claus,"47.555,7.590",1458,end
4466,P4063,Bernhart Kreiner,"47.555,7.590",1458,start
4467,P4064,Elsine,"47.555,7.590",1458,start
4468,P4065,Hanns Negelin,"47.555,7.590",1452,start
4469,P4066,Thyn,"47.555,7.590",1452,start
4470,P4067,Hanns thüringer,"47.555,7.590",1464,start
4471,P4068,Eilse Sundlin,"47.555,7.590",1461,end
4472,P4069,Hannsen Sattler,"47.555,7.590",1461,start
4473,P407,Hans Pelpers,"47.555,7.590",1450,end
4474,P4070,Hannsen Widerspach,"47.555,7.590",1463,start
4475,P4071,Johannes tantzer,"47.555,7.590",1457,start
4476,P4072,Wartenberg Claus,"47.555,7.590",1457,present
4477,P4073,Claus Wartemberg,"47.555,7.590",1457,present
4478,P4073,Claus Wartenberg,"47.555,7.590",1457,present
4479,P4074,Gwald Wortenberg,"47.555,7.590",1457,present
4480,P4075,Niclaus Ryser,"47.555,7.590",1457,end
4481,P4076,Ursula Zschann,"47.555,7.590",1471,start
4482,P4077,Lienhart Keller,"47.555,7.590",1461,start
4483,P4078,Agnes,"47.555,7.590",1461,start
4484,P4079,Henslin Keller,"47.555,7.590",1461,start
4485,P408,Conrat Slebiezer,"47.555,7.590",1455,end
4486,P408,Conrat Hebiczer,"47.555,7.590",1455,end
4487,P408,Conrat Slebiczer,"47.555,7.590",1455,end
4488,P408,Conraten Hebieger,"47.555,7.590",1457,present
4489,P408,Conrat Hebirzer,"47.555,7.590",1457,present
4490,P408,Conrat Plebiger,"47.555,7.590",1457,end
4491,P408,Conrat Hebiger,"47.555,7.590",1457,present
4492,P408,Conrat sebiczer,"47.555,7.590",1460,end
4493,P408,Conrat Slebiger,"47.555,7.590",1460,end
4494,P408,Conrat Slebiczer,"47.555,7.590",1461,start
4495,P408,Conrat Plebiger,"47.555,7.590",1462,start
4496,P408,Conrat Stebiezer,"47.555,7.590",1463,end
4497,P408,Conrat Sebrzer,"47.555,7.590",1463,start
4498,P408,Conrat Stebieger,"47.555,7.590",1463,start
4499,P4080,Erhart Wunderlich,"47.555,7.590",1463,end
4500,P4081,Gredlin,"47.555,7.590",1463,start
4501,P4082,Hanns Ulrich,"47.555,7.590",1450,start
4502,P4083,Reynh Burgkli,"47.555,7.590",1452,start
4503,P4084,Jörgen Kessler,"47.555,7.590",1466,start
4504,P4085,Ennelin,"47.555,7.590",1466,start
4505,P4086,Koler,"47.555,7.590",1463,end
4506,P4087,Friedli Stoub,"47.555,7.590",1459,present
4507,P4088,Anradt Nagell,"47.555,7.590",1459,present
4508,P4089,Peter Steiben,"47.555,7.590",1453,start
4509,P409,Hannsen,"47.555,7.590",1460,start
4510,P4090,Elsin,"47.555,7.590",1453,start
4511,P4091,Agner gipser,"47.555,7.590",1458,end
4512,P4092,,"47.555,7.590",1458,end
4513,P4093,Schulers,"47.555,7.590",1451,present
4514,P4094,Spennis,"47.555,7.590",1451,present
4515,P4095,Jos von Heldbrn,"47.555,7.590",1472,start
4516,P4096,Hanns Luterbach,"47.555,7.590",1470,end
4517,P4097,Ursal,"47.555,7.590",1470,end
4518,P4098,Peter Malstein,"47.555,7.590",1470,start
4519,P4099,Margreten,"47.555,7.590",1470,start
4520,P410,Mathis Blamners,"47.555,7.590",1464,present
4521,P4100,Soss Mürich,"47.555,7.590",1456,start
4522,P4101,Cune zer Bach,"47.555,7.590",1455,end
4523,P4102,Heinrich zer Bach,"47.555,7.590",1455,end
4524,P4103,Heinrichen Dietschi,"47.555,7.590",1455,start
4525,P4104,Ennelin,"47.555,7.590",1455,start
4526,P4105,Hans Blattners,"47.555,7.590",1463,start
4527,P4106,Hannsen Zübers,"47.555,7.590",1463,present
4528,P4107,Neberin,"47.555,7.590",1463,present
4529,P4108,Margaretha,"47.555,7.590",1458,end
4530,P4109,Peter Kolers,"47.555,7.590",1458,start
4531,P411,Itlin Blauners,"47.555,7.590",1464,present
4532,P4110,Gredline,"47.555,7.590",1458,start
4533,P4111,Hanns Fridlin Heilprum,"47.555,7.590",1454,present
4534,P4112,Stoffel Ludis,"47.555,7.590",1474,present
4535,P4113,Conraten Göbel,"47.555,7.590",1458,present
4536,P4114,,"47.555,7.590",1470,end
4537,P4115,Conrade Vogt,"47.555,7.590",1470,start
4538,P4116,Cristina,"47.555,7.590",1470,start
4539,P4117,Peterhans Moris,"47.555,7.590",1463,present
4540,P4118,Hansen Nestlis,"47.555,7.590",1463,present
4541,P4119,Ennelin,"47.555,7.590",1451,start
4542,P412,Claus Swab zem Krauch,"47.555,7.590",1474,end
4543,P4120,Gredlin,"47.555,7.590",1451,end
4544,P4121,Hauss Souffer,"47.555,7.590",1450,end
4545,P4122,Gred,"47.555,7.590",1450,end
4546,P4123,Laurentz Touffer,"47.555,7.590",1450,start
4547,P4124,Elsin,"47.555,7.590",1453,end
4548,P4125,Agnesen Kuminen,"47.555,7.590",1453,start
4549,P4126,Gotschalb,"47.555,7.590",1465,present
4550,P4127,Swoben,"47.555,7.590",1465,present
4551,P4128,Hanns angraben,"47.555,7.590",1461,end
4552,P4129,Claus,"47.555,7.590",1461,end
4553,P413,Ursal,"47.555,7.590",1474,end
4554,P4130,Heinrich Hunemberg,"47.555,7.590",1461,start
4555,P4131,,"47.555,7.590",1450,present
4556,P4132,Burkhart Haufstengel,"47.555,7.590",1464,end
4557,P4133,Weltin Baseler,"47.555,7.590",1464,end
4558,P4134,Barbelin,"47.555,7.590",1464,end
4559,P4135,Heinrichen Muspach,"47.555,7.590",1464,start
4560,P4136,Greden,"47.555,7.590",1464,start
4561,P4137,Burckhart,"47.555,7.590",1464,start
4562,P4138,Clara,"47.555,7.590",1471,start
4563,P4139,Elsin Tannhuserin,"47.555,7.590",1471,end
4564,P414,Lorenz Brugkmüller,"47.555,7.590",1474,start
4565,P414,Loren Brugkmüller,"47.555,7.590",1474,start
4566,P4140,Heinrich Durch,"47.555,7.590",1471,start
4567,P4141,Barbara,"47.555,7.590",1471,start
4568,P4142,Ursula,"47.555,7.590",1456,end
4569,P4143,Michel Glaser,"47.555,7.590",1456,start
4570,P4144,Magdalenen,"47.555,7.590",1456,start
4571,P4145,Hannsen Zobels,"47.555,7.590",1460,end
4572,P4146,Michel pfrönder,"47.555,7.590",1470,end
4573,P4147,Heinzi frscher,"47.555,7.590",1470,start
4574,P4148,Lutelstorff,"47.555,7.590",1463,end
4575,P4149,Steffan Besserer,"47.555,7.590",1473,end
4576,P415,Gretlin,"47.555,7.590",1474,start
4577,P4150,Elsin,"47.555,7.590",1473,end
4578,P4151,Hanns von Schafflinsen,"47.555,7.590",1473,start
4579,P4152,Elsin,"47.555,7.590",1473,start
4580,P4153,Marsten,"47.555,7.590",1463,present
4581,P4154,Lenen,"47.555,7.590",1463,present
4582,P4155,Ennelin,"47.555,7.590",1462,end
4583,P4156,Eilsin,"47.555,7.590",1462,start
4584,P4157,Adelheit Rütlingers,"47.555,7.590",1464,end
4585,P4158,Ulli Zossen,"47.555,7.590",1464,start
4586,P4159,Heinr Müller,"47.555,7.590",1458,start
4587,P416,Gredlin,"47.555,7.590",1458,start
4588,P4160,Ludi Weber,"47.555,7.590",1461,end
4589,P4161,Verselin,"47.555,7.590",1461,end
4590,P4162,Will Nussbomms,"47.555,7.590",1463,present
4591,P4163,Ennelin Mederin,"47.555,7.590",1469,end
4592,P4164,Lux Gebhart,"47.555,7.590",1469,end
4593,P4165,Elsin Nagels,"47.555,7.590",1469,end
4594,P4166,Claren tochter,"47.555,7.590",1469,end
4595,P4167,Heinrich Nagel,"47.555,7.590",1469,end
4596,P4168,Michel sund,"47.555,7.590",1469,start
4597,P4169,Agnesen pegers,"47.555,7.590",1469,start
4598,P417,Dretherich Koler,"47.555,7.590",1458,end
4599,P417,Dietherich Koler,"47.555,7.590",1458,end
4600,P417,Dietherich Koler,"47.555,7.590",1463,end
4601,P4170,Heinrich Rüsegker,"47.555,7.590",1464,start
4602,P4171,Ennelin,"47.555,7.590",1464,start
4603,P4172,Adelheit,"47.555,7.590",1455,start
4604,P4173,Wernher von Sennhen,"47.555,7.590",1474,start
4605,P4174,Briden,"47.555,7.590",1457,present
4606,P4175,Rumilis Mül,"47.555,7.590",1450,present
4607,P4176,Spirerssic,"47.555,7.590",1450,present
4608,P4177,Hannsen ebhöws,"47.555,7.590",1459,present
4609,P4178,Johanns schönli,"47.555,7.590",1457,end
4610,P4179,Gruz Riffen,"47.555,7.590",1457,start
4611,P418,Hanns Philipps Offenburg,"47.555,7.590",1474,end
4612,P418,Hans Philipps Offenburg,"47.555,7.590",1474,end
4613,P418,Hanns Philipp Offenburg,"47.555,7.590",1474,end
4614,P4180,Else,"47.555,7.590",1457,start
4615,P4181,Elsin,"47.555,7.590",1450,end
4616,P4182,Margarethen,"47.555,7.590",1450,start
4617,P4183,Ulman Bertschis,"47.555,7.590",1450,present
4618,P4184,Rümelis,"47.555,7.590",1450,present
4619,P4185,Gred Susslin,"47.555,7.590",1452,end
4620,P4186,Brygden,"47.555,7.590",1452,start
4621,P4187,Friedrich Rot,"47.555,7.590",1460,end
4622,P4188,Ennelin,"47.555,7.590",1460,start
4623,P4189,Ertenbold von Schönenburg,"47.555,7.590",1474,end
4624,P419,Claus von Bidertal,"47.555,7.590",1467,present
4625,P419,Claus von Bredertal,"47.555,7.590",1469,end
4626,P419,Claus von Biedertal,"47.555,7.590",1471,present
4627,P419,Claus von Biedertal,"47.555,7.590",1471,end
4628,P419,Claus von Biedertat,"47.555,7.590",1474,end
4629,P4190,Margreten,"47.555,7.590",1474,start
4630,P4191,Wernlin,"47.555,7.590",1453,end
4631,P4192,Fritag,"47.555,7.590",1450,end
4632,P4193,Heinrich Dand,"47.555,7.590",1450,start
4633,P4194,Peterhansen Brand,"47.555,7.590",1462,present
4634,P4195,Erhart Miteig,"47.555,7.590",1462,present
4635,P4196,Hanns Adel Jsen,"47.555,7.590",1455,end
4636,P4197,Ennelin,"47.555,7.590",1455,end
4637,P4198,Martin Gremper,"47.555,7.590",1455,start
4638,P4199,Ennelin,"47.555,7.590",1455,start
4639,P420,Peter Offenburg,"47.555,7.590",1470,end
4640,P420,Peters von Offenburg,"47.555,7.590",1471,end
4641,P420,Peter Offenburgs,"47.555,7.590",1474,end
4642,P420,Peter Offenburg,"47.555,7.590",1474,end
4643,P420,Peter von Offenburg,"47.555,7.590",1474,end
4644,P4200,Cloren Kellerin,"47.555,7.590",1464,start
4645,P4201,Cloren,"47.555,7.590",1464,start
4646,P4202,Barbel,"47.555,7.590",1456,end
4647,P421,Haus Zschegkapürlin,"47.555,7.590",1474,start
4648,P422,Hanns Lacher,"47.555,7.590",1471,end
4649,P422,Hanns Lacher,"47.555,7.590",1471,end
4650,P423,Margreth Wittich,"47.555,7.590",1471,end
4651,P423,Margret Wittich,"47.555,7.590",1471,end
4652,P424,Steffa Stein,"47.555,7.590",1471,end
4653,P424,Steffan Stein,"47.555,7.590",1471,start
4654,P424,Steffa Stein,"47.555,7.590",1473,start
4655,P425,Werlin fesch,"47.555,7.590",1471,start
4656,P426,Elsin bilgers,"47.555,7.590",1471,start
4657,P427,Heinrich Witrich,"47.555,7.590",1471,present
4658,P428,Andres Mercklin,"47.555,7.590",1455,end
4659,P428,Andres Mercklin,"47.555,7.590",1455,end
4660,P428,Andres Mercklin,"47.555,7.590",1460,end
4661,P429,Fridlin Sweblin,"47.555,7.590",1471,start
4662,P430,Metzin,"47.555,7.590",1471,start
4663,P431,Hanns Strgnmeiger,"47.555,7.590",1457,end
4664,P431,Hanns Stronmeiger,"47.555,7.590",1457,start
4665,P432,Ulrich Wolfferser,"47.555,7.590",1457,start
4666,P433,Ennelin,"47.555,7.590",1457,start
4667,P434,Ennelin von Waltpach,"47.555,7.590",1454,end
4668,P435,Hanns frye,"47.555,7.590",1454,end
4669,P436,Clewi Wisslin,"47.555,7.590",1454,start
4670,P436,Clewi Wisslin,"47.555,7.590",1455,start
4671,P437,Barbalen,"47.555,7.590",1454,start
4672,P438,,"47.555,7.590",1471,start
4673,P439,Barbara,"47.555,7.590",1471,start
4674,P440,Hans,"47.555,7.590",1450,end
4675,P441,Angnes,"47.555,7.590",1450,end
4676,P442,Cistin Stögkli,"47.555,7.590",1450,start
4677,P443,Heinrich Wischer,"47.555,7.590",1450,start
4678,P443,Heinrich Vischer,"47.555,7.590",1451,present
4679,P444,Angnesen,"47.555,7.590",1450,start
4680,P445,Margret Lampenbergin,"47.555,7.590",1463,end
4681,P446,Hanns von Gleigen,"47.555,7.590",1463,end
4682,P447,Custinen,"47.555,7.590",1463,start
4683,P448,Geschart,"47.555,7.590",1451,end
4684,P449,Peter Jager,"47.555,7.590",1451,start
4685,P450,Angnesen,"47.555,7.590",1451,start
4686,P451,Niclaus Keller,"47.555,7.590",1461,end
4687,P452,Ludwig Hagendal,"47.555,7.590",1461,end
4688,P453,Heinrich Zigelis,"47.555,7.590",1461,end
4689,P454,Hansen Drine,"47.555,7.590",1461,start
4690,P455,Heinrich Im Hoff,"47.555,7.590",1470,end
4691,P456,Ursalen,"47.555,7.590",1470,end
4692,P457,Hanns Bragad,"47.555,7.590",1470,start
4693,P458,Margret,"47.555,7.590",1470,start
4694,P459,Ulrich Gügelin,"47.555,7.590",1470,present
4695,P460,Schaffhen,"47.555,7.590",1451,present
4696,P461,Ulrichs von Nuwenburg,"47.555,7.590",1451,present
4697,P462,Werlin geltrichinger,"47.555,7.590",1461,end
4698,P463,Hannsen Siden,"47.555,7.590",1461,start
4699,P464,Hans Sürlins Knechts,"47.555,7.590",1450,present
4700,P465,Bentzen,"47.555,7.590",1450,present
4701,P466,Hanns Heinr,"47.555,7.590",1464,present
4702,P467,helch Geben,"47.555,7.590",1464,present
4703,P468,Hannsen Schrötter,"47.555,7.590",1454,start
4704,P468,Hanns Schrötters,"47.555,7.590",1455,present
4705,P469,Claus Vißler,"47.555,7.590",1462,end
4706,P469,Claus Vißler,"47.555,7.590",1463,end
4707,P470,Ennelin,"47.555,7.590",1462,end
4708,P471,Ennelin Otingers,"47.555,7.590",1462,start
4709,P472,Ennelin,"47.555,7.590",1462,start
4710,P473,Esmelin,"47.555,7.590",1462,start
4711,P474,Peter Kutzen,"47.555,7.590",1472,start
4712,P475,Ennelin,"47.555,7.590",1472,start
4713,P476,Haus phirter,"47.555,7.590",1452,start
4714,P477,Hanns Knüttel,"47.555,7.590",1456,present
4715,P478,Margrethe von Ryschach,"47.555,7.590",1456,present
4716,P479,Gewil,"47.555,7.590",1456,present
4717,P480,Conraten Krafft,"47.555,7.590",1450,start
4718,P480,Conrat Krafft,"47.555,7.590",1452,start
4719,P480,Conraten Krafft,"47.555,7.590",1454,start
4720,P481,Hanns Jnner,"47.555,7.590",1456,end
4721,P482,Grede,"47.555,7.590",1456,end
4722,P483,Sosten Engel,"47.555,7.590",1456,start
4723,P484,Ursulen,"47.555,7.590",1456,start
4724,P485,Heinrichen,"47.555,7.590",1461,start
4725,P486,Hanns von Heilprunn,"47.555,7.590",1469,end
4726,P487,Ennelin,"47.555,7.590",1469,end
4727,P488,Heinrich Gyger,"47.555,7.590",1469,start
4728,P489,Ursalen,"47.555,7.590",1469,start
4729,P490,Richart,"47.555,7.590",1450,end
4730,P491,Gred Rumers,"47.555,7.590",1450,end
4731,P492,Rudin Hertzog,"47.555,7.590",1450,start
4732,P492,Rudin Hertzog,"47.555,7.590",1450,end
4733,P492,Rudin Hertzog,"47.555,7.590",1453,end
4734,P492,Rudin Hertzog,"47.555,7.590",1453,present
4735,P493,Ennelin,"47.555,7.590",1450,start
4736,P494,Heinrich Jrg,"47.555,7.590",1471,end
4737,P495,Hannsen Heyden,"47.555,7.590",1471,start
4738,P496,Elsin,"47.555,7.590",1471,start
4739,P497,Peter Breitenbach,"47.555,7.590",1474,end
4740,P497,Peter Breitenbach,"47.555,7.590",1475,end
4741,P497,Peter Breitenbach,"47.555,7.590",1475,end
4742,P498,Vesal tröschin,"47.555,7.590",1475,end
4743,P499,Ulrich Meltinger,"47.555,7.590",1471,end
4744,P499,Ulrich Meiger,"47.555,7.590",1471,start
4745,P499,Ulrich Meiger,"47.555,7.590",1471,start
4746,P499,Ulrich Meltinger,"47.555,7.590",1473,end
4747,P499,Ulrich Mellingern,"47.555,7.590",1473,start
4748,P499,Ulrich Meltinger,"47.555,7.590",1475,start
4749,P499,Ulrich Meltinger,"47.555,7.590",1475,start
4750,P500,Ludwig Rörtlin,"47.555,7.590",1461,end
4751,P501,Johannsen Rudolff von Wiler,"47.555,7.590",1461,end
4752,P502,Wilhelm Giger,"47.555,7.590",1461,start
4753,P503,Otilie,"47.555,7.590",1461,start
4754,P504,Lienh Meyer,"47.555,7.590",1458,start
4755,P504,Lienh Meyer,"47.555,7.590",1459,end
4756,P504,Lienh meyer,"47.555,7.590",1460,start
4757,P505,Lienhart Hertzbrecher,"47.555,7.590",1451,end
4758,P506,Ennelin von Luters derf,"47.555,7.590",1470,start
4759,P506,Ennelin von Lüters dorff,"47.555,7.590",1475,end
4760,P507,Ludwig Keufflingers,"47.555,7.590",1474,present
4761,P507,Ludwig Heuflinger,"47.555,7.590",1475,start
4762,P508,Clausen von Andeler,"47.555,7.590",1472,end
4763,P509,Urselin,"47.555,7.590",1472,start
4764,P510,Heuruch Billing,"47.555,7.590",1472,start
4765,P511,Kathrinen,"47.555,7.590",1472,start
4766,P512,Caspar von Regishein,"47.555,7.590",1461,end
4767,P512,Caspar von Regesshein,"47.555,7.590",1461,start
4768,P513,Peter Sürlin,"47.555,7.590",1462,end
4769,P513,Peter Sürlin,"47.555,7.590",1462,present
4770,P513,Peter Sürlin,"47.555,7.590",1462,present
4771,P513,Peter Sürlin,"47.555,7.590",1463,end
4772,P514,Hansen Becherlis,"47.555,7.590",1459,end
4773,P514,Hansen Becherlin,"47.555,7.590",1460,start
4774,P514,Hans Becherlin,"47.555,7.590",1461,end
4775,P514,Hannsen Bederlin,"47.555,7.590",1462,start
4776,P515,Hannsen Sürlin,"47.555,7.590",1462,present
4777,P516,Hannsen plorer,"47.555,7.590",1463,end
4778,P517,Steffan de Versis,"47.555,7.590",1457,end
4779,P518,Werlin Saler,"47.555,7.590",1455,start
4780,P518,Werlin Saler,"47.555,7.590",1457,start
4781,P519,Rychart Bachuss,"47.555,7.590",1451,start
4782,P520,Margaretha,"47.555,7.590",1451,start
4783,P521,Elsin,"47.555,7.590",1472,end
4784,P522,Jacob stenachern,"47.555,7.590",1472,start
4785,P522,Jacob Steinacher,"47.555,7.590",1473,start
4786,P523,Margreten,"47.555,7.590",1472,start
4787,P524,Claus Buttons,"47.555,7.590",1457,end
4788,P525,Thiebolt Büchinger,"47.555,7.590",1457,start
4789,P526,Ennelin,"47.555,7.590",1457,start
4790,P527,Agnes Pflugers,"47.555,7.590",1469,start
4791,P527,Agnes Pflugers,"47.555,7.590",1469,start
4792,P527,Agnes Pflugerin,"47.555,7.590",1469,end
4793,P528,Ludwig Sifrid,"47.555,7.590",1458,end
4794,P529,Wertgassen,"47.555,7.590",1458,end
4795,P530,Jacob Riessen,"47.555,7.590",1464,start
4796,P531,Barbelen,"47.555,7.590",1464,start
4797,P532,Eilsin zem Blumen,"47.555,7.590",1462,present
4798,P532,Eilsin zem Blumen,"47.555,7.590",1462,present
4799,P533,Thoman Honwart,"47.555,7.590",1454,end
4800,P533,Thoman Honwart,"47.555,7.590",1454,end
4801,P533,Thoman Honwalt,"47.555,7.590",1457,end
4802,P534,Ulrich Thüring,"47.555,7.590",1454,end
4803,P534,Ulich Thüring,"47.555,7.590",1454,start
4804,P534,Ulrich Thüring,"47.555,7.590",1454,end
4805,P534,Ulich Thüring,"47.555,7.590",1454,start
4806,P535,Burkart Besser,"47.555,7.590",1463,end
4807,P535,Burkart Besserer,"47.555,7.590",1463,end
4808,P535,Bierkart Besserer,"47.555,7.590",1463,start
4809,P535,Burckart Besserer,"47.555,7.590",1464,end
4810,P535,Burkhart Besserer,"47.555,7.590",1464,end
4811,P536,Heinrichen Schaler,"47.555,7.590",1463,start
4812,P537,Oßwalden Holtzach,"47.555,7.590",1463,start
4813,P537,Oßwalt Holtzachs,"47.555,7.590",1464,present
4814,P537,Oßwald Holtzach,"47.555,7.590",1464,end
4815,P537,Oswald Holtzach,"47.555,7.590",1465,present
4816,P537,Oswalt Holtzach,"47.555,7.590",1469,present
4817,P538,Heinrich Bömlin,"47.555,7.590",1450,start
4818,P538,Heinrich Bömli,"47.555,7.590",1452,start
4819,P538,Heinrich Bömlin,"47.555,7.590",1453,end
4820,P539,Peter Engels,"47.555,7.590",1464,present
4821,P540,Aninas Bleichen,"47.555,7.590",1464,present
4822,P541,Elsin Heidelerin,"47.555,7.590",1470,end
4823,P541,Elsin Heidelerin,"47.555,7.590",1470,start
4824,P542,Crista Götz,"47.555,7.590",1470,start
4825,P543,Margreten,"47.555,7.590",1470,start
4826,P544,Conrad Tutelin,"47.555,7.590",1471,start
4827,P545,Else,"47.555,7.590",1471,start
4828,P546,Berchtoltz,"47.555,7.590",1458,present
4829,P547,Hug zem Kolben,"47.555,7.590",1458,present
4830,P548,Agnes,"47.555,7.590",1457,end
4831,P549,Magdalene,"47.555,7.590",1457,start
4832,P550,Henman von Efringen,"47.555,7.590",1455,present
4833,P550,Heuman von Efringen,"47.555,7.590",1455,end
4834,P551,Hanns Kelwertz,"47.555,7.590",1455,present
4835,P552,Hanns Sweblis,"47.555,7.590",1455,present
4836,P552,Hanns Sweblis,"47.555,7.590",1455,present
4837,P553,Lachatt Conrat Slebitzer,"47.555,7.590",1455,present
4838,P554,Claus Diebolt,"47.555,7.590",1455,present
4839,P555,Claus Armbruster,"47.555,7.590",1450,start
4840,P556,Bartholome Gunterfeyer,"47.555,7.590",1468,start
4841,P556,Barthlome Gunterfeiger,"47.555,7.590",1469,end
4842,P556,Barthlome Ginterfeiger,"47.555,7.590",1471,end
4843,P557,Herenz Morschling von Spyr,"47.555,7.590",1471,start
4844,P558,Magdalena,"47.555,7.590",1471,start
4845,P559,Allerio Hechniger,"47.555,7.590",1471,present
4846,P559,Allerio Hechinger,"47.555,7.590",1471,present
4847,P559,Allerio Hechniger,"47.555,7.590",1472,present
4848,P559,Allerio Hechinger,"47.555,7.590",1472,present
4849,P560,Ennelin,"47.555,7.590",1472,present
4850,P561,Margret von Basel,"47.555,7.590",1463,end
4851,P562,Hanns Erharten,"47.555,7.590",1458,start
4852,P562,Hanns Erharten,"47.555,7.590",1458,start
4853,P562,Hanns Erhart,"47.555,7.590",1463,start
4854,P562,Johanns Erharten,"47.555,7.590",1463,start
4855,P562,Hanns Erhart,"47.555,7.590",1463,end
4856,P563,Ulrich thüring,"47.555,7.590",1465,end
4857,P564,Hanns fridlin Halprum,"47.555,7.590",1465,end
4858,P565,Hanns Rempfen,"47.555,7.590",1463,present
4859,P565,Hanns Kempffen,"47.555,7.590",1465,start
4860,P566,Eilsme,"47.555,7.590",1465,start
4861,P567,Heinrichen rieher,"47.555,7.590",1460,start
4862,P567,Heinrich Rieher,"47.555,7.590",1460,end
4863,P567,Heinrichen Rieher,"47.555,7.590",1465,start
4864,P567,Heinrich Rieher,"47.555,7.590",1470,end
4865,P567,Heinrich Rieher,"47.555,7.590",1470,start
4866,P567,Heinrich Rieher,"47.555,7.590",1473,end
4867,P567,Heinrich Rieherrn,"47.555,7.590",1475,start
4868,P568,Ennelin,"47.555,7.590",1473,end
4869,P569,Hanns Flachen,"47.555,7.590",1473,start
4870,P570,Berbelin,"47.555,7.590",1473,start
4871,P571,Conrat Gürtler,"47.555,7.590",1464,end
4872,P572,Johann Jungerman,"47.555,7.590",1464,start
4873,P573,Andres Valkner,"47.555,7.590",1452,start
4874,P573,Andres Valkner,"47.555,7.590",1452,start
4875,P573,Andres Valkners,"47.555,7.590",1455,present
4876,P574,Hansen Harsten,"47.555,7.590",1452,present
4877,P574,Hansen Harsten,"47.555,7.590",1452,present
4878,P574,Hans hartheng,"47.555,7.590",1455,start
4879,P574,Hans Harthenni,"47.555,7.590",1455,start
4880,P574,Hans harthenni,"47.555,7.590",1455,start
4881,P575,Burck Strönlin,"47.555,7.590",1455,end
4882,P576,Agnes,"47.555,7.590",1455,end
4883,P577,Hanns Widerspach,"47.555,7.590",1455,start
4884,P577,Hanns Widerspachs,"47.555,7.590",1455,present
4885,P578,Gredlin,"47.555,7.590",1455,start
4886,P579,Heinrich Steinhower,"47.555,7.590",1458,end
4887,P579,Heinrich Steinhower,"47.555,7.590",1458,end
4888,P579,Heinrich Steinhower,"47.555,7.590",1458,end
4889,P580,Barbara,"47.555,7.590",1458,end
4890,P581,Hanns Ortlin,"47.555,7.590",1458,start
4891,P581,Hanns Frtlin,"47.555,7.590",1458,start
4892,P581,Hanns Ertlin,"47.555,7.590",1458,start
4893,P582,Hanns Körklin,"47.555,7.590",1459,end
4894,P583,Josen Hüglin,"47.555,7.590",1459,start
4895,P583,Josen Hüglin,"47.555,7.590",1463,start
4896,P584,Heinrich Büler,"47.555,7.590",1462,end
4897,P585,Hans Flachen,"47.555,7.590",1462,start
4898,P585,Hans Flach,"47.555,7.590",1462,start
4899,P585,Hans Flach,"47.555,7.590",1462,start
4900,P585,Hans Flachen,"47.555,7.590",1465,end
4901,P585,Hanns Flach,"47.555,7.590",1465,end
4902,P586,Barbelin,"47.555,7.590",1462,start
4903,P587,Thoman Griessinger,"47.555,7.590",1450,start
4904,P588,Claus Schumacher,"47.555,7.590",1472,start
4905,P588,Niclaus Holtschumacher,"47.555,7.590",1472,end
4906,P589,Elsin,"47.555,7.590",1472,start
4907,P590,Conrad Steineckhers,"47.555,7.590",1459,present
4908,P591,Wygand von Voldt,"47.555,7.590",1459,present
4909,P592,Johannsen von Flachslanden,"47.555,7.590",1460,start
4910,P592,Johanns von Flachsland,"47.555,7.590",1463,end
4911,P593,Susannlin tribogkin,"47.555,7.590",1463,end
4912,P594,Bernhart Sürlin,"47.555,7.590",1463,start
4913,P595,Hans Begk,"47.555,7.590",1467,start
4914,P596,Heinrich Bondorffs,"47.555,7.590",1466,present
4915,P597,Heyni Wechters,"47.555,7.590",1466,present
4916,P598,Heinrich Synner,"47.555,7.590",1458,start
4917,P598,Heinrich Siner,"47.555,7.590",1461,start
4918,P598,Heinrich Synner,"47.555,7.590",1461,present
4919,P598,Heinrich Sinner,"47.555,7.590",1461,start
4920,P598,Heinrichen Sinner,"47.555,7.590",1465,start
4921,P598,Heinrich Synner,"47.555,7.590",1469,start
4922,P599,Hanns Heiltprum,"47.555,7.590",1469,present
4923,P599,Hanns Heiltprunn,"47.555,7.590",1469,present
4924,P599,Hanns Heiltprum,"47.555,7.590",1471,present
4925,P600,Heng frins,"47.555,7.590",1463,end
4926,P601,Jost seim,"47.555,7.590",1463,end
4927,P602,Ennelin,"47.555,7.590",1463,end
4928,P603,Hanss Wick,"47.555,7.590",1463,start
4929,P603,Hans Wick,"47.555,7.590",1463,end
4930,P604,Nese,"47.555,7.590",1463,start
4931,P605,Lienhart Drumans,"47.555,7.590",1463,present
4932,P606,Hanns von Arins,"47.555,7.590",1457,start
4933,P606,Hannsen von Ars,"47.555,7.590",1459,start
4934,P606,Hannsen von Arz,"47.555,7.590",1463,present
4935,P606,Hannsen von Ara,"47.555,7.590",1463,present
4936,P607,Burkart Giger,"47.555,7.590",1457,end
4937,P607,Burckart Giger,"47.555,7.590",1457,end
4938,P608,Ullin Klenbrecht,"47.555,7.590",1457,start
4939,P608,Ullin Klembrecht,"47.555,7.590",1457,start
4940,P609,Andresen Wiler,"47.555,7.590",1452,end
4941,P609,Andres Wiler,"47.555,7.590",1456,end
4942,P609,Andres Wiler,"47.555,7.590",1459,end
4943,P609,Andres Wiler,"47.555,7.590",1459,end
4944,P610,Heinrich Zegler,"47.555,7.590",1456,start
4945,P610,Heinrich Ziegler,"47.555,7.590",1456,present
4946,P611,Ennelin,"47.555,7.590",1456,start
4947,P612,Hanns Zschach,"47.555,7.590",1460,end
4948,P613,Ennelin,"47.555,7.590",1460,end
4949,P614,Zybollen,"47.555,7.590",1462,present
4950,P615,Bernhart von Ratperg,"47.555,7.590",1458,end
4951,P615,Bernhart von Ratperg,"47.555,7.590",1462,end
4952,P615,Bernhart von Ratperg,"47.555,7.590",1462,end
4953,P616,Heinrich Jsenlin,"47.555,7.590",1459,start
4954,P616,Heinrich Jsenlin,"47.555,7.590",1462,start
4955,P616,Heinrich Jselin,"47.555,7.590",1462,present
4956,P616,heinrich Jsenlin,"47.555,7.590",1462,start
4957,P616,Heinrich Ysenlin,"47.555,7.590",1467,present
4958,P616,Heinrich Jsenlins,"47.555,7.590",1467,present
4959,P617,Lienhart David,"47.555,7.590",1456,end
4960,P618,Rudolf Bersysen,"47.555,7.590",1456,start
4961,P619,Ennelin Zschegkaburlin,"47.555,7.590",1453,end
4962,P619,Ennelin Tschekabürlin,"47.555,7.590",1455,end
4963,P619,Ennelin Tschekabürlin,"47.555,7.590",1455,end
4964,P619,Ennelin Tschekabürlin,"47.555,7.590",1455,end
4965,P620,Erhard Conrade,"47.555,7.590",1453,end
4966,P621,Hen Rüdin,"47.555,7.590",1450,start
4967,P622,Burkh Kauffstengel,"47.555,7.590",1465,end
4968,P623,Conrat Landower,"47.555,7.590",1465,start
4969,P624,Ennelin,"47.555,7.590",1465,start
4970,P625,Agnes,"47.555,7.590",1471,start
4971,P626,Lienhart Grieben,"47.555,7.590",1471,present
4972,P626,Lienhart Frieb,"47.555,7.590",1471,end
4973,P626,Lienhart Grieben,"47.555,7.590",1471,present
4974,P626,Lienhardt Grieb,"47.555,7.590",1474,end
4975,P626,Lienhart Grieb,"47.555,7.590",1474,end
4976,P627,Lienhart,"47.555,7.590",1471,end
4977,P628,Hanns Zschanen,"47.555,7.590",1463,present
4978,P628,Hans Zschan,"47.555,7.590",1464,present
4979,P629,Ennelin,"47.555,7.590",1464,present
4980,P630,Hanns Tragant,"47.555,7.590",1474,end
4981,P631,Margreten,"47.555,7.590",1474,end
4982,P632,Hanns zem Gleyen,"47.555,7.590",1474,start
4983,P633,Rudi Huswirt,"47.555,7.590",1462,end
4984,P633,Rudi Huswirtin,"47.555,7.590",1462,start
4985,P634,Greden,"47.555,7.590",1452,start
4986,P635,Dietschin Hofman,"47.555,7.590",1450,start
4987,P636,Arnoltz von Rätperg,"47.555,7.590",1450,present
4988,P637,Keysers,"47.555,7.590",1450,present
4989,P638,Angnesen Glasserin,"47.555,7.590",1450,end
4990,P639,Hugen zem Kolben,"47.555,7.590",1450,end
4991,P640,Henman zem Wind,"47.555,7.590",1450,start
4992,P641,Burkart Segesser,"47.555,7.590",1464,end
4993,P641,Burkarten Segesser,"47.555,7.590",1465,present
4994,P641,Burkart Segesser,"47.555,7.590",1466,end
4995,P642,Conrat Hugkermans,"47.555,7.590",1465,present
4996,P643,Grabin,"47.555,7.590",1465,present
4997,P644,Bride Offenburgin,"47.555,7.590",1463,end
4998,P645,Conrat von Louffen,"47.555,7.590",1463,end
4999,P646,Bernhart Schilling,"47.555,7.590",1463,start
5000,P647,Agnesen,"47.555,7.590",1463,start
5001,P648,Lienh Grieb,"47.555,7.590",1463,end
5002,P648,Lienh Grieben,"47.555,7.590",1463,end
5003,P649,Thiebolden Rinower,"47.555,7.590",1463,start
5004,P650,Ennelin friessin,"47.555,7.590",1463,start
5005,P651,Hannsen Langenberg,"47.555,7.590",1457,present
5006,P651,Hannsen Langenberg,"47.555,7.590",1457,present
5007,P651,Hannsen Langenbergs,"47.555,7.590",1461,present
5008,P651,Hanns Zangenberg,"47.555,7.590",1462,end
5009,P651,Hannsen Langenberg,"47.555,7.590",1462,present
5010,P651,Hanns Gilgenberg,"47.555,7.590",1465,start
5011,P652,Heinrichen erzberg,"47.555,7.590",1462,start
5012,P653,hüglins Kind,"47.555,7.590",1459,present
5013,P653,Hüglins Kind,"47.555,7.590",1459,present
5014,P654,Guon,"47.555,7.590",1459,present
5015,P655,Hannsen Lymerman,"47.555,7.590",1455,start
5016,P655,Hanns Zymermann,"47.555,7.590",1458,end
5017,P655,Hanns Lymerman,"47.555,7.590",1460,start
5018,P655,Hannsen Lymerman,"47.555,7.590",1463,start
5019,P655,Hanns Zymerman,"47.555,7.590",1468,end
5020,P656,Hanns Sanwald,"47.555,7.590",1450,end
5021,P657,Ennelin,"47.555,7.590",1450,end
5022,P658,Hannsen Steinenbrum,"47.555,7.590",1450,start
5023,P658,Hannsen Steinenbrun,"47.555,7.590",1450,present
5024,P658,Hansen Steinbrunn,"47.555,7.590",1450,present
5025,P659,Conrat Schleurtzer,"47.555,7.590",1450,start
5026,P659,Conrat Schlewitzer,"47.555,7.590",1452,start
5027,P659,Conrat Slewirzer,"47.555,7.590",1456,start
5028,P659,Conrat Schlewitzer,"47.555,7.590",1460,end
5029,P659,Cunrat Slewitzers,"47.555,7.590",1461,end
5030,P659,Cunrad Schlewitzer,"47.555,7.590",1465,end
5031,P659,Conrat Sewitzer,"47.555,7.590",1466,start
5032,P659,Conrat Slewitzer,"47.555,7.590",1467,present
5033,P659,Conrat Schlewitzer,"47.555,7.590",1468,end
5034,P660,Margret,"47.555,7.590",1471,present
5035,P661,Zschan von Metz,"47.555,7.590",1463,end
5036,P662,Gred,"47.555,7.590",1463,end
5037,P663,Michel Jsenlin,"47.555,7.590",1463,start
5038,P664,Gred,"47.555,7.590",1463,end
5039,P665,Hanns Schöwetter,"47.555,7.590",1469,end
5040,P665,Hanns Schonwetter,"47.555,7.590",1469,end
5041,P665,Hanns Schönwetter,"47.555,7.590",1474,end
5042,P666,Agnes Grung,"47.555,7.590",1469,start
5043,P666,Agnes Grune,"47.555,7.590",1472,end
5044,P667,Eilsin Slifferin,"47.555,7.590",1459,present
5045,P668,Sunnenfro,"47.555,7.590",1459,present
5046,P669,Lienhart Grünenstein,"47.555,7.590",1465,start
5047,P669,Lienhart Grünenstein,"47.555,7.590",1465,end
5048,P669,Lienhart Grünenstein,"47.555,7.590",1470,end
5049,P669,Lienhart Grüenenstein,"47.555,7.590",1470,end
5050,P670,Angnes,"47.555,7.590",1470,end
5051,P671,Conrat,"47.555,7.590",1470,start
5052,P672,Ludwig Haufstengel,"47.555,7.590",1452,start
5053,P673,Agnes,"47.555,7.590",1452,start
5054,P674,Claus Sprenger,"47.555,7.590",1474,end
5055,P674,Claus Sprenger,"47.555,7.590",1474,end
5056,P674,Claus Sprenger,"47.555,7.590",1474,end
5057,P675,Peter Renhart,"47.555,7.590",1474,start
5058,P675,Peter Renhart,"47.555,7.590",1474,start
5059,P675,Peter Reinhart,"47.555,7.590",1474,start
5060,P676,Elsin,"47.555,7.590",1474,start
5061,P677,Peter Hans,"47.555,7.590",1472,end
5062,P677,Peter Hansen,"47.555,7.590",1472,end
5063,P677,Peter Hans,"47.555,7.590",1472,end
5064,P677,Peter Hanns,"47.555,7.590",1474,end
5065,P678,Ursal,"47.555,7.590",1474,end
5066,P679,Ulrich Allerhand,"47.555,7.590",1474,start
5067,P680,Ottilgen,"47.555,7.590",1474,start
5068,P681,Conraten Dolde,"47.555,7.590",1460,start
5069,P682,Kathrinen,"47.555,7.590",1460,start
5070,P683,Heinrich brklin,"47.555,7.590",1472,present
5071,P684,Magdalen,"47.555,7.590",1452,present
5072,P685,Hanns Steinebrun,"47.555,7.590",1469,end
5073,P686,Dietrich Kreps,"47.555,7.590",1469,end
5074,P686,Dieterich Kreps,"47.555,7.590",1474,end
5075,P687,Hanns Vatter,"47.555,7.590",1469,start
5076,P687,Hanns Vatter,"47.555,7.590",1469,end
5077,P687,Hanns Vatters,"47.555,7.590",1474,present
5078,P688,Ennelin,"47.555,7.590",1469,start
5079,P689,Wernlin Brugkers,"47.555,7.590",1463,present
5080,P689,Wernlin Brugkers,"47.555,7.590",1463,present
5081,P690,Bumans,"47.555,7.590",1463,present
5082,P691,Ulrich Sunt,"47.555,7.590",1457,end
5083,P692,,"47.555,7.590",1457,start
5084,P693,Grede,"47.555,7.590",1457,start
5085,P694,Clausen,"47.555,7.590",1454,start
5086,P695,Ennelin,"47.555,7.590",1454,start
5087,P696,Agnesen,"47.555,7.590",1471,present
5088,P697,HeinLich Vogts,"47.555,7.590",1470,present
5089,P698,Ullin Signants,"47.555,7.590",1470,present
5090,P699,Judres Scholer,"47.555,7.590",1461,end
5091,P700,Hannsen Scholer,"47.555,7.590",1461,start
5092,P701,Clausen Scholer,"47.555,7.590",1461,present
5093,P702,Anna,"47.555,7.590",1451,end
5094,P703,Katherinen,"47.555,7.590",1451,start
5095,P704,Peter Mornach,"47.555,7.590",1471,present
5096,P705,Elsin Liebin,"47.555,7.590",1474,end
5097,P706,Berbelin,"47.555,7.590",1474,end
5098,P707,Jacob mors,"47.555,7.590",1474,end
5099,P708,Jacob stek,"47.555,7.590",1474,start
5100,P709,Berbelin,"47.555,7.590",1474,start
5101,P710,Heinrich Schlegel,"47.555,7.590",1465,end
5102,P711,Heinrich meylin,"47.555,7.590",1470,present
5103,P711,Heinrich Meglin,"47.555,7.590",1470,end
5104,P711,Heinrich Meyglin,"47.555,7.590",1470,end
5105,P711,Heinrich Meyglin,"47.555,7.590",1470,end
5106,P711,Heinrich Meyglin,"47.555,7.590",1470,present
5107,P712,Ennelin,"47.555,7.590",1470,present
5108,P713,Hanns Heinrich Grieb,"47.555,7.590",1454,end
5109,P713,Hanns Heinrich Frieb,"47.555,7.590",1455,start
5110,P713,hans Heinrich Grieb,"47.555,7.590",1455,end
5111,P714,Gredelin von Utingen,"47.555,7.590",1455,start
5112,P715,Andres von Ulm,"47.555,7.590",1455,present
5113,P715,Andres von Ulm,"47.555,7.590",1458,end
5114,P715,Andres von Ulm,"47.555,7.590",1458,end
5115,P715,Andresen von Ulm,"47.555,7.590",1463,start
5116,P716,Hanns Clewes,"47.555,7.590",1455,present
5117,P717,Ludwig Silberberg,"47.555,7.590",1469,end
5118,P718,Ennelin Wyssin,"47.555,7.590",1469,end
5119,P719,Claus Korben,"47.555,7.590",1469,start
5120,P720,Margrethen,"47.555,7.590",1469,start
5121,P721,Claus Scholer,"47.555,7.590",1452,present
5122,P722,Caspar sunower,"47.555,7.590",1464,start
5123,P723,Ennelin,"47.555,7.590",1464,start
5124,P724,Jacob Waltenhein,"47.555,7.590",1464,end
5125,P724,Jocob Waltenhein,"47.555,7.590",1464,end
5126,P725,Ennelin,"47.555,7.590",1459,end
5127,P726,Lienhart Serliberg,"47.555,7.590",1459,start
5128,P727,,"47.555,7.590",1459,start
5129,P728,Baltasar seiler,"47.555,7.590",1456,start
5130,P728,Balthasar Seilers,"47.555,7.590",1460,present
5131,P729,Peter Schönkintz,"47.555,7.590",1460,present
5132,P729,Peter Schönkint,"47.555,7.590",1460,present
5133,P729,Peter Schönkintz,"47.555,7.590",1460,present
5134,P729,Peter Schönkint,"47.555,7.590",1460,present
5135,P730,Hanns,"47.555,7.590",1470,end
5136,P731,Adelheit,"47.555,7.590",1470,end
5137,P732,,"47.555,7.590",1470,start
5138,P733,Hanns Crista,"47.555,7.590",1470,end
5139,P733,Hanns Crista,"47.555,7.590",1470,end
5140,P734,Anna,"47.555,7.590",1470,end
5141,P735,Gerdrut Osterrichin,"47.555,7.590",1470,start
5142,P735,Gerdrut Osterrichin,"47.555,7.590",1470,start
5143,P735,Gertrut Osterrichin,"47.555,7.590",1473,end
5144,P735,Gertrut Osterrichin,"47.555,7.590",1473,end
5145,P736,Hanns Lüpolt,"47.555,7.590",1457,end
5146,P737,Else,"47.555,7.590",1457,end
5147,P738,Conrat bucklin,"47.555,7.590",1455,start
5148,P738,Conrat Bechlin,"47.555,7.590",1456,end
5149,P738,Conrat Bechlin,"47.555,7.590",1456,present
5150,P738,Conrat Becklin,"47.555,7.590",1456,end
5151,P738,Conrat Bechlin,"47.555,7.590",1456,end
5152,P738,Conrat Bechlin,"47.555,7.590",1457,start
5153,P739,Dietrich Murer,"47.555,7.590",1463,start
5154,P740,Ennelin von Geltwil,"47.555,7.590",1457,present
5155,P741,Pauli Biedertal,"47.555,7.590",1458,end
5156,P742,Peter Reynbolt,"47.555,7.590",1458,end
5157,P743,Ulrichen Wille,"47.555,7.590",1458,start
5158,P744,Ennelin Grünensteiner,"47.555,7.590",1451,present
5159,P745,Ennelin zem Wind,"47.555,7.590",1450,start
5160,P745,Ennelin zem Windt,"47.555,7.590",1453,present
5161,P745,Ennelin zem Wind,"47.555,7.590",1453,present
5162,P745,Ennelin zem Winde,"47.555,7.590",1455,present
5163,P745,Ennelin zem Winde,"47.555,7.590",1455,end
5164,P746,Michel,"47.555,7.590",1450,start
5165,P747,Heinrich,"47.555,7.590",1463,end
5166,P748,Closa,"47.555,7.590",1463,start
5167,P749,Barbel,"47.555,7.590",1456,start
5168,P750,Gret liebin,"47.555,7.590",1472,end
5169,P751,Ennelin liebin,"47.555,7.590",1472,end
5170,P752,Diepolt Hergen,"47.555,7.590",1472,end
5171,P753,Matheus Henderlin,"47.555,7.590",1472,end
5172,P754,Hanns Sächsen,"47.555,7.590",1472,start
5173,P755,Heinrich Huberschmids,"47.555,7.590",1472,present
5174,P756,Hansen Silberberg,"47.555,7.590",1472,present
5175,P757,Hansen Grünensteins,"47.555,7.590",1465,end
5176,P758,Hanns Galler,"47.555,7.590",1456,end
5177,P759,Barthlome Homburger,"47.555,7.590",1456,start
5178,P760,Heinrichen Spitzen,"47.555,7.590",1458,present
5179,P761,Conrat Stehelins,"47.555,7.590",1464,present
5180,P761,Conrat Stehelin,"47.555,7.590",1464,present
5181,P761,Conrat Steheline,"47.555,7.590",1464,present
5182,P762,Andressen Schmit,"47.555,7.590",1473,end
5183,P763,Hannsen Wingklern,"47.555,7.590",1472,start
5184,P763,Hans Winklern,"47.555,7.590",1473,start
5185,P763,Hannsen Winklern,"47.555,7.590",1473,start
5186,P763,Hannsen Wincklern,"47.555,7.590",1473,start
5187,P763,Hanns Winkler,"47.555,7.590",1474,end
5188,P764,Lienhart Ziegler,"47.555,7.590",1461,start
5189,P765,Heinrich,"47.555,7.590",1461,start
5190,P766,Wilmm Müge,"47.555,7.590",1455,start
5191,P767,Ennelin,"47.555,7.590",1455,start
5192,P768,Hannsen Weissen,"47.555,7.590",1461,start
5193,P768,Hanns Weiss,"47.555,7.590",1461,end
5194,P769,Caspar von Spyr,"47.555,7.590",1474,end
5195,P769,Caspar von Spyr,"47.555,7.590",1474,end
5196,P769,Caspar von Spyr,"47.555,7.590",1474,end
5197,P770,Hannsen von Spyr,"47.555,7.590",1474,end
5198,P770,Hanns von Spyr,"47.555,7.590",1474,end
5199,P770,Hannsen von Speyr,"47.555,7.590",1474,end
5200,P771,Claus Bollen,"47.555,7.590",1474,start
5201,P771,Claus Bollen,"47.555,7.590",1474,start
5202,P771,Claus Bollen,"47.555,7.590",1474,start
5203,P771,Claus bollen,"47.555,7.590",1474,start
5204,P771,Claus hollen,"47.555,7.590",1474,start
5205,P772,Kathrina,"47.555,7.590",1474,start
5206,P773,Bernh Sürlin,"47.555,7.590",1461,start
5207,P773,Bernh Sürlins,"47.555,7.590",1461,present
5208,P774,Bernhart Sevogel,"47.555,7.590",1456,end
5209,P775,Waltpurg,"47.555,7.590",1456,start
5210,P776,Heinrich Roggenburgs,"47.555,7.590",1456,start
5211,P776,Heinrich Roggenburg,"47.555,7.590",1456,start
5212,P777,Bernh Sevogel,"47.555,7.590",1456,end
5213,P778,Ennelin von Eptingen,"47.555,7.590",1456,end
5214,P779,Waltpurgen,"47.555,7.590",1456,start
5215,P780,Waltzürg Roggenburgin,"47.555,7.590",1456,start
5216,P781,Ursulen,"47.555,7.590",1456,start
5217,P782,Hanns Gilgenberg,"47.555,7.590",1451,present
5218,P782,Hannsen Gilgenberg,"47.555,7.590",1451,start
5219,P782,Hanns Gilgenberg,"47.555,7.590",1451,end
5220,P783,Magdalene,"47.555,7.590",1451,present
5221,P784,Barbelen,"47.555,7.590",1466,present
5222,P785,Hanns Wilhelin,"47.555,7.590",1454,end
5223,P786,Elsin Grölin,"47.555,7.590",1454,start
5224,P787,Hanns Löwen,"47.555,7.590",1459,start
5225,P788,Greden,"47.555,7.590",1459,start
5226,P789,Heinrich Wyss,"47.555,7.590",1451,end
5227,P789,heinrich Wisse,"47.555,7.590",1454,end
5228,P789,heinrich wisse,"47.555,7.590",1454,end
5229,P789,heinrich Wisse,"47.555,7.590",1454,end
5230,P789,Heinrich Wysse,"47.555,7.590",1456,end
5231,P789,Heinrich Wisse,"47.555,7.590",1458,end
5232,P789,Heinrich Wyssen,"47.555,7.590",1458,present
5233,P789,Heinrich Wisse,"47.555,7.590",1458,end
5234,P790,Jergen zer Sunnen,"47.555,7.590",1454,start
5235,P790,Jergen zer Sunnen,"47.555,7.590",1456,start
5236,P790,Jerg zer Sunnen,"47.555,7.590",1457,end
5237,P790,Jergen zer Sunnen,"47.555,7.590",1457,present
5238,P790,Jerg zer Sunnen,"47.555,7.590",1460,end
5239,P791,Barbara,"47.555,7.590",1456,start
5240,P792,,"47.555,7.590",1453,start
5241,P793,Hanns von Lietrigen,"47.555,7.590",1474,end
5242,P794,Heinrich von Brunn,"47.555,7.590",1474,start
5243,P794,Heinrich von Brun,"47.555,7.590",1474,start
5244,P795,Peter Byschoffs,"47.555,7.590",1474,present
5245,P796,Hanns Keller,"47.555,7.590",1463,end
5246,P796,Hannsen Keller,"47.555,7.590",1466,start
5247,P796,Hanns Kellern,"47.555,7.590",1469,start
5248,P796,Hanns Keller,"47.555,7.590",1474,present
5249,P797,Herman Schülers,"47.555,7.590",1473,present
5250,P798,Glatzman,"47.555,7.590",1473,present
5251,P799,Dorothea Sigristin,"47.555,7.590",1471,end
5252,P800,Lienhart Strol,"47.555,7.590",1471,start
5253,P801,Ennelin,"47.555,7.590",1471,start
5254,P802,Joss mansmit,"47.555,7.590",1475,start
5255,P803,Ennelin,"47.555,7.590",1475,start
5256,P804,Hanns Frini,"47.555,7.590",1452,end
5257,P804,Hanns Jrini,"47.555,7.590",1452,end
5258,P804,Hanns Frine,"47.555,7.590",1455,end
5259,P804,Hanns Trine,"47.555,7.590",1456,end
5260,P805,Margareth,"47.555,7.590",1452,end
5261,P806,Peter Schwab,"47.555,7.590",1452,start
5262,P807,Ursulen,"47.555,7.590",1452,start
5263,P808,Ennelin von Sennhein,"47.555,7.590",1454,end
5264,P809,Elsin studlinen,"47.555,7.590",1454,start
5265,P810,Ennelin Schynnog,"47.555,7.590",1461,present
5266,P811,Erhart Ennelin,"47.555,7.590",1461,present
5267,P812,Angnesen,"47.555,7.590",1461,present
5268,P813,Hansen von Mürgs,"47.555,7.590",1461,present
5269,P814,Martin Küblers,"47.555,7.590",1461,present
5270,P815,Heyni Gretzingers,"47.555,7.590",1461,present
5271,P816,Arbogast Sydenman,"47.555,7.590",1456,present
5272,P816,Arbogast Sydenman,"47.555,7.590",1456,end
5273,P816,Arbogasst Sydenmannt,"47.555,7.590",1461,end
5274,P816,Arbogasten Sydenman,"47.555,7.590",1462,present
5275,P816,Arbogasten Sidenman,"47.555,7.590",1465,start
5276,P816,Arbegasten Sydemans,"47.555,7.590",1465,present
5277,P817,Michel Vischer,"47.555,7.590",1457,start
5278,P817,Michel Vischer,"47.555,7.590",1458,end
5279,P818,Utlin,"47.555,7.590",1457,start
5280,P819,Burkhart Rudin,"47.555,7.590",1472,end
5281,P820,Niclaus rochfass,"47.555,7.590",1472,start
5282,P820,Claus Rochfass,"47.555,7.590",1473,end
5283,P821,Ennelin,"47.555,7.590",1452,end
5284,P822,Kempfen,"47.555,7.590",1463,present
5285,P823,Wittichen,"47.555,7.590",1463,present
5286,P824,Heinrich Stempfer,"47.555,7.590",1455,present
5287,P824,Heinrich Stempffer,"47.555,7.590",1455,end
5288,P824,Heinrich Stempfer,"47.555,7.590",1456,end
5289,P825,Verena,"47.555,7.590",1456,end
5290,P826,Bürck möschelin,"47.555,7.590",1464,end
5291,P827,Heinrich von Kezingen,"47.555,7.590",1464,start
5292,P828,Verene Möschlin,"47.555,7.590",1464,start
5293,P829,Hanns Spengler,"47.555,7.590",1451,start
5294,P829,Hanns Spengler,"47.555,7.590",1455,present
5295,P829,Hanns Spengler,"47.555,7.590",1455,end
5296,P830,Ratherinen capell,"47.555,7.590",1456,end
5297,P831,Clewi von Herthein,"47.555,7.590",1456,start
5298,P831,Clewi von Herthein,"47.555,7.590",1456,start
5299,P832,Ursulen,"47.555,7.590",1456,start
5300,P833,pfrunde Hus,"47.555,7.590",1456,present
5301,P834,Rüdi schilling,"47.555,7.590",1456,present
5302,P835,Elsen,"47.555,7.590",1452,start
5303,P836,Lienhart pfint,"47.555,7.590",1472,end
5304,P837,Urselin Pfrunt,"47.555,7.590",1472,end
5305,P838,Clowin schmid,"47.555,7.590",1472,end
5306,P839,Bechtolt Werber,"47.555,7.590",1472,start
5307,P840,Hanns Reinhinweg,"47.555,7.590",1458,end
5308,P841,Henn schnider,"47.555,7.590",1458,end
5309,P842,Anna,"47.555,7.590",1458,end
5310,P843,Grede stempferin,"47.555,7.590",1458,start
5311,P844,Jacob Siner,"47.555,7.590",1458,start
5312,P845,Penthelin Löwenberg,"47.555,7.590",1464,start
5313,P846,Adelheiten,"47.555,7.590",1464,start
5314,P847,Conrado Schaler,"47.555,7.590",1461,start
5315,P848,Grede,"47.555,7.590",1460,end
5316,P849,Peter Diet,"47.555,7.590",1460,start
5317,P850,Conratt Dappler,"47.555,7.590",1451,start
5318,P851,Stephan Billings,"47.555,7.590",1451,end
5319,P852,Burkhart Syfrid,"47.555,7.590",1471,start
5320,P852,Burkhart Syfriden,"47.555,7.590",1471,start
5321,P852,Burkhart Syfrid,"47.555,7.590",1475,end
5322,P852,Burkart Syfrid,"47.555,7.590",1475,end
5323,P852,Burkhart Syfrid,"47.555,7.590",1475,end
5324,P853,Elsin,"47.555,7.590",1475,end
5325,P854,Clausen Klein,"47.555,7.590",1475,start
5326,P855,Elsin,"47.555,7.590",1475,start
5327,P856,Johannes Closterman,"47.555,7.590",1457,start
5328,P856,Johannes Clostermann,"47.555,7.590",1462,end
5329,P856,Johannes Clostermann,"47.555,7.590",1462,end
5330,P857,Ennelin,"47.555,7.590",1462,end
5331,P858,Heinrich Meyglin,"47.555,7.590",1461,start
5332,P858,Heinrich Meylin,"47.555,7.590",1462,end
5333,P858,Heinrich Meylin,"47.555,7.590",1462,end
5334,P859,Ennelin,"47.555,7.590",1462,start
5335,P860,Hans Kempff,"47.555,7.590",1450,end
5336,P860,Hanns Kempff,"47.555,7.590",1451,start
5337,P860,Hanns Kempf,"47.555,7.590",1451,start
5338,P860,Johans Kempf,"47.555,7.590",1452,end
5339,P860,Hanns Kempff,"47.555,7.590",1453,start
5340,P861,Lienhart Meiger,"47.555,7.590",1474,start
5341,P862,Rudolfen Mürer,"47.555,7.590",1458,start
5342,P862,Rudolff Mürer,"47.555,7.590",1459,start
5343,P862,Rudolf Mürer,"47.555,7.590",1461,end
5344,P862,Rudolf Mürer,"47.555,7.590",1461,start
5345,P862,Rudolff murer,"47.555,7.590",1462,start
5346,P863,Hartman,"47.555,7.590",1471,present
5347,P864,Hans Höfflinger,"47.555,7.590",1471,present
5348,P865,Heinrich von Wissenburg,"47.555,7.590",1468,end
5349,P865,Heinrich von Wyssenburg,"47.555,7.590",1471,present
5350,P866,hartmann Arnolt,"47.555,7.590",1471,present
5351,P866,Hartmann Arnolt,"47.555,7.590",1471,present
5352,P866,Hartman Arnolt,"47.555,7.590",1471,present
5353,P866,Hartman Arnolt,"47.555,7.590",1475,present
5354,P867,Claus Giger,"47.555,7.590",1469,start
5355,P867,Claus Giger,"47.555,7.590",1471,end
5356,P868,Drnlin von Jach,"47.555,7.590",1471,end
5357,P869,Sepolt Reningern,"47.555,7.590",1471,start
5358,P870,Ursallin,"47.555,7.590",1471,start
5359,P871,Hennselin rieher,"47.555,7.590",1463,end
5360,P872,Hannsen Münzer,"47.555,7.590",1463,start
5361,P872,Hanns Münszer,"47.555,7.590",1463,start
5362,P873,,"47.555,7.590",1463,end
5363,P874,Claus Rentz,"47.555,7.590",1465,end
5364,P875,Heinrichen Barben,"47.555,7.590",1465,start
5365,P876,Cloren,"47.555,7.590",1465,start
5366,P877,Margret Jsenflammm,"47.555,7.590",1463,end
5367,P878,Hanns Aman,"47.555,7.590",1462,end
5368,P878,Hanns Amman,"47.555,7.590",1463,end
5369,P879,Hannsen,"47.555,7.590",1463,start
5370,P880,Ludwig Weber,"47.555,7.590",1454,present
5371,P881,Belz Kurtzmann,"47.555,7.590",1461,end
5372,P882,,"47.555,7.590",1461,present
5373,P883,Lienhart Silbernagels,"47.555,7.590",1461,present
5374,P884,Ennelin letzpeters,"47.555,7.590",1463,present
5375,P885,Agnes Hoffassin,"47.555,7.590",1464,end
5376,P886,Ennelin,"47.555,7.590",1464,end
5377,P887,Heinrichen Gämlin,"47.555,7.590",1464,end
5378,P888,Agnesen,"47.555,7.590",1464,start
5379,P889,Ludwigen Hass,"47.555,7.590",1452,start
5380,P889,Ludwig Hass,"47.555,7.590",1454,end
5381,P890,Brygda,"47.555,7.590",1454,end
5382,P891,Wernlin Dürren,"47.555,7.590",1454,start
5383,P892,Baldrich,"47.555,7.590",1454,start
5384,P893,Andres Merchlis,"47.555,7.590",1454,present
5385,P894,Adelheid,"47.555,7.590",1454,present
5386,P895,Magdalenen,"47.555,7.590",1451,start
5387,P896,Steffan Soders,"47.555,7.590",1451,present
5388,P896,Steffan Soder,"47.555,7.590",1451,end
5389,P896,Steffan Soder,"47.555,7.590",1452,start
5390,P897,fren,"47.555,7.590",1458,end
5391,P898,Burckart Müge,"47.555,7.590",1456,start
5392,P898,Burckarten Mügen,"47.555,7.590",1458,start
5393,P899,Suselin,"47.555,7.590",1458,start
5394,P900,Hugly Bertschy,"47.555,7.590",1474,end
5395,P901,Agnes,"47.555,7.590",1474,end
5396,P902,Hans Malterer,"47.555,7.590",1473,end
5397,P902,Hanns Malterer,"47.555,7.590",1474,start
5398,P903,Hanns Roten,"47.555,7.590",1474,start
5399,P903,Hanns Otten,"47.555,7.590",1474,present
5400,P904,Ursal,"47.555,7.590",1474,start
5401,P905,Heinrich Murer,"47.555,7.590",1460,end
5402,P905,Heinrich Murer,"47.555,7.590",1460,end
5403,P905,Heinrich Murer,"47.555,7.590",1460,start
5404,P906,Adelheit,"47.555,7.590",1460,end
5405,P907,Adelheiten,"47.555,7.590",1460,start
5406,P908,Hanns Bratteler,"47.555,7.590",1461,end
5407,P908,Hannsen bratteler,"47.555,7.590",1461,present
5408,P909,Agnese scholerin,"47.555,7.590",1461,end
5409,P909,Agnes Scholerin,"47.555,7.590",1461,present
5410,P909,Angnes Schronerin,"47.555,7.590",1462,end
5411,P910,Heinrich Hunenberg,"47.555,7.590",1473,end
5412,P910,Heinrich Hunenberg,"47.555,7.590",1475,end
5413,P911,Anastasia,"47.555,7.590",1475,end
5414,P912,Elsin Vermannin,"47.555,7.590",1475,start
5415,P913,Heinrich Rumer,"47.555,7.590",1453,start
5416,P913,Heinrich Sumer,"47.555,7.590",1458,start
5417,P913,Heinrichen Sumer,"47.555,7.590",1459,present
5418,P913,Heinrich sumer,"47.555,7.590",1464,start
5419,P914,Cnszmans,"47.555,7.590",1464,present
5420,P915,Eilse Hartmanne,"47.555,7.590",1456,end
5421,P916,Peter Heppi,"47.555,7.590",1456,start
5422,P917,Grete,"47.555,7.590",1456,start
5423,P918,Elsin,"47.555,7.590",1472,end
5424,P919,Hans Pfloderer,"47.555,7.590",1468,start
5425,P920,Heinrich Köslin,"47.555,7.590",1452,present
5426,P921,Clewin Höslin,"47.555,7.590",1452,present
5427,P921,Clewin Hösslin,"47.555,7.590",1452,start
5428,P921,Clewin Hösslin,"47.555,7.590",1452,end
5429,P922,Joh Furbach,"47.555,7.590",1465,end
5430,P923,Peter Binder,"47.555,7.590",1465,start
5431,P924,Rudolf Grafen,"47.555,7.590",1471,present
5432,P925,Margrethen,"47.555,7.590",1471,present
5433,P926,Elsin,"47.555,7.590",1463,start
5434,P927,Jost Engel,"47.555,7.590",1463,end
5435,P927,Jost Engel,"47.555,7.590",1463,end
5436,P927,Jost Engel,"47.555,7.590",1463,end
5437,P928,Ursulen,"47.555,7.590",1463,end
5438,P929,Elsin Kufferin,"47.555,7.590",1472,end
5439,P930,Elsy,"47.555,7.590",1472,end
5440,P931,Hannsen von Ulm,"47.555,7.590",1472,start
5441,P932,Kathrinen,"47.555,7.590",1472,start
5442,P933,Johannss Schönweller,"47.555,7.590",1456,start
5443,P933,Johannes Schönwetter,"47.555,7.590",1457,start
5444,P933,Johannes Schönwetter,"47.555,7.590",1457,start
5445,P933,Johanns Schonwetter,"47.555,7.590",1458,start
5446,P933,Johann Schonwetter,"47.555,7.590",1459,start
5447,P933,Hanns schenwetter,"47.555,7.590",1459,start
5448,P933,Johanns Schonwetter,"47.555,7.590",1462,end
5449,P934,Ursula Petern,"47.555,7.590",1462,end
5450,P935,Gredline,"47.555,7.590",1462,start
5451,P936,Claus Weber,"47.555,7.590",1469,end
5452,P937,Heinrich Pfennigman,"47.555,7.590",1469,start
5453,P938,Elsin,"47.555,7.590",1469,start
5454,P939,Lienhart Serliberg,"47.555,7.590",1466,end
5455,P940,Conrat Bitterman,"47.555,7.590",1466,end
5456,P941,Hanns Schlierbach,"47.555,7.590",1471,end
5457,P941,Hannsen Schlierbach,"47.555,7.590",1471,present
5458,P941,Hanns Schlierbach,"47.555,7.590",1471,end
5459,P941,Hanns Schlierbach,"47.555,7.590",1474,end
5460,P941,Hanns Slierbach,"47.555,7.590",1474,end
5461,P941,Hanns Slierbach,"47.555,7.590",1474,end
5462,P941,Hanns Slierbach,"47.555,7.590",1474,present
5463,P942,Elsin,"47.555,7.590",1471,start
5464,P943,Claus Gottschalk,"47.555,7.590",1470,end
5465,P943,Claus Gotschalk,"47.555,7.590",1472,end
5466,P944,Claus Rieherrn,"47.555,7.590",1472,start
5467,P944,Claus Rieher,"47.555,7.590",1472,start
5468,P945,Ennelin,"47.555,7.590",1472,start
5469,P946,Hannsen Renner,"47.555,7.590",1463,present
5470,P946,Hanns Reiner,"47.555,7.590",1463,end
5471,P947,Lienhart Josten,"47.555,7.590",1472,start
5472,P948,Adelheit,"47.555,7.590",1472,start
5473,P949,Ryns,"47.555,7.590",1472,present
5474,P950,Merze,"47.555,7.590",1472,end
5475,P951,Hannsen Zuckysin,"47.555,7.590",1472,start
5476,P952,Elsin,"47.555,7.590",1472,start
5477,P953,Hanns,"47.555,7.590",1457,end
5478,P954,Grede,"47.555,7.590",1457,end
5479,P955,Otteman Ludin,"47.555,7.590",1457,start
5480,P956,Ennelin,"47.555,7.590",1457,start
5481,P957,Heinrich Davids,"47.555,7.590",1457,present
5482,P957,Heinrich Davids,"47.555,7.590",1457,present
5483,P957,Heinrich David,"47.555,7.590",1458,end
5484,P958,Steffan bartschan,"47.555,7.590",1458,start
5485,P959,Magne,"47.555,7.590",1458,present
5486,P960,Clewi Kross,"47.555,7.590",1465,end
5487,P960,Clewi Kross,"47.555,7.590",1465,end
5488,P961,freue vassbinderin,"47.555,7.590",1465,start
5489,P962,Heinrich von Senspach,"47.555,7.590",1475,present
5490,P962,Heinrich von Sempach,"47.555,7.590",1475,end
5491,P963,Ursulen,"47.555,7.590",1453,present
5492,P964,Ennelin Weganden,"47.555,7.590",1460,end
5493,P965,Niclaus,"47.555,7.590",1460,end
5494,P966,Ulrich Gurisen,"47.555,7.590",1460,start
5495,P967,Hanns Ulrich von Nach,"47.555,7.590",1464,start
5496,P967,Hannsulrich von Vach,"47.555,7.590",1466,end
5497,P967,Hans Ulrich von Vach,"47.555,7.590",1466,start
5498,P967,Hans Ulrich von Jach,"47.555,7.590",1466,end
5499,P967,Hans Ulrich von Tach,"47.555,7.590",1466,start
5500,P968,Jacob Rese,"47.555,7.590",1468,end
5501,P969,Hannsen Vesslin,"47.555,7.590",1468,start
5502,P970,Margarethen,"47.555,7.590",1468,start
5503,P971,Elsi Fröschin,"47.555,7.590",1456,end
5504,P972,Clewis von Vislis,"47.555,7.590",1463,present
5505,P973,Gratz von Ehingen,"47.555,7.590",1463,present
5506,P974,Hanns Voltz,"47.555,7.590",1465,start
5507,P975,Peter Dampfrion,"47.555,7.590",1465,end
5508,P975,Peter Dampfrions,"47.555,7.590",1465,end
5509,P976,Lat Landower,"47.555,7.590",1464,end
5510,P977,Claus Sprenger,"47.555,7.590",1463,end
5511,P977,Clausen Sprenger,"47.555,7.590",1464,start
5512,P978,Heinrich Stoker,"47.555,7.590",1469,present
5513,P978,Heinrich Stoker,"47.555,7.590",1469,end
5514,P979,Peter Brollefe,"47.555,7.590",1456,start
5515,P980,Verene,"47.555,7.590",1456,start
5516,P981,Heinrich Gügelin,"47.555,7.590",1455,present
5517,P981,Heinrichen Zuggelin,"47.555,7.590",1455,start
5518,P981,Heinrich Gügellin,"47.555,7.590",1455,present
5519,P982,Heinrich Orz,"47.555,7.590",1472,end
5520,P983,Heinrichen Holl,"47.555,7.590",1472,start
5521,P984,Margret,"47.555,7.590",1472,start
5522,P985,Enelin Tröschin,"47.555,7.590",1452,start
5523,P985,Ennelin Fröschin,"47.555,7.590",1453,end
5524,P986,Spephan Russ,"47.555,7.590",1453,start
5525,P987,Ennelin,"47.555,7.590",1453,start
5526,P988,Ulman Mornach,"47.555,7.590",1455,start
5527,P988,Ulman Mornach,"47.555,7.590",1459,end
5528,P989,Agnes Hannsen Gengenbach,"47.555,7.590",1459,start
5529,P990,Comat Knöringers,"47.555,7.590",1457,present
5530,P991,Conrat von Ohenheims,"47.555,7.590",1457,present
5531,P991,Conratz von ahenheins,"47.555,7.590",1457,present
5532,P992,Heinrich Keller,"47.555,7.590",1452,end
5533,P993,Tschan von Fussen,"47.555,7.590",1452,start
5534,P994,Schmit Henslins,"47.555,7.590",1464,present
5535,P995,Jacob Lampfenbergs,"47.555,7.590",1460,present
5536,P995,Jacob Lampenbergs,"47.555,7.590",1464,present
5537,P996,Else Rocklin,"47.555,7.590",1464,end
5538,P997,Rudolff Herstraß,"47.555,7.590",1460,start
5539,P997,Rudolff Herstraß,"47.555,7.590",1460,present
5540,P997,Rudolff Herstraß,"47.555,7.590",1464,start
5541,P997,Rudolf herstras,"47.555,7.590",1467,present
5542,P998,Josen von Heilprum,"47.555,7.590",1471,start
5543,P999,Ennelin,"47.555,7.590",1462,end
